site	tier	ground_truth	oof	kraken	vote
page-015-L:_e911a272-edbc-4fc9-99d9-636791a19039	both	φάσεις ποσαχῶς Μδ 22. 1022b32, διχῶς, τῷ μὴ ἔχειν, τῷ	φάσεις ποσαχῶς Μδ22. 1022b32, διχῶς, τῷ μὴ ἔχειν, τῷ	φάσεις ποσαχῶς Μδ22. 1022b32, διχῶς, τῷ μὴ ἔχειν, τῷ	
page-015-L:_acaed670-b640-46f1-bd63-9a1357dfe618	both	ἀάζειν θερμόν μβ 8. 367b2. opp φυσᾶν πλδ 7. 964a11. ὁ	ἀάζειν θερμόν μβ8. 367b2. opp φυσᾶν πλδ7. 964a11. ὁ	ἀάζειν θερμόν μβ8. 367b2. opp φυσᾶν πλδ 7. 964a11. ὁ	
page-015-L:_38a27648-3648-4619-8d43-7fc825eeb428	both	ἀβαρές, opp τὸ ἔχον βάρος Οα 8. 277b19. Μγ 2. 1004b14.	ἀβαρές, opp τὸ ἔχον βάρος Οα8. 277b19. Μγ2.1004b14.	ἀβαρές, opp τὸ ἔχον βάρος Οα 8. 277b19. Μγ2. 1004b14.	
page-015-L:_8f1c7a87-6848-43a5-a8ce-3d06cebe73ed	both	Ἀβδηρίτης. Δημόκριτος ὁ Ἀ. Ογ 4. 303a4. μβ 7. 365a19.	Ἀβδηρίτης. Δημόκριτος ὁ Ἀ. Ογ4. 303a4. μβ7. 365a19.	Ἀβδηρίτης. Δημόκριτος ὁ Ἀ. Ογ4. 303a4. μβ7. 365a19.	
page-015-L:_d8b9c31e-22d1-47d9-afc5-c002d964e90c	both	αν 2. 470b28. Ζγβ 6. 742b20. δ 1. 764a7.	αν 2. 470b28. Ζγβ6. 742b20. δ1. 764a7.	αν 2. 470b28. Ζγβ6. 742b20. δ1. 764a7.	
page-015-L:_897c3401-0e49-4217-aa7d-6ab76120ede6	both	ἀβέβαιος φιλία, opp βέβαιος ηεη 2. 1236b9. ἀβέβαιοι Ηι 12.	ἀβέβαιος φιλία, opp βέβαιος ηεη2. 1236b9. ἀβέβαιοι Ηι12.	ἀβέβαιος φιλία, opp βέβαιος ηεη2. 1236b9. ἀβέβαιοι Ηι12.	
page-015-L:_9a0082ff-61a7-4006-82b9-3d85172bf9b9	both	τερίας Bk2) Πε 11. 1315a3. hoc loco et οβ 1352b8 ἀβελ-	τερίας Bk) Πε11. 1315a3. hoc loco et οβ1352b8 ἀβελ-	τερίας Bk3) Πε11. 1315a3. hoc loco et οβ1352b8 ἀβελ	
page-015-L:_0a74d028-f922-4a98-9c8d-a034c3d1e84d	both	ἀβλαβής. act ὅσα ἀβλαβῆ τῶν ἡδέων, χαρὰ ἀβλαβής Πθ 5.	ἀβλαβης. act ὅσα ἀβλαβῆ τῶν ἡδέων, χαρὰ ἀβλαβής Πθ5.	ἀβλαβής. act ὅσα ἀβλαβῆ τῶν ἡδέων, χαρὰ ἀβλαβής Πθ5.	
page-015-L:_4dde6239-438a-4e3d-8655-495247b2a212	both	ι 28. 618a1. Ζμδ 5. 681a5. καρποὶ κατὰ συμβεβηκὸς ἄβρω-	ι28. 618a1. Ζμδ5. 681a5. καρποὶ κατὰ συμβεβηκὸς ἄβρω-	ι 28. 618a1. Ζμδ5. 681a5. καρποὶ κατὰ συμβεβηκὸς ἄβρω-	
page-015-R:_e396b72d-61d8-417e-93a3-0a3fe5e9e980	both	γ12.1282b15. ΜΑ3.983a32 Bz. 7.988b9. β2. 996a24.	γ12. 1282b15. ΜΑ3. 983a32 Bz. 7. 988b9. β2. 996a24.	γ12.1282b15. ΜΑ3. 983a32 Bz. 7. 988b9. β2. 996a24.	
page-015-R:_1c9a5243-699e-4cd6-9cf2-c024f36722e4	both	Ζκ6.700b28. τὸ ἀληθῶς ϗ̀ πρώτως ἀγαθὸν θειότερον ἢ ὥστ'	Ζκ6. 700b28. τὸ ἀληθῶς ϗ̀ πρώτως ἀγαθὸν θειότερον ἢ ὥστ'	Ζκ6. 700b28. τὸ ἀληθῶς ϗ̀ πρώτως ἀγαθὸν θειότερον ἢ ὥστ'	
page-015-R:_9ab1a8e7-5a9a-4d89-8a4c-5e54e6cfe830	both	732a3, 7. cf Ηη9.1151a25. τὸ βέλτιον ἀεὶ ὑπολαμβάνο-	732a3, 7. cf Ηη9. 1151a25. τὸ βέλτιον ἀεὶ ὑπολαμβάνο-	732a3, 7. cf Ηη9. 1151a25. τὸ βέλτιον ἀεὶ ὑπολαμβάνο-	
page-015-R:_7d337532-784f-4936-9836-b25b9e326195	both	νυμον Ηα4. 1096a20, 23. ημα1. 1183a9. β7. 1205a9.	νυμον Ηα4. 1096a20, 23. ημα 1. 1183a9. β7. 1205a9.	νυμον Ηα 4. 1096a20, 23. ημα1. 1183a9. β7. 1205a9.	
page-015-R:_9e5838f4-0b1f-4271-bbbe-3d47ef93955a	both	Πυθαγορείȣς τὸ δεξιὸν ϗ̀ ἄνω ϗ̀ ἔμπροσθεν f195. 1513a24.	Πυθαγορείȣς τὸ δεξιὸν ϗ̀ ἄνω ϗ̀ ἔμπροσθεν f 195. 1513a24.	Πυθαγορείȣς τὸ δεξιὸν ϗ̀ ἄνω ϗ̀ ἔμπροσθεν f 195. 1513a24.	
page-015-R:_c21628c2-bdec-4d93-884b-a74fbe44e832	both	2. species τȣ͂ ἀγαθȣ͂ distinguuntur. τἀγαθὰ τὰ μὲν καθ'	2. αcίeς τȣ͂ ἀγαθȣ͂ distinguuntur. τἀγαθὰ τὰ μὲν καθ.	2. spοcies τȣ͂ ἀγαθȣ͂ distinguuntur. τἀγαθὰ τὰ μὲν καθ'	
page-015-R:_04fa9bda-1d25-4431-9ab4-70d58e7bb94b	both	αὐτά, ἕτερα δὲ διὰ ταῦτα· τὰ μέν ἐστι τέλη, τὰ δ' ȣ̓ τέλη	αὐτά, ἕτερα δὲ διὰ ταῦτα· τὰ μέν ἐστι τέλῃ, τὰ δ' ȣ̓ τέλη	αὐτά, ἕτερα δὲ διὰ ταῦτα· τὰ μέν ἐστι τέλῃ, τὰ δ' ȣ̓ τέλη	
page-015-R:_e50d16a0-580b-464b-bac1-f4b868c41a9d	both	1097b8. Πα2.1253a1. — τὸ πρακτὸν ἀγαθὸν τέλος τῶν	1097b8. Πα2. 1253a1. — τὸ πρακτὸν ἀγαθὸν τέλος τῶν	1097b8. Πα2. 1253a1. — τὸ πρακτὸν ἀγαθὸν τέλος τῶν	
page-015-R:_f929d853-34bf-46f4-bcf6-dc33da96ecb1	both	ϗ̀ πόλει Ηα1. 1094b7. ὁ αὐτὸς βίος ἄριστος ἑκάστῳ ϗ̀ κοινῇ	ϗ̀πόλει Ηα1. 1094b7. ὁ αὐτὸς βίος ἄριτος ἑκάστῳ ϗ̀ κινῇ	ϗ̀πόλει Ηα1. 1094b7. ὁ αὐτὸς βίος ἄριστος ἑκάστῳ ϗ̀ κοινῇ	
page-016-L:_0ce186ae-27d2-43c7-9ed8-bbac4a266821	both	b17. ηεγ1. 1228b18. η2. 1235b31, 1236b26, 1237a27.	b17. ηεγ 1. 1228b18. η2. 1235b31, 1236b26, 1237a27.	b17. ηεγ1. 1228b18. η2. 1235b31, 1236b26, 1237a27,	
page-016-L:_5689875f-7014-4c0f-8d2a-6084ebeee56e	both	1261b9. ἐν περὶ ἕκαστον εἶδος τὸ βέλτιστον ηεδ4.1231b36.	1261b9. ἐν περὶ ἕκαστον εἶδος τὸ βέλτιστον ηεδ4. 1231b36.	1261b9. ἐν περὶ ἕκαστον εἶδος τὸ βέλτιστον ηεδ4. 1231b36.	
page-016-L:_fe8c9b95-77e6-4e2a-8b8a-d0f74564df23	both	β3.1200a13. 6. 1202a30. Ρα5.1360b25. ρ36.1440b16.	β3. 1200a13. 6. 1202a30. Ρα5. 1360b25. ρ36.1440b16.	β3.1200a13. 6. 1202a30. Ρα5. 1360b25. ρ36.1440b16.	
page-016-L:_b0c53820-59da-49d7-82d2-cb8f21eefefa	both	3. synonyma. τῷ ἀγαθῷ ϗ̀ κακῷ ἐν τῷ αὐτῷ γένει	3. sηωα. τῷ ἀγαθῷ ϗ̀ κακῷ ἐν τῷ αὐτῷ γένει	3. synonymα. τῷ ἀγαθῷ ϗ̀ κακῷ ἐν τῷ αὐτῷ γένει	
page-016-L:_1cce678f-588e-49ef-939b-a1cd9488b2bb	both	1013a22. ν4.1091a30, 36). ημβ9. 1207b30. ηεη15.	1013a22. ν 4. 1091a30, 36). ημβ9. 1207b30. ηεη15.	1013a22. ν4. 1091a30, 36). ημβ9. 1207b30. ηεη15.	
page-016-L:_b662cbb7-1b1e-4131-b9a3-8ede6a911be8	both	ηεη2. 1236a13. ημβ11. 1209a17. Αα1. 24a22. 40. 49	ηεη2. 1236a13. ημβ 11. 1209a17. Αα1. 24a 22. 40. 49	ηεη2. 1236a13. ημβ11. 1209a17. Αα1424a22. 40. 49	
page-016-L:_2ab04d1a-c77e-485a-861e-a2452e91dc76	both	χὴς ἀλλ' ἀγαθὸς φαινέσθω φ3. 808a7. — ἀγαθός, syn σπȣ-	χὴς ἀλλ' ἀγαθὸς φαινέσθς φ3. 8087. —ἀγαθίς, stn σπȣ-	χὴς ἀλλ' ἀγαθὸς φαινέσθω φ3. 808a7. — ἀγαθός, syn σπȣ--	
page-016-L:_3d0e6473-d3d9-481c-aab7-ba0ea6f6b59e	both	a7. γνώμη ἀρίστη τί ἐστι Ρα15. 1375a30, b17, 1376a19.	a7. γνώμῃ ἀρίστῃ τί ἐστι Ρα15. 1375a30, b17, 1376a19.	a7. γνώμη ἀρίστῃ τί ἐστι Ρα15. 1375a30, b17, 1376a19.	
page-016-L:_77797914-b776-4bae-a50a-e520944a7531	both	β25.1402b34. ὁ ἀγαθὸς φίλος δι' αὐτόν, εἷς αὐτὸς αὑτῷ,	β25. 1402b34. ὁ ἀγαθὸς φίλος δ' αὐτόν, εἷς αὐτὸς αὑτῷ,	β25. 1402b34. ὁ ἀγαθὸς φίλος δι' αὐτόν, εἷς αὐτὸς αὑτῷ,	
page-016-L:_7224bf77-2dae-4382-9f86-bef5127f4313	both	1302a1. β6.1266a21. γ7.1279a35.11.1281a40. ἐξ ἀγα-	1302a1. β6. 1266a21. γ7. 1279a35.11. 1281a40. ἐξ ἀγα-	1302a1. β6. 1266a21. γ7. 1279a35. 11. 1281a40. ἐξ ἀγα-	
page-016-L:_4b42f845-0f3d-4a22-b7a3-624375d93476	both	θῶν ἀγαθοί Πα6. 1255b2. γ13. 1283a36. Ρα9.1367b30.	θῶν ἀγαθοί Πα6. 1255b2. γ13. 1283a36. Ρα9. 1367b30.	θῶν ἀγαθοί Πα6. 1255b2. γ13. 1283a36. Ρα9. 1367b30.	
page-016-R:_c43c7a3d-3de2-49be-949d-a1352a29bcf7	both	a24. 25. 1461b15.—eius Ἰλίου πέρσις πο18. 1456a18, fort	a24. 25. 1461b15. — eius Πλίου πέρσις πο18. 1456a18, fort	a24. 25. 1461b15. — eius Ἰλίου πέρσις πο18. 1456a18, fort	
page-016-R:_6125bc0c-3d08-48e0-a359-8949b20afea4	both	p 594). ἦρξε τοῦ ᾄδειν ἐμβόλιμα πο18. 1456a30. ὥσπερ	594). ἦρξε τοὖ ᾄδειν ἐμβόλιμα πο18. 1456a30. ὥσπερ	p 594). ἦρξε τοῦ ᾄδειν ἐμβόλιμα πο 18. 1456a30. ὥσπερ	
page-016-R:_ac666bc3-3248-4cce-85e3-aea2e877ca95	both	ναιος f172. 1506b30. versus Homerici afferuntur τι4. 166	ναιος f 172. 1506b30. versus Homerici afferuntur τι4. 166	ναιος f172. 1506b30. versus Homerici alferuntur τι4. 166	
page-016-R:_87418ae9-867e-4769-8333-85beede02799	both	b7 (Β15. v l cf Wolf Prol p CLXVIII). Πγ16. 1287b14	b7 (B15. v l cf Wolf Prol p GlVIII). Πγ16. 1287b14	b7 (B 15. vl cf Wolf Prol p CLXVIII). Πγ16. 1287b14	
page-016-R:_106d17bb-6f79-4ce0-9ab0-527ad2d4d2ca	both	(Β372). Ργ11.1413a32 (Ι388). f144.1502b30 (Γ277).	(Β372). Ργ11. 1413a32 (I388). f 144. 1502b30 (Γ277).	(8372). Ργ11. 1413a32 (I388). f 144. 1502b30(Γ277).	
page-016-R:_4b529cdb-1547-44a1-832e-3691cabf80c5	both	ἐπιτάφιον ἐπὶ Ἀγαμέμνονος f596.1575a29.—Ἀγαμέμνων,	ἐπιτάφιον ἐπὶ Ἀγαμέμνονος f 596. 1575a29. — Ἀγαμέμνων	ἐπιτάφιον ἐπὶ Ἀγαμέμνονος f 596. 1575a29.— Ἀγαμέμνων,	
page-016-R:_c9f32288-981c-46cd-a400-c5967a3b02a6	both	ἀγαπητότατόν ἐστι ϗ̀ μᾶλλον αἱρȣ͂νται Ηι12.1171b29.—	ἀγαπητότατόν ἐστι ϗ̀ μᾶλλον αἱρȣ͂νται Ηι12. 1171b29. —	ἀγαπητότατόν ἐστι ϗ̀ μᾶλλον αἱρȣ͂νται Ηι12.1171b29. —	
page-017-R:_7aa39c6f-3099-47c2-b792-de7b1598921e	both	Ἀγησίλαος. Κινάδωνος ἐπίθεσις Πε7. 1306 35.	Ἀγησίλαος. Κινάδωνος ἐπίθεσις Πε7. 130635.	Ἀγησίλαος. Κινάδωνος ἐπίθεσις Πε7. 130635.	
page-017-R:_1a865f98-f35f-46eb-879f-d5a1bb6b5d0c	both	Ἀγησίπολις ci Muretus Spgl Bk3 coll Xen Hell 4, 7, 2 pro	Ἀγησίπολις ci Mfuretus Spgl Bk coll xen Hell 4, 7, 2 pro	Ἀγησίπολις ci Muretus Spgl Bk3 coll en Hell 4, 7, 2 pro	
page-018-L:_86767736-d086-4bce-8efc-4989cbf90245	both	Ηε 10. 1135a24, 30, 32. ψα5. 410b4. ȣ̓δεὶς ὃ προαιρεῖται	Ηε10. 1135a24, 30, 32. ψα5. 410b4. ȣ̓δεὶς ὃ προαιρεῖται	Ηε10. 1135a24, 30, 32. ψα5. 410b4. ȣ̓δεὶς ὃ προαιρεῖται	
page-018-L:_3df72ece-f94d-4f28-99e8-85a6c20fb2b1	both	ἀγνοȣντες φαίνονται ἀνδρεῖοι εἶναι Ηγ11. 1117a22-28. —	ἀγνοȣ͂ντες φαίνονται ἀνδρεῖοι εἶναι Ηγ11. 1117 a22-28. —	ἀγνοȣντες φαίνονται ἄνδρεῖοι εἶναι Ηγ11. 1117a22-28. —	
page-018-L:_9b5e3005-3862-45cf-8455-5e235a668438	both	τῶν ἀνηκέστων δι’ ἄγνοιαν πο14. 1453b35. τὸ δι’ ἄγνοιαν	τῶν ἀνηκέστων δι ἄγνοιαν πο14. 1453b35. τὸ δι' ἄγνοιαν	τῶν ἀνηκέστων δι’ ἄγνοιαν πο14. 1453b35. τὸ δι᾽ ἄγνοιαν	
page-018-L:_34b7fb77-18e4-4140-9ae4-01c0d9cf1ba3	both	θέμις ἀγνή f 624. 1583a26. ἁγνὲ θεῶν πρέσβισθ’ ἑκατηβόλε	θέμις ἀγνή1624. 1583a26. ἀγνὲ θεῶν πρέσβισθ ἑκατηβόλς	θέμις ἀγνή f 624. 1583a26. ἁγνὲ θεῶν πρέσβισθ' ἑκατηβόλε	
page-018-L:_6216e138-4a9e-4b56-9a8c-338ee679dcaf	both	λοις Πε11. 1313b5. ἀγνῶτες, opp γνώριμοι, συνήθεις, syn	λοις 1ε11. 1313b5. αγνῶτες, opp γνώριμοι, συνήθεις, sn	λοις Πε11. 1313b5. ἀγνῶτες opp γνώριμοιν, συνήθεις, syn	
page-018-R:_b7d7916c-e0de-4b3c-b153-e9ba49df1aca	both	γονται) πια16. 900b15. 34. 903a27. ι37.895a1. — σπέρμα	γονται) πια16. 900b15. 34. 903a27. ι37. 895a1. — σπέρμα	γονται) πια16. 900b15. 34. 903a27. ι37.895a1.— σπέρμα	
page-018-R:_a60fabbf-81ae-4d7b-a51c-52d877c54bca	both	748b7, ὀρεῖς, ἡμίονοι Ζγβ7. 746b14 sqq. 8.747a25 sqq,	748b7, ὀρεῖς, ἡμίονοι Ζγβ7. 746b14 sqq. 8. 747a25 sqq,	748b7, ὀρεῖς, ἡμίονοι Ζγβ7. 746b14 sqq. 8. 747a25 sqq,	
page-018-R:_85a5ac61-39af-4d9d-b1bf-489d323329eb	both	562a22. 21.539a32. ὀρνίθων ϗ̀ ἰχθύων τίνα ᾠὰ ἄγονα	562a22. 21. 539a32. ὀρνίθων ϗ̀ ἰχθύων τίνα ᾠὰ ἄγονα	562a22. 21. 539a32. ὀρνίθων ϗ̀ ἰχθύων τίνα ᾠὰ ἄγονα	
page-018-R:_d4e8f8b6-8029-434b-9351-1a6b3c557187	both	Ζγγ5. 756a18. α21.730a21. Ζιζ14. 568b8. τῶν ἐντόμων	Ζγγ5. 756a18. α21. 730a21. Ζιζ14. 568b8. τῶν ἐντόμων	Ζγγ5. 756a18. α21. 730a21. Ζιζ14. 568b8. τῶν ἐντόμων	
page-019-L:_4ff04662-9a5c-4797-89db-d3b2242d821b	both	a14. def f409. 1546a43.	a14. def f 409. 1546a43.	a14. def f 409. 1546a43.	
page-019-L:_95aa55ab-3a1a-422d-be7a-89b79dae9c08	both	ἀγόρασμα. ἀποστέλλειν τινὰ ἐπ’ ἀγόρασμά τι οβ1352b4.	ἀγόρασμα. ἀποστέλλειν τινὰ ἐπ᾽ ἀγόρασμά τι οβ1352b4.	ἀγόρασμα. ἀποστέλλειν τινὰ ἐπ᾽ ἀγόρασμά τι οβ1352b4.	
page-019-L:_269f799f-5777-4c13-a987-8cbe5e1b526c	both	κῶς ἀγορεύειν τινά f378. 1541a8.	κῶς ἀγορεύειν τινά f 378. 1541a8.	κῶς ἀγορεύειν τινά f 378. 1541a8.	
page-019-L:_684d6dbf-6624-470a-8a4c-46cfe958105a	both	ἀγράμματος. δηλȣ͂σί τι ϗ̀ οἱ ἀγράμματοι ψόφοι, οἷον θη-	ἀγράμματος. δηλȣσί τι ϗ̀ οἱ ἀγράμματοι ψόφοι, οἷον θη-	ἀγράμματος. δηλȣσί τι ϗ̀ οἱ ἀγράμματοι ψόφοι, οἷον θη-	
page-019-L:_8159c0f9-6f7d-47e2-aadf-2d9f29f95942	both	ϗ̀ διὰ τὴν χρῆσιν ϗ̀ διὰ τὴν τροφήν, τῶν δ’ ἀγρίων τὰ	ϗ̀ διὰ τὴν χρῆσιν ϗ̀ διὰ τὴν τροφήν, τῶν δ' ἀγρίων τὰ	ϗ̀ διὰ τὴν χρῆσιν ϗ̀ διὰ τὴν τροφήν, τῶν δ' ἀγρίων τὰ	
page-019-L:_6062f336-5f19-4a04-abf2-af9025211676	both	τῇ Ἀσίᾳ Ζιθ28. 606b17. περὶ Αἴγυπτον μετ’ ἀλλήλων ζῶσι	τῇ Ἀσίᾳ Ζιθ28. 606b17. περὶ Αἴγυπτον μετ’ ἀλλήλων ζῶσι'	τῇ Ἀσίᾳ Ζιθ28. 606b17. περὶ Αἴγυπτον μετ' ἀλλήλων ζῶσι	
page-019-L:_0685a089-1021-4ab1-b524-5c182dac3e25	both	ϗ̀ αὐτὰ τὰ ἀγριώτατα Ζιι1. 608b35. ἡμερώτατον τῶν ἀγρίων	ϗ̀ αὐτὰ τὰ ἀγριώτατα Ζι1. 608b35. ἡμεοώτατον τῶν ἀγρίων	ϗ̀ αὐτὰ τὰ ἀγριώτατα Ζιι1. 608b35. ἡμερώτατον τῶν ἀγρίν	
page-019-L:_79327ca1-185a-4bc3-84f2-33943a6ed9b5	both	b3. Ζγε3. 783a15. Ηγ13. 1118a22. τετράποδα ἄγρια, τε-	b3. Ζγε3. 783a15. Ηγ13. 1118a22. τετράποδα ἄγοια, τε-	b3. Ζγε3. 783a15. Ηγ13. 1118a22. τετράποδα ἄγοια, τε-	
page-019-R:_735af475-5fde-4597-9b76-4f7e3e51cfdf	both	ἔντομα ἄγρια Ζιε31. 557a5. ι41. 627b23, 628a29,b10.—	ἔντομα ἄγρια Ζιε31. 557a5. ι41. 627b23, 628a29,b10. —	ἔντομα ἄγρια Ζιε31. 557a5. ι41. 627b23, 628a29, b10.—	
page-019-R:_8356885a-f5c3-4344-8b64-13b4d0d551b6	both	Πδ5. 1292b14,16. ἐφ᾽ ὁποτέραν τὴν ἀγωγὴν τὸ δίκαιον ἐφαρ-	Πδ5. 1292b14, 16. ἐφ ὁποτέραν τὴν ἀγωγὴν τὸ δίκαιον ἐφαρ-	Πδ5. 1292b14, 16. ἐφ ὁποτέραν τὴν ἀγωγὴν τὸ δίκαιον ἐφαρ-	
page-019-R:_50289cf3-d6ac-4274-9fbb-af5b6ca83318	both	ἀγών Φγ6. 206a22, 31 (Ὀλύμπια). ἀγῶνες γυμνικοί Ηγ12.	ἀγών Φγ6. 206a22, 31 ( Ολύμπια). ἀγῶνες γυμικοί Ηγ12.	ἀγών Φγ6. 206a22, 31 (Ολύμπια). ἀγῶνες γυμνικοί Ηγ12.	
page-020-L:_579635bf-3c46-4986-bdad-39efa0c28da8	both	re scenica: ἑκατὸν τραγῳδίας ἀγωνίζεσθαι, πρὸς κλεψύδραν	re scenica: ἑκατὸν τραγωδίας ἀγωνίζεσθαι, πρὸς κλέψυδραν	re scenica: ἑκατὸν τραγῳδίας ἀγωνίζεσθαι, πρὸς κλεψυδραν	
page-020-L:_5ddad0ca-166a-4bec-85cb-ed1a46fc6c00	both	Ἀδάμας. ἀπέστη Κότυος Πε10. 1311b22.	Ἀδάμας ἀπέστη Κότυος Πε10. 1311b22.	Ἀδάμας ἀπέστη Κότυος Πε10. 1311b22.	
page-020-R:_b12d2219-2d3a-4388-b856-4b048ddd1c89	both	ᾅδης. τῷ κακῷ δαίμονι ὄνομα εἶναι Ἅιδης ϗ̀ Ἀρειμάνιος f8.	ᾄδης. τῷ κακῷ δαίμονι ὄνομα εἶναι Αιδης ϗ̀ Ἀρειμάνιος f 8.	ᾅδης. τῷ κακῷ δαίμονι ὄνομα εἶναι Ἄιδης ϗ̀ Ἀρειμάνιος f 8.	
page-020-R:_fca9904d-4ba9-4397-8d60-e06e2a4ad335	both	1475a38. Ἅιδȣ πύλαις ὅμοιοι οἱ κύαμοι f190. 1512a8. ὁ	1475a38. Αιδȣ πύλαις ὅμοιοι οἱ κύαμοι f 190. 1512a8. ὁ	1475a38. Ἅιδȣ πύλαις ὅμοιοι οἱ κύαμοι f 190. 1512a8. ὁ	
page-021-L:_264903cb-7de7-4730-b485-93c1d765493b	both	σιν Μδ6. 1016a18. ἀδιάφορα τῷ εἴδει, κατ’ εἶδος, κατ’	σιν Μδ6. 1016a18. ἀδιάφορα τῷ εἴδει, κατ᾽ εἶδος, κατ	σιν Μδ6. 1016a18. ἀδιάφορα τῷ εἴδει, κατ᾽ εἶδος, κατ᾽	
page-021-L:_07215160-81ee-4829-a0b8-77802ba33c05	both	structa cum dativo subiecti, veluti ὁ κριτὴς οἴεται οὐχ αὐτῷ	structa cum dativo subiecti, veluti ὁ κριτὴς οἴεται οὐχ αὑτῷ	stmeta cum dativo subiecti, veluti ὁ κριτὴς οἴεται οὐχ αὑτῷ	
page-021-L:_b515ef74-c987-4e09-98a7-77c21c95cf93	both	θόντα ὑφ’ ȣ̔͂ ȣ̓κ ἔδει Ηθ15. 1163a3 Fr.	θόντα ὑφ᾽ ȣ̔͂ ȣ̓κ ἔδει Ηθ15. 1163a3 Fr.	θόντα ὑφ' ȣ̔͂ ȣ̓κ ἔδει Ηθ15. 1163a3 Fr.	
page-021-L:_a6123079-29ab-4261-ad95-c80fdb655c18	both	1427a36. 37. 1444a11. ἀδικεῖν ἐκ προνοίας, δι’ ἐπιθυμίαν	1427a36. 37. 1444a11. ἀδικεῖν ἐκ προνοίας, δι' ἐπιθυμίαν	1427a36. 37. 1444a11. ἀδικεῖν ἐκ προνοίας, δι' ἐπιθυμίαν	
page-021-R:_153857dd-b546-4954-b297-ca06386d0e0f	both	ἀδικία ȣ̓κ ἔστι πρὸς αὑτόν, πρὸς τὰ αὑτȣ ἁπλῶς Ηε10. 1134	ἀδικία ȣ̓κ ἔστι πρὸς αὐτόν, πρὸς τὰ αὑτȣ͂ ἀπλῶς Ηε10. 1134	ἀδικία ȣ̓κ ἔστι πρὸς αὑτόν, πρὸς τὰ αὐτȣ ἁπλῶς Ηε10. 1134	
page-021-R:_4c732fc9-d0b7-49b2-890a-a4c6a52d9204	both	b1. τὸ ἄνισον, τὸ παρὰ τὸ ἀνάλογον Ηε2. 1129b1.7. 1131	b1. τὸ ἄνισον, τὸ παρὰ τὸ ἀνάλογον Ηε2. 1129b1. 7. 1131	b1. τὸ ἄνισον, τὸ παρὰ τὸ ἀνάλογον Ηε2. 1129b1. 7. 1131	
page-023-L:_609e9ffb-38ff-40b0-9528-c296786fedd2	both	Göttling ad Pol p 303. — pro ἀεὶ Ρβ23. 1398a12 restituit	Gdttling ad Pol p 303. — pro ἀεὶ Ρβ23. 1398a12 restituit	GSttling ad Pol p 303. — pro ἀεὶ Ρβ23. 1398a12 restituit	
page-023-L:_8fc8d4fb-09e5-4909-9c98-ba29931b4fd9	both	ἀεικίζειν (Hom Ω54) Ρβ23. 1380b29.	ἀεικίζειν (Hom Ο254) Ρβ23. 1380b29.	ἀεικίζειν (IIom fΩ54) Ρβ23. 1380b29.	
page-023-R:_69306b67-6d51-40eb-88f8-15f046dc1da1	both	ἀεισκῶπες descr Ζιι28. 617b31-618a7. (espèce de petits	ἀεισκῶπες descr Ζιι28. 617b31.618a7. (espece de petit	ἀεισκῶπες descr Ζιι28. 617b31-618a7. (espSce de petits	
page-023-R:_f6785efd-1bb5-4216-a96d-8ec8f98aaaa6	both	κνόπτερος (ὀρειπέλαργος, ὑπάετος), ἁλιάετος, οἱ καλȣ́μενοι γνή-	κνόπτερος (ὀρειπέλαργος, ὑπάετος), ἁλιάετος, οἱ καλȣμενοι γνή-	κνόπτερος (ὀρειπέλαργος, ὑπάετος), ἁλιάετος, οἱ καλȣμενοι γνή-	
page-023-R:_2c4ced9b-bc98-4f19-a912-0f15b3e33f32	both	a1. 11. 615a20. 12. 615a33, b13. 8. 613b11. f275. 1527b25.	a1.11. 615a20. 12. 615a33,b13. 8. 613b11. f275. 1527b25.	a1. 11. 615a20. 12. 615a33, b13. 8. 613b11. f 275. 1527b25.	
page-023-R:_ecd15ba2-4016-47ac-988a-b62a11600f8a	both	numeratur Ζιε5. 540b18 (raia aquila K ad 11 cf C).	numeratur Ζιε5. 540b18 (raia aquila K ad l l cf C)	numeratur Ζιε5. 540b18 (raia aquila K ad 1l cf C).	
page-023-R:_b5442531-fd1e-4b6f-be81-78c3f99062e2	both	28. (Ὅμηρος ποιεῖ) ȣ̓δὲν ἄηθες, ἀλλ' ἔχοντα ἤθη πο24. 1460	28. (Ὅμηρος ποιεῖ) ȣ̓δοὲν ἄηθες, ἀλλ' ἔχοντα ἤθη πο24. 1460	28. (Ὅμηρος ποιεῖ) ȣ̓δὲν ἄηθες, ἀλλ᾽ ἔχοντα ἤθη πο24. 1460	
page-024-L:_f7c5f527-637b-412e-b809-0f0dfc1042c0	both	ἀῆναι ἀέντων (Emped 223) αι2. 437b29.	ἀῆναι. ἀέντων (Emped 223) αι2. 437b29.	ἀῆναι. ἀέντων (Emped 223) αι2. 437b29.	
page-024-L:_11955a2d-6544-4ef9-b2b5-ddaf6e528857	both	μα5. 342b5, 7. πκγ23. 934a19. κυανοειδὴς χ3. 794a8. —	μα5. 342b5, 7. πκγ23. 934a19. κυανοειδῆς χ3. 794a8. —	μα5. 342b5, 7. πκγ23. 934a19. κυανοειδὴς χ3. 794a8.—	
page-024-R:_548d4a8e-f68a-472c-b336-f2127a3960dc	both	1418a29. ἐπ' ἄρχοντος Ἀθ. Εὐκλέȣς sim μα6. 343b4. 7	1418a29. ἐπ' ἄρχοντος Ἀθ. Εὐκλέȣς sim μα6. 343b4. 7.	1418a29. ἐπ᾽ ἄρχοντος Ἀθ. Εὐκλέȣς sim μα6. 343b4. 7.	
page-024-R:_b98e3150-c390-49d1-9929-47fe8dc1bba9	both	a40. 372. 1540a27. 380. 1541b3. 386. 1542b2. Ἀ. Ὁ-	a40. 372. 1540a27. 380. 1541b3. 386. 1542b2. Ἀ. ρ-	a40. 372. 1540a27. 380. 1541b3. 386. 1542b2. Ἀ. Ο-	
page-025-L:_67e28b32-3781-469a-9f3b-427cedcc0c44	both	οβ 1347a4. Τιμόθεος, Χαβρίας, Πυθοκλῆς, Ἰφικράτης Ἀθ.	οβ 1347a4. Τιμόθεος, Χαβρίας, Πυθοκλῆς, φικράτης Ἄθ.	οβ 1347a4. ΦΤιμόθεος, Χαβρίας, Πυθοκλῆς, Πφικράτης Ἄθ.	
page-025-L:_18a9503c-d6f1-4308-a827-3bc6070983bb	vote	ἀθλητής, opp ἰδιώτης Ηγ11. 1116b13. κληρȣ͂ ντȣς ἀθλητάς	ἀθλητής, opp ἰδιώτης Ηγ11. 1116b13. κληρȣ͂ν τȣς ἀθλητάς	ἀθλητής, opp ἰδιώτης Ηγ11. 1116b13. κληρȣ͂ν τ̀ς ἀθλητάς	ἀθλητής, opp ἰδιώτης Ηγ11. 1116b13. κληρȣ͂ τȣς ἀθλητάς
page-025-L:_638f0337-8c77-43e9-bfcb-4127695d7e7e	both	ληταὶ·ἄχροοι, δύσριγοι, ὑγιεινῶς διακείμενοι πλη5. 967a13.	ληταὶ ἄχροοι, δύσριγοι, ὑγιεινῶς διακείμενοι πλη5. 967a13.	ληταὶ ἄχροοι, δύσριγοι, ὑγιεινῶς διακείμενοι πλη5. 967a13.	
page-025-L:_3f103615-f529-4ae2-bd83-41b6e1978e2c	both	λαμβάνȣσιν Ργ1.1403b22, 1404a17. τοῖς δȣ́λοις ἆθλον προ-	λαμβάνȣσιν Ργ1. 1403b22, 1404a17. τοῖς δȣ́λοις ἆθλον προ-	λαμβάνȣσιν Ργ1. 1403b22, 1404a17. τοῖς δȣ́λοις ἆθλον προ-	
page-025-L:_af9bbc16-dcbd-4697-b2ba-663d6ff733c8	both	b7, 5, 371b1,5. Ζια11. 492b7. τὸν ἀέρα ἀθρȣ͂ν ἀφάλλεσθαι	b7, 5, 371b1, 5. Ζια11. 492b7. τὸν ἀέρα ἀθρȣν ἀφάλλεσθαι	b7, 5, 371b1, 5. Ζια11. 492b7. τὸν ἀέρα ἀθρȣ͂ν ἀφάλλεσθαι	
page-025-R:_99d26157-c465-44ec-83d2-06d04ce7b8d5	both	τος κ4. 394b18. ἔκκρισις ὑγρȣ ἀθρόως (ἀέρος v l) μδ9.	τος κ4. 394b18. ἔκκρισις ὑγρȣ͂ ἀθρόως (ἀέρος v l) μδ9.	τος κ4. 394b18. ἔκκρισις ὑγρȣ ἀθρόως (ἀέρος vl) μδ9.	
page-025-R:_c4c1a857-d3df-431f-9f8a-1d418a0e6420	both	Αἰγεῖδαι, φρατρία Θηβαίων f489. 1557b40, 1558a5, 7.	Αἰγεῖδαι, φρατρία Θηβαίων f 489. 1557b40, 1558a5, 7.	Αἰγεῖδαι, φρατρία Θηβαίων f 489. 1557b40, 1558a5, 7.	
page-026-L:_3c35c07a-b572-4abe-ba16-f56378674382	both	ὁ Α. βασιλεύς οβ 1350b33. Αἰγύπτιον πέλαγος κ3. 393a29.	ὁ Α. βασιλεύς οβ1350b33. Αἰγύπτιον πέλαγος κ3. 393a29.	ὁ Α. βασιλεύς οβ1350b33. Αἰγύπτιον πέλαγος κ3. 393a29.	
page-026-R:_b955cecf-c738-4a03-a986-dfc2beb4c7dc	both	ἧττον περὶ τὰ ἀίδια ἢ τὰ ἐφ’ ἡμῖν Ηγ4. 1111b32. τῶν	ἧττον περὶ τὰ ἀίδια ἢ τὰ ἐφ' ἡμῖν Ηγ4. 1111b32. τῶν	ἧττον περὶ τὰ ἀίδια ἢ τὰ ἐφ' ἡμῖν Ηγ4. 1111b32. τῶν	
page-026-R:_66670bb4-a07c-4307-aedd-a332473688b7	both	τὸ τρίγωνον ἔχει δυσὶν ὀρθαῖς ἀεὶ τὰς γωνίας ἴσας, ἀλλ’	τὸ τρίγωνον ἔχει δυσὶν ὀρθαῖς ἀεὶ τὰς γωνίας ἴσας, ἀλλ	τὸ τρίγωνον ἔχει δυσὶν ὀρθαῖς ἀεὶ τὰς γωνίας ἴσας, ἀλλ'	
page-026-R:_caef636a-3342-444a-8a46-c7e11a01f80f	both	αἰδοῖον. 1. notio. proprie αἰδοῖον usurpatur de membro geni-	αἰδοῖον. 1. ποίῶο. proprie αἰδοῖον usurpatur de membro geni-	αἰδοῖον. 1. notίo. proprie αἰδοῖον usurpatur de membro geni-	
page-027-R:_3380fc3d-6f58-49a5-a2a5-9af848a1c648	both	Αἰθάλεια, νῆσος ἐν τῷ Τυρρηνικῷ πελάγει θ93. 837b26.105.	Αἰθάλεια, νῆσος ἐν τῷ Τυρρηνικῷ πελάγει θ93. 837b26. 105.	Αἰθάλεια, νῆσος ἐν τῷ Τυρρηνικῷ πελάγει θ93. 837b26. 105.	
page-027-R:_deadf037-646a-4e6e-8046-722e88c91e34	both	αἴθρη ἀνέφελος (Hom ζ44) κ6. 400a13.	αἴθρη ἀνέφελος (Hom ζ 44) κ6. 400a13.	αἴθρη ἀνέφελὸς (Hom ζ44) κ6. 400a13.	
page-027-R:_7a21e949-6a70-42f2-bcf7-bd9f4142e915	both	Ζια1. 487a3. Ζμβ2. 647b12. ὑγρὸν ϗ̀ θερμὸν ἀεί, ἔχον τὸν	Ζια1. 487a3. Ζμβ2. 647b12. ὑγρὸν ϗ̀ θερμδν ἀεί, ἔχον τὸν	Ζια1. 487a3. Ζιβ2. 647b12. ὑγρὸν ϗ̀ θερμὸν ἀεί, ἔχον τὸν	
page-028-L:_07fc1dc2-7f4a-49c8-bdf7-7528240b37f4	both	ὑδάτων ἔκρυσις χ5. 796a15, cf Prantl, Arist über d Farben	ὑδάτων ἔκρυσις χ5. 796a15, cf Prantl, Arist uber d Farben	ὑδάτων ἔκρυσις χ5. 796a15, cf Prantl, Arist uber d Farben	
page-028-L:_5cc6dcdc-9262-40e0-b166-66d0529d0266	both	cari ci J B Meyer). ἀναγκαῖον ἢ ἔχειν αἷμα ἢ τὸ τȣ́τῳ τὴν	cari ci  B Meyer). ἀναγκαῖον ἢ ἔχειν αἷμα ἢ τὸ τȣ́τῳ τὴν	cari ci J B Meyer). ἀναγκαῖον ἢ ἔχειν αἷμα ἢ τὸ τȣτῳ τὴν	
page-028-L:_12602f5c-41b4-42a5-b8f6-b92048397492	both	λοθεν (sanguinis circuitus ignotus Aristoteli)· αὕτη γάρ ἐστιν	λοθεν (sanguinis circuitus ignotus Aristoteli). αὕτῃ γάρ ἐστιν	λοθεν (sanguinis circuitus ignotus Aristoteli)· αὕτῃ γάρ ἐστιν	
page-028-R:_8cc753e3-cf31-4a96-a6c3-a7b1f9fb1d10	both	Ζμγ 5. 668a26. β6. 651b20. τῶν μορίων ἕκαστον ἐξ αἵ-	Ζμγ5. 668a26. β6. 651b20. τῶν μορίων ἕκαστον ἐξ αἵ	Ζμγ5. 668a26. β6. 651b20. τῶν μορίων ἕκαστον ἐξ αἵ-	
page-028-R:_2a117991-8b35-4301-8807-549f542919a2	both	πρὸς ἕτερον ϗ̀ τίς αὐτῶν ἡ δύναμις Ζμβ 2. 647b30 sqq.	πρὸς ἔτερον ϗ̀ τίς αὐτῶν ἡ δύναμις Ζμβ2. 647b30 sqq.	πρὸς ἕτερον ϗ̀ τίς αὐτῶν ἡ δύναμις Ζμβ2. 647b30 sqq.	
page-028-R:_f701302c-75ca-4530-a342-fbd3d752082b	both	b24, 27. 6. 515b33. Ζμβ4. 650b14 (cf KFr p272 n12). λέ-	b24, 27. 6. 515b33. Ζμβ4. 650b14 (cf K Fr p 272 n12). λέ-	b24, 27. 6. 515b33. Ζμβ4. 650b14 (cf KFr p272 n 12). λέ-	
page-028-R:_0b0486da-e01e-4f57-ba48-2acdce83d4f2	both	891a13. ὁ πέλλος αἷμα υἷς φασὶν ἀφίησιν ἐκ τῶν ὀφθαλ-	891a13. ὁ πέλλος αἷμα ὡς φασὶν ἀφίησιν ἐκ τῶν ὀφθαλ-	891a13. ὁ πέλλος αἷμα υὡς φασὶν ἀφίησιν ἐκ τῶν ὀφθαλ-	
page-029-L:_2aafccc4-6347-47f5-a369-6c0d2819aeb0	both	τὸ χρῶζον ἡμῶν τὰ σώματα φυσικῶς πλη9. 967b17. ἕλκειν,	τὸ χρῷζον ἡμῶν τὰ σώματα φυσικῶς πλη9. 967b17. ἕλκειν,	τὸ χρῷζον ἡμῶν τὰ σώματα φυσικῶς πλη9. 967b17. ἕλκειν,	
page-029-L:_043b4ecc-956a-4e36-bfaf-1c6d39888ad7	both	Ζγγ11. 762b26. εὐπεψία αἱματικὴ Ζμγ9. 672a4. ἶνες αἱ-	Ζγγ11. 762b26. εὐπεψία αἱματική Ζμγ9. 672a4. ἶνες αἱ-	Ζγγ11. 762b26. εὐπεψία αἱματική Ζμγ9. 672a4. ἶνες αἱ-	
page-029-R:_3a868663-01f3-45b0-9128-27053db6bce5	both	ϗ̀ γὰρ αὕτη αἱμορροΐς ἐστιν, ἀλλ’ ἐκεῖναι μὲν διὰ νόσον, αὕτη	ϗ̀ γὰρ αήτη αἱμορροῖς ἐστιν, ἀλλ ἐκεῖναι μὲν διὰ νόσον, αίτη	ϗ̀ γὰρ αὕτῃ αἱμορροΐξ ἐστιν, ἀλλ' ἐκεῖναι μὲν διὰ νόσον, αὔτη	
page-029-R:_395f7d2e-0b68-4dda-86a9-18cf1ba05b58	both	δὲ φυσικὴ Ζγα20. 728a23. νενοσηκότος αἵματος αἱμορροΐς	δὲ φυσική Ζγα20. 728a23. νενοσηκότος αἵματος αἱμορροῖς	δὲ φυσικὴ Ζγα20. 728a23. νενοσηκότος αἵματος αἱμορροῖς	
page-029-R:_15d81652-e994-40cb-af33-1e023918b885	both	ἥ τ’ ἐν ταῖς ῥισὶ ϗ̀ ἡ περὶ τὴν ἕδραν ϗ̀ ἰξία Ζιγ19. 529a19.	ἥ τ᾽ ἐν ταῖς ῥισὶ ϗ̀ ἡ περὶ τὴν ἕδραν ϗ̀ ἰξία Ζιγ19. 529a19.	ἥ τ᾽ ἐν ταῖς ῥισὶ ϗ̀ ἡ περὶ τὴν ἕδραν ϗ̀ ἰξία Ζιγ19. 529a19.	
page-029-R:_ef440b58-3a34-4c23-abb7-c760acee872d	both	συμβαίνῃ τȣ́των, τὰ καταμήνια χείρω Ζιγ19. 521a29. cf η11.	συμβαίνη τȣ́των. τὰ καταμήνια χείρω Ζιγ19. 521a29. cf η11.	συμβαίνῃ τȣτων, τὰ καταμήνια χείρω Ζιγ19. 521a29. cf η11.	
page-029-R:_10512e7b-46eb-42c9-b46a-9503a737d90b	both	p 317. — a, (anatom et physiol) χρόα, χρόας μεταβολή	p317. — , (anatom et physiol) χρόα, χρόας μεταβολή	p 317. — α, (anatom et physiol) χρόα, χρόας μεταβολή	
page-029-R:_8693160d-c6bd-4bac-9adb-a3db35efcfcd	both	codd ὄρυγγος, κρύγγος), οἷον θρὶξ Ζιι3. 610b29. ἀντὶ ὀνύχων	codd ὄρυγγος, κρύγγος), οἷον θρίξ Ζιι3. 610b29. ἀντὶ ὀνύων	codd ὄρυγγος, κρύγγος), οἷον θρίξ Ζιι3. 610b29. ἀντὶ ὀνύχων	
page-029-R:_db00e90f-d912-4e01-af20-421972241483	both	674b8. Ζιι50. 632b2. χολὴν οἱ πλεῖστοι ἔχȣσιν, ἐνιαχȣ δ’	674b8. Ζιι50. 632b2. χολὴν οἱ πλειστοι ἔχȣσιν, ἐνιαχȣ͂ δ'	674b8. Ζιι50. 632b2. χολὴν οἱ πλεῖστοι ἔχȣσιν, ἐνιαχȣ δ'	
page-029-R:_be43b089-aecc-48f2-a266-c340cc114f30	both	i q τράγος (cf h v) Ζιζ13. 573b30. — b, (biologica) αἶγες	i q τράγος (cf h v) Ζιζ13. 573b30. — b. (biologica) αἶγες	i q τράγος (cf h v) Ζιζ13. 573b30. — b. (biologica) αἶγες	
page-029-R:_46756659-abc8-40f1-9f8d-f9c404f73fea	both	θ10. 596b6. ἔχȣσι κρότωνας. φθεῖρας δ’ ȣ̓́ Ζιε31. 557a16.	θ10. 596b6. ἔχȣσι κρότωνας. φθεῖρας δ' ȣ̓́ Ζιε31. 557a16.	θ10. 596b6. ἔχȣσι κρότωνας. φθεῖρας δ' ȣ̓́ Ζιε31. 557a16.	
page-030-L:_3592047d-deef-432a-b079-14b44acd361f	both	Κρήτῃ· ἐν Λιβύῃ ȣ̓κ ἔστιν αἲξ ἄγριος Ζιι6. 612a3. θ28.606a7.	Κρήτη. ἐν Λιβύη ȣ̓κ ἔστιν αἰξ ἄγριος Ζιι6. 612a3. θ28.606a7.	Κρήτῃ· ἐν Λιβύη ȣ̓κ ἔστιν αἲξ ἄγριος Ζιι6. 612a3. θ28. 606a7.	
page-030-L:_beefefda-8b6e-4342-bcb1-f56636bceaf4	both	εἰ μὴ πάντα δι' ἕτερον αἱρȣ́μεθα, syn δι' αὐτὸ βȣλόμεθα	εἰ μὴ πάντα δι’ ἕτερον αἱρȣ́μεθα, syn δι' αὐτὸ βȣλόμεθα	εἰ μὴ πάντα δι' ἕτερον αἱρȣ́μεθα, syn δι' αὑτὸ βȣλόμεθα	
page-030-R:_ccd3ea0b-5600-4674-9a69-6e8817944eff	both	Ηα1. 1094a20, 19. καθ' αὐτὸ διώκει ϗ̀ αἱρεῖται Ηη10.	Ηα1. 1094a20, 19. καθ᾽ ατὸ διώκει ϗ̀ αἱρεῖται Ηη10.	Μα1. 1094a20, 19. καθ' αὐτὸ διώκει ϗ̀ αἱρεῖται Ηη10.	
page-030-R:_de9ae46f-223b-4cf5-a801-f8eda623c594	both	a35. αἱρετὸν μὲν τὸ ἁπλῶς ἀγαθόν, αὑτῷ δὲ τὸ αὑτῷ (l	a35. αἱρετὸν μὲν τὸ ἀπλῶς ἀγαθόν, αὐτῷ δὲ τὸ αὑτῷ (	a35. αἱρετὸν μὲν τὸ ἁπλῶς ἀγαθόν, αὐτῷ δὲ τὸ αὑτῷ (l	
page-030-R:_0927fc8f-c871-4469-9665-b9930ebad0f3	both	αὑτῷ) ἀγαθόν ηεη2. 1237a1. αἱρεταὶ καθ' αὑτὰς σοφία ϗ̀	αὐτῷ) ἀγαθόν ηεη2. 1237a1. αἱρεταὶ καθ'’ αὐτὰς σοφία ϗ̀	αὐτῷ) ἀγαθόν ηεη2. 1237a1. αἱρεταὶ καθ' αὑτὰς σοφία ϗ̀	
page-030-R:_4e64ce13-c991-4d1d-94f2-87f8ceec6f94	both	falconum species St Su p 100 n 13 AΖι I 93).	falconum species St Su p 100 n 13 AZι I 93).	falconum species St Su p 100 n 13 AZι I 93).	
page-031-L:_d96b1475-9503-4c9a-9d7a-5006bcc35656	both	ζῷα διὰ τὸν ἐγκέφαλον ζ3. 469a22. Ζγε3. 783b31. τὸ	ζῶα διὰ τὸν ἐγκέφαλον ζ3. 469a22. Ζγε3. 783b31. τὸ	ζῶα διὰ τὸν ἐγκέφαλον ζ3. 469a22. Ζγε3. 783b31. τὸ	
page-031-R:_eaee22de-e0a6-449c-b673-4f81e758c7ec	both	τȣ͂ ἐν τῇ ἐνεργείᾳ αἰσθήματος εν3. 461b22. τὰ φαντά-	τȣ͂ ἐν τῇ ἐνεργείᾳ αἰσθήματος εν 3. 461b22. τὰ φαντά-	τȣ ἐν τῇ ἐνεργείᾳ αἰσθήματος εν3. 461b22. τὰ φαντά-	
page-032-L:_1f60f901-6275-481e-9d44-f87927d6e9f3	both	ἐνεργȣ́σης Ηκ4. 1174b14. ȣ̓ μόνον πάσχει αλλα ϗ̀ ἀντι-	ἐνεργȣ́σης Ηκ4. 1174b14. ȣ̓ μόνον πασχει αλλα ϗ̀ ἀντι-	ἐνεργȣσης Ηκ4. 1174b14. ȣ̓ μόνον πάσχει αλλα ϗ̀ ἀντι-	
page-032-L:_62a5fe6f-56ca-49fb-a3da-e3b484f0056e	both	πᾶσι τοῖς ζῴοις ὑπάρχει κοινὴ ἡ ἀναγκαιοτάτη αἴσθησις, ἁφή	πᾶσι τοῖς ζῴοις ὑπάρχει κοινὴ ἡ ἀναγκαιοτάτῃ αἴσθησις, ἀφή	πᾶσι τοῖς ζῴοις ὑπάρχει κοινὴ ἡ ἀναγκαιοτάτῃ αἴσθησις, ἁφή	
page-033-L:_bee91e05-8182-4843-92dd-4fd356b41be5	both	(αἰσθήσει cod Aᶜ, Vhl II, ἐσθῆτι Bk).	(αἰσθήσει cod Αc, Vhl l 1, ἐσθῆτι Bk).	(αἰσθήσει cod Ao, Vhl1I, ἐσθῆτι Bk).	
page-034-L:_7be00b02-39fb-4a2d-bb94-8a4245e205ff	both	— περὶ καλȣ͂ ϗ̀ αἰσχρȣ͂ Ρα9. αἰσχρὰ κατ’ ἀλήθειαν, κατὰ	— περὶ καλȣ͂ ϗ̀ αἰσχρȣ͂ Ρα9. αἰσχρὰ κατ᾽ ἀλήθειαν, κατὰ	— περὶ καλȣ͂ ϗ̀ αἰσχρȣ͂ Ρα9. αἰσχρὰ κατ' ἀλήθειαν, κατὰ	
page-034-L:_0fb34111-d0c7-420a-bd6f-698632a390e8	both	νονται ϗ̀ πρὸς ποίȣς ϗ̀ πῶς ἔχοντες Ρβ6. ȣ̓δεὶς ταὐτὰ τȣς	νονται ϗ̀ πρὸς ποίȣς ϗ̀ πῶς ἔχοντες Ρβ6. ȣ̓δεὶς ταὐτὰ τȣ̀ς	νονται ϗ̀ πρὸς ποίȣς ϗ̀ πῶς ἔχοντες Ρβ6. ȣ̓δεὶς ταὐτὰ τȣ̀ς	
page-034-L:_836a6eee-6f3b-443b-859d-dc746832dedf	both	Αἰσώπȣ μῦθοι μβ3. 356b11. ὁ Αἰσώπȣ Μῶμος (cf fab 155	Αἰσώπȣ μῦθοι μβ3. 356b11. ὁ Αἰσώίπȣ Μμος (cf fab155	Αἰσώπȣ μῦθοι μβ3. 356b11. ὁ Αἰσώπȣ Μῶμος (cf fab155	
page-034-R:_a9ca5392-4754-40cf-a2cd-4cb0ad43edf8	both	αἰτία, τὸ αἴτιον. a. αἴτια, dist σημεῖα, συμπτώματα μτ1.	ἰτία, τὸ αἴτιον. α. αἴτια, dist σημεῖα, συμπτώματα μτ1.	αἰτία, τὸ αἴτιον. α. αἴτια, dist σημεῖα, συμπτώματα μτ1.	
page-034-R:_b5bddb81-da32-45f3-a5ac-31bf7dc6d44a	both	δȣ͂ναι τὴν αἰτίαν Ζγε1. 779b21. ȣ̓ μικρὸν ἔργον τὸ ἀπ'	δȣ͂ναι τὴν αἰτίαν Ζγε1. 779b21. ȣ̓ μικρὸν ἔργον τὸ ἀπ᾽	δȣ͂ναι τὴν αἰτίαν Ζγε1. 779b21. ȣ̓ μικρὸν ἔργον τὸ ἀπ᾽	
page-034-R:_1f66d7ba-0e45-4157-9d3c-e7e9a6b5b5d5	both	ἔστι, τὸ τί ἦν εἶναι, ἡ ȣ̓σία ϗ̀ τὸ τί ἦν εἶναι, ὁ λόγος ὁ τȣ͂ τί ἦν	ἐστι, τὸ τί ἦν εἶναι, ἡ ȣ̓σία ϗ̀ τὸ τί ἦν εἶναι, ὁ λόγος ὁ τȣ͂ τί ἦν	ἐστι, τὸ τί ἦν εἶναι, ἡ ȣ̓σία ϗ̀ τὸ τί ἦν εἶναι, ὁ λόγος ὁ τȣ͂ τί ἦν	
page-034-R:_d563ad25-2160-4e9d-9fea-fac3c0059e06	both	ἐν αὐτῷ, ἐντός, opp ἔξω, ἐκτός Φβ5. 197a2: 6. 197b36.	ἐν αὐτῷ, ἐντός, opp ἔξω, ἐκτός Φβ5. 197a2. 6. 197b36.	ἐν αὐτῷ, ἐντός, opp ἔξω, ἐκτός Φβ5. 197a2. 6. 197b36.	
page-035-L:_53fcf14d-5313-4d9b-ab16-e7d8f971e8d5	both	αἰτιατέον τὴν τῶν ἀεὶ κινȣμένων δύναμιν μα2. 339a32.	ἀἰτατέον τῆν τῶν ἀεὶ κινȣμένων δῦύναμιν μα2. 339a32.	αἰτίατέον τὴν τῶν ἀεὶ κινȣμένων δύναμιν μα2. 339a32.	
page-035-L:_7734a219-a234-4af3-ae91-7d68da5ace2e	both	ȣ̔ αἴτιον τὸ αἴτιον Φβ3. 195b7. Μδ2. 1014a10). αἰτιατὸν ϗ̀	ȣ̔͂ αἴτιον τὸ αἴτιον Φβ3. 195b7. Μδ2. 1014a10). αἰτιατὸν ϗ̀	ȣ̔͂ αἴτιον τὸ αἴτιον Φβ3. 195b7. Μδ2. 1014a10). αἰτιατὸν ϗ̀	
page-035-R:_6103d1f2-2a33-4107-bef7-ae2fbab97332	both	τὸ τὸν πάντα χρόνον ϗ̀ τὴν ἀπειρίαν. περιέχον τέλος αἰὼν	τὸ τὸν πάντα χρόνον ϗ̀ τὴν ἀπειρίαν περιέχον τέλος αἰών	τὸ τὸν πάντα χρόνον ϗ̀ τὴν ἀπειρίαν περιέχον τέλος αἰὼν	
page-035-R:_c6afe103-f475-47f8-a1e5-f2ea2d13fdd3	both	ἀκαλήφη. καλȣ͂σιν οἱ μὲν κνίδας οἱ δ' ἀκαλήφας Ζμδ5. 681	ἀκαλθφὴ καλȣσν οἱ μὲν κνίδας οἱδ᾽ ἀκαλήφας Ζμδ5. 6a1	ἀκαλήφη. καλȣ͂σν οἱ μὲν κνίδας οἱ δ’ ἀκαλήφας Ζμδ5. 681	
page-035-R:_52f14cdc-f32d-4c9a-ac8c-8b8e2ab10983	both	ἄκανθα. 1. μόριον τȣ͂ τῶν ζῴων σώματος. a. (vocabuli usus)	ἄκανθα. 1. μόριον τȣ͂ τῶν ζῴων σώματος. o. (vocabuli usus)	ἄκανθα. 1. μόριον τȣ͂ τῶν ζῴων σώματος. α. (vocabuli usus)	
page-036-L:_73d23758-1822-4e3c-b975-51bb4b1b4111	both	a15, 18 (spinax Gazae C S, squalus acanthias Ζιζ10 et raja	a15, 18 (spinax Gazae C S, squalus acanthias Ζιζ10 et raia	a15, 18 (spinax Gazae C S, squalus acanthias Ζιζ10 et raa	
page-036-L:_22ff0665-b253-4725-9926-3840dbcf5a6d	both	ἀκανθίς, avis. ἀκανθοφάγος, ἐπὶ ἀκανθῶν νέμεται, τίσι ζῴοις	ἀκανοις, aks. ἀκνθοφάγος, ἐπὶ ἀκανθῶν νέμεται, τίοι ζῴι	ἀκανθίς, aνis. ἀκανθοφάγος, ἐπὶ ἀκανθῶν νέμεται, τίσι ζῴοις	
page-036-L:_bafe2e4a-78b9-46e1-b6c6-ad6141fe64cf	both	χρόαν f 253. 1524b39 (Acacia vera W. cf Landsberg in Ja-	χροανf 253. 1524b39 (Acacia vera W. cf Iandsberg in a-	χρόαν f 253. 1524b39 (Acacia vera W. cf Dandsberg in Ja-	
page-036-L:_8c32c764-9980-492c-9f8e-47a335ed0d56	both	616a5 (serin C, parorum species, fort parus pendulinus sive	616a5 (serin C, arorum species, fort parus pendulinus sive	616a5 (serin C, parorum specie3, fort parus pendulinus sive	
page-036-R:_fe3ae3d7-9344-4206-850d-9d937a20643c	both	ἢ Φε4. 228b3. ᾧ ἡ κίνησις ὑπάρχει, τȣ́τῳ ἡ ἀκινησία ἠρε-	ᾖ Φε4. 228b3. ᾠ ἡ κίνησις ὑπάρχει, τȣ́τῳ ἡ ἀκινησία ἠρε-	ἢ Φε4. 228b3. ᾧ ἡ κίνησις ὑπάρχει, τȣτῳ ἡ ἀκινησία ἠρε-	
page-037-R:_5811f8a7-bec4-44e0-95ca-b43a2a7cedbf	both	ἡ ἀκοὴ λόγος τις, διὰ τȣ͂το φθείρει ἔκαστον ὑπερβάλλον τὴν	ἡ ἀκοὴ λόγος τις, διὰ τȣτο φθείρει ἕκαστον ὑπερβάλλον τὴν	ἡ ἀκοὴ λόγος τις, διὰ τȣ͂το φθείρει ἕκαστον ὑπερβάλλον τὴν	
page-037-R:_265d3e27-4bc0-47c2-82c2-cbff9c493727	both	αὐτήν, πρὸς δὲ νῦν ϗ̀ κατὰ συμβεβηκὸς ἡ ἀκοὴ πλεῖστον	αὐτήν, πρὸς δὲ νȣ͂ν ϗ̀ κατὰ συμβεβηκὸς ἡ ἀκοὴ πλεῖστον	αὑτήν, πρὸς δὲ νῦν ϗ̀ κατὰ συμβεβηκὸς ἡ ἀκοὴ πλεῖστον	
page-037-R:_9b0ad1c2-1883-4758-a4a6-f05de11be999	both	εἰς τὰς ἀκολασίας Ηδ1. 1119b31. 3. 1121b9.	εk τὰς ἀκαλαίας Ζ1 b19b31. 3. 1121b9	εἰς τὰς ἀκολασίας Ηδ1. 1119b31.9. 1121b9.	
page-038-L:_cffa569e-207b-433e-8d02-b269ec3b264c	both	ἀκολȣθεῖν. μετὰ τὰς συνδέσμȣς, ȣ̔ς ἂν προείπῃς, ἀποδίδȣ τὰς	ἀκολȣθεῖν. μετὰ τȣ̀ς συνδέσμȣς, ȣ̓̀ς ἂν προείπης, ἀποδίδȣ τȣς	ἀκολȣθεῖν. μετὰ τȣ̀ς συνδέσμȣς, ȣ̓ς ἂν προείπης, ἀποδίδȣ τȣ̀ς	
page-038-L:_2e3a0d83-869c-4942-91c0-6dde76b7d748	both	ὁρμῇ τῆς ἀρχῆς μβ8. 366a7. cf γ1. 370b14. οἱ νέοι οἷοί	ὁρμῇ τῆς ἀρχῆς μβ8. 366a7. cf γ1. 370b14. οἱ νέοι οἷοι	ὁρμῇ τῆς ἀρχῆς μβ8. 366a7. cf γ1. 370b14. οἱ νέοι οἷοι	
page-038-L:_93b699dd-0e13-401e-94c9-d3bd32608e27	both	οἰόμεθα ἀκολȣθεῖν Ηζ12. 1143b8. ἡ ἐποποιία τῇ τραγῳδίᾳ	οἰόμεθα ἀκολȣθεῖν Ηζ12. 1143b8. ἡ ἐποποιία τῇ τραγωδίᾳα	οἰόμεθα ἀκολȣθεῖν Ηζ12. 1143b8. ἡ ἐποποιία τῇ τραγωδίᾳ	
page-038-L:_61d04574-3a38-4c42-80d7-e52485efe4a2	both	γένεσις ἀκολȣθεῖ ϗ̀ ταύτης ἕνεκά ἐστιν, ȣ̓χ αὐτὴ τῇ γενέσει	γένεσις ἀκολȣθεῖ ϗ̀ ταύτης ἕνεκά ἐστιν, ȣ̓χ αὕτη τῇ γενέσει	γένεσις ἀκολȣθεῖ ϗ̀ ταύτης ἕνεκά ἐστιν, ȣ̓χ αὕτῃ τῇ γενέσει	
page-038-L:_f0f130a7-7e18-40fd-bcc8-a86da769f770	both	γέθει ἡ κίνησις· διὰ γὰρ τὸ τὸ μέγεθος εἶναι συνεχὲς ϗ̀ ἡ	γέθει ἡ κίνησις· διὰ γὰρ τὸ τὸ μέγεθος εἶναι συνεχὲς ϗ̀	γέθει ἡ κίνησις· διὰ γὰρ τὸ τὸ μέγεθος εἶναι συνεχὲς ϗ̀	
page-038-L:_775f6869-8f04-420a-83b3-a6e3eb8a8aa2	both	τȣ́τοις (τῷ φαύλῳ ϗ̀ τῷ σπȣδαίῳ) ἀκολȣθεῖ μόνοις· κακία	τȣ́τοις (τῷ φαύλῳ ϗ̀ τῷ σπȣδαί) ἀκολȣθεῖ μόνοις· κακίᾳ	τȣτοις (τῷ φαύλῳ ϗ̀ τῷ σπȣδαίῳ) ἀκολȣθεῖ μόνοις· κακία	
page-038-R:_7d9da549-ead8-480f-8e72-2fa01e948c78	both	ἀκολȣθήσεις ε13. 22a14. ἡ τῶν ἐπομένων ἀκολȣθησις τι28.	ἀκολȣθήσεις ε13. 22a14. ἡ τῶν ἑπομένων ἀκολȣθησις τι28.	ἀκολȣθήσεις ε13. 22a14. ἡ τῶν ἑπομένων ἀκολȣθησις τι28.	
page-038-R:_d6f768dc-099b-4a3c-abba-837bf35cff1e	both	ἀκȣειν. ἅμα ἀκȣει ϗ̀ ἀκήκοε αι6. 446b2 (cf αἰσθάνεσθαι a).	ἀκȣειν. ἅμα ἀκȣ́ει ϗ̀ ἀκήκοε αι6. 446b2 (cf αἰσθάνεσθαι α).	ἀκȣειν. ἅμα ἀκȣει ϗ̀ ἀκήκοε αι6. 446b2 (cf αἰσθάνεσθαι α).	
page-038-R:_83a75149-4fd8-49bb-9c20-c8ab0104928c	both	904b11. 44. 904a16. τῶν ζῴων τίνα ȣ̓κ ἀκȣει, cf ἀκοή.	904b11. 44. 904a16. τῶν ζῴων τίνα ȣ̓κ ἀκȣει, cf ἀκοό	904b11. 44. 904a16. τῶν ζῴων τίνα ȣ̓κ ἀκȣ́ει cf ἀκοή.	
page-039-L:_a77e343f-aed4-4ebe-83a4-c6b98b9742b9	both	ἀκȣ́ων Αγ24. 85b22. — ἀκȣ́ειν i q λέγεσθαι. Ἀγαμέμνων	ἀκȣ́ων Αγ24. 85b22. — ἀκȣειν i q λέγεσθαι. Ἀγαμέμνων	ἀκȣων Αγ24. 85b22. — ἀκȣειν i q λέγεσθαι. Ἀγαμέμνων	
page-039-L:_beccbe55-f7fd-446a-8f42-c2dc3c8093bd	both	1109b35. τὰ βίᾳ ϗ̀ ἀπάτῃ ἀκȣσια Ρα15. 1377b5. ἀκȣ́-	1109b35. τὰ βίᾳ ϗ̀ ἀπάτη ἀκȣ́σια Ρc15. 1377b5. ἀκȣ́-	1109b35. τὰ βίᾳ ϗ̀ ἀπάτῃ ἀκȣσια Ρα15. 1377b5. ἀκȣ-	
page-039-L:_5024e1d1-2f49-49fe-8381-d3fd3583278b	both	ἀκȣ́σματα ϗ̀ ὁράματα ἀνελευθερίας Πη17. 1336b2.	ἀκȣσματα ϗ̀ ὁράματα ἀνελευθερίας Πη17. 1336b2. 	ἀκȣσματα ϗ̀ ὁράματα ἀνελευθερίας Πη17. 1336b2.	
page-039-L:_b4d17eb1-74f7-40c2-8f08-99cac0b3fb04	both	Ἀκραγαντῖνος Ἐμπεδοκλῆς Οα10. 279b16. Ἀκραγαντίνων	Ακραγαντ:νος Ἐμπεδοκλῆς Οα10. 279b16. Ακραγαντίνων	κραγαντῖνος μπεδοκλῆς Οα10. 279b16. Ἀκραγαντίνων	
page-039-L:_45e65b53-3f4f-4a46-aa1f-23610c1c7ae7	both	ἀκράτεια def αρ1. 1250a1. 3. 1250a22 (cf ἀκρασία 6. 1251	ἀκράτεια daf ἕρ1. 1250a1. 3. 1250a22 (cf ἀκρασία6. 1251	ἀκράτεια def αρ1. 1250a1. 3. 1259a22 (cf ἀκρασία 6. 1251	
page-039-R:_653e96cb-3e0a-4b86-94c0-9124adf22a68	both	949b13, 14. ἀκρατὴς πρὸς τὸν οἶνον sim; περὶ τὰ πόματα	949b13, 14. ἀκρατὴς πρὸς τὸν οἶνον sim, περὶ τὰ πόματα	949b13, 14. ἀκρατὴς πρὸς τὸν οἶνον sim, περὶ τὰ πόματα	
page-039-R:_f6075459-4cad-40d5-8152-b65a40f767ad	both	ρωθεν ἀκρίβεια τῶν αἰσθήσεων, ἡ περὶ τὰς διαφορὰς ἀκρι-	ρωθεν ἀκρίβεια τῶν αἰσθήσεων, ἡ περὶ τὰς διαφορὰς ἀκρί-	ρωθεν ἀκρίβεια τῶν αἰσθήσεων, ἡ περὶ τὰς διαφορὰς ἀκρί-	
page-039-R:_300d83e8-c949-4173-a313-dd7eaf3504e1	both	αν16. 478b1. εἰς ἀκρίβειαν Πη11. 1331a2. τῇ ἀκριβεία	αν16. 478b1. εἰς ἀκρίβειαν Πη11. 1331a2. τῇ ἀκριβείᾳα	αν16. 478b1. εἰς ἀκρίβειαν Πη11. 1331a2. τῇ ἀκριβείᾳ	
page-039-R:_4e845d7b-3d8e-4c0a-babe-c4f118c8fea2	both	σεως, ἐνταῦθα ἥκιστα ἀκρίβεια ἔνι Ργ12. 1414a16. —	xaας, ἐνταῆθȣ ἤατ ἵρ6 5 Ρ71a. 111a16. —	Vcωνν ἐνταθθα ἥκιτα ἀκρίθεια ἐνι P012.. 1414116. —	
page-040-L:_252c9bc6-728f-4543-8c68-d0c1ce27e5b3	both	στῆμαι Ογ7. 306a27. Ηζ7. 1141a16. Ρα1. 1355a24. αἱ ἀκρι-	στῆμαιΟγ7. 306a27. Ηζ7. 1141a16. Ρα1.1355a24. αἱ ἀκρι-	στῆμαι Ογ7. 306a27. Ηζ7. 1141a16. Ρα1.1355a24. αὶ ἀκρι-	
page-040-L:_9ffa025c-a188-4f37-b780-64fc51acb63a	both	ἀπόδειξις ἢ μᾶλλον ἐξ ἀρχῆς Αγ24. 86a17. ἀκριβεστέρα ἐπι-	ἀπόδειξις ἡ μᾶλλον ἐξ ἀρχῆς Αγ24. 86a17. ἀκριβεστέρα ἐπι-	ἀπόδειξις ἡ μᾶλλον ἐξ ἀρχῆς Αγ24. 86a17. ἀκριβεστέρα ἐπι-	
page-040-L:_b97ad02c-fb48-4de9-972c-16919830c482	both	ἐν τῇ δημηγορικῇ τὰ ἀκριβῆ περίεργα, ἡ δὲ δικανικὴ ἀκρι-	εν τῇ δημηγορικῇ τὰ ἀκριβῆ περίεργα, ἡ δὲ δικανικὴ ἀκρι-	εν τῇ δημηγορικῇ τὰ ἀκριβῆ περίεργα, ἢ δὲ δικανικὴ ἀκρι-	
page-040-R:_170d8916-708d-4358-a4f7-8a9c45b85fe3	both	ἀκριβȣ͂ν, syn πταίειν, σφάλλεσθαι τῇ γλώττῃ πγ31. 875	ἀκριβȣ͂ν, syn πταίειν, σφάλλεσθαι τῇ γλώττη πγ31. 875	ἀκριβȣ͂ν, syn πταίειν, σφάλλεσθαι τῇ γλώττη πγ31. 875	
page-040-R:_3ff0b1a6-f471-46fa-a71e-63722c00f236	both	531b20, 532b10. ε19. 550b22, 32. Ζμδ6. 683a33. Ζγα	531b20, 532b10. ε19. 550b22, 32. Ζμδ 6. 683a33. Ζγα	531b20, 532b10. ε19. 550b22, 32. Ζμδ 6. 683a33. Ζγα	
page-040-R:_d4152489-1ef9-4334-9c48-f9b40b19a1ef	both	ϗ̀ τὰ τοιαῦτα b20). ἔσμα ὁ αὐχὴν τȣ͂ καρπȣ͂ τῶν ἀκρο-	ϗ̀ τὰ τοιαῦτα b20). ἕσμα ὁ αὐχὴν τȣ καρπȣ͂ τῶν ἀκρο-	ϗ̀ τὰ τοιαῦτα b20). ἔσμα ὁ αὐχὴν τȣ͂ καρπȣ τῶν ἀκρο-	
page-041-R:_804a6120-d002-4f32-86a3-24016bdd3906	both	extremae, ἡ κύλιξ κολοβός, ἂν τρυπηθῇ τὸ ȣ̓͂ς ἢ ἀκρωτή-	extremae, ἡ κύλιξ κολοβός, ἂν τρυπηθῇ τὸ ȣ̔͂ς ἢ ἀκρώτη-	extremae, ἡ κύλιξ κολοβός, ἂν τρυπηθῇ τὸ ȣ̓͂ς ἢ ἀκρώτη-	
page-042-L:_fb74eeeb-c3e0-4f29-b772-66435422e01f	both	ποιεῖν τȣς φαύλȣς νόμȣς ἀκύρȣς ρ37. 1443b28. ἄκυρον τὸ	ποιεῖν τȣ̀ς φαύλȣς νόμȣς ἀκȣ́ρȣς ρ37. 1443b28. ἄκυρον τὸ	ποιεῖν τȣ̀ς φαύλȣς νόμȣς ἀκȣρȣς ρ37. 1443b28. ἄκυρον τὸ	
page-042-L:_27b1bd07-9b7a-4937-a0cf-f6833a8f1d1c	both	αἱ τῶν ἀκυροτέρων περίοδοι ἀκολȣθȣ͂σι ταῖς τῶν κυριωτέρων	αἱ τῶν ἀκυρότερων περίοδοι ἀκολȣθȣ͂σι ταῖς τῶν κυριωτέρων	αἱ τῶν ἀκυρότερων περίοδοι ἀκολȣθȣ͂σι ταῖς τῶν κυριωτέρων	
page-042-L:_ee64ad1b-340f-463e-88ed-04cf3f2b5f3a	both	ἀλγήματα περὶ τὸν νῶτον, περὶ τȣς ὄρχεις Ζιγ3. 512b18,25.	ἀλγήματα περὶ τὸν νῶτον, περὶ τȣ̀ς ὄρχεις Ζιγ3. 512b18, 25.	ἀλγήματα περὶ τὸν νῶτον, περὶ τȣ̀ς ὄρχεις Ζιγ3. 512b18, 25.	
page-043-L:_e8f00d47-037b-45ca-84d2-1781a8c886b9	both	Ἀλεξαμενὸς ὁ Στυρεὺς ἢ Τήϊος πρῶτος ἔγραψε διαλόγȣς	Ἀλεξαμενὸς ὁ Στυρεὺς ἢ Τῆος πρῶτος ἔγραψε διαλόγȣς	Ἀλεξαμενὸς ὁ Στυρεὺς ἢ Τήῖος πρῶτος ἔγραψε διαλόγȣς	
page-043-L:_141ff029-c113-40b5-a08e-738a92b83881	both	Ἄλεξις ϗ̀ Ἐπειός, Ἠλείȣ υἱοί f 595. 1575a16.	Ἀλεξις ϗ̀ Ἑπειός, Hλείȣ υἱοί f 595. 1575a16.	Ἄλεξις ϗ̀ Ἐπειός, Ἡλείȣ υἱοί f 595. 1575a16.	
page-043-L:_db154a1d-fe30-4aad-a4a3-b17c93a1e295	both	ἄλευρον. ἄλευρα καταπάσαντες Ζιι40. 627b19. τῶν ἐφθῶν	ἄλευρον. ἄλευρα καταπάσαντες Ζι40. 627b19. τῶν ἑφθῶν	ἄλευρον. ἄλευρα καταπάσαντες Ζιι40. 627b19. τῶν ἑφθῶν	
page-043-L:_d72f331f-b121-4309-a9e9-0995a8551c56	both	τὸ ὄν et τὴν ȣ̓σίαν, modo ad cognitionem et scientiam vergit.	τὸ ἂὂν et τὴν ȣ̓σίαν, modo ad cognitionem et scientiam vergit.	τὸ ὂν et τὴν ȣ̓σίαν, modo ad cognitionem et scientiam vergit.	
page-043-L:_3fa3411f-4bfa-4057-84d5-ec908ee1224c	both	φεῖν, ἀποφήνασθαι περὶ τῆς ἀληθείας, ἢ περὶ τῆς ἀληθείας	φεῖν, ἀποφήνασθαι περὶ τῆς ἀληθείας, ἡ περὶ τῆς ἀληθείας	φεῖν, ἀποφήνασθαι περὶ τῆς ἀληθείας, ἡ περὶ τῆς ἀληθείας	
page-043-R:_fa79dee3-44a3-4c02-b4f3-25a662466952	both	65a36. τα10. 104a32. θ3. 162b32. Γα 3. 318b28, 29.	65a36. τα10. 104a32. θ3. 162b32. Γα3. 318b28, 29.	65a36. τα10. 104a92. θ3. 162b32. Γα3. 318b28, 29.	
page-043-R:_2ba65299-94ef-45fb-9a53-feec553a3418	both	1431b4. δόξειεν ἂν ἔχειν ἀλήθειαν Πγ11. 1281a12. —	1431b4. δόξειεν ἂν ἔχειν ἀλήθειαν Πγ11. 1281a42. —	1431b4. δόξειεν ἂν ἔχειν ἀλήθειαν Πγ11. 1281a42. —	
page-043-R:_515555f6-3222-4519-a5cf-00a1255e759e	both	κατηγορίαι διῄρηνται Αα37. 49a6.	κατηγορίαι διήρηνται Αα37. 49a6.	κατηγορίαι διήρηνται Αα37. 49a6.	
page-044-L:_cb402cae-be76-4dbe-878a-9e915128fc54	both	ἄτοπον μβ3. 358a16. ἀληθὲς dist ἀληθὲς τȣ́τῳ Μγ6.	ἄτοπον μβ3. 358a16. ἀληθές, dist ἀληθὲς τȣ́τῳ Μγ6.	ἄτοπον μβ3. 358a16. ἀληθές, dist ἀληθὲς τȣτῳ Μγ6.	
page-044-L:_ab7a57ff-1258-4334-8509-1825bc070366	both	ρωνος ημα33. 1193a33. ἀποδεῖξαι αὐτὸν μὲν ἀληθῆ, τὸν δὲ	ρωνος ημα33. 1193a33. ἀποδεῖξαι αὑτὸν μὲν ἀληθῆ, τὸν δὲ	ρωνος ημα33. 1193a33. ἀποδεῖξαι αὑτὸν μὲν ἀληθῆ, τὸν δὲ	
page-044-L:_1548528e-a1ff-4370-a193-6a1dc3e91256	vote	ἀλῆτις, ᾆσμα ταῖς αἰώραις προσᾳδόμενον f 472. 1556a3, 6,	ἀλῆτις, ᾄσμα ταῖς αἰώραις προσᾳδόμενον f 472. 1556a3,	ἀλῆτις, ᾆσμα ταῖς αἰώραις προσᾳδόμενον f 472. 1556a3,	ἀλῆτις, ᾆσμα ταῖς αἰώραις προσᾳδόμενον f 472. 1556a3,
page-044-R:_bd2eb5ba-df03-43a8-8e09-72a1e8195dcf	both	munis ad Ζι 32. 34 Su 106 n 30 AΖι I 77 n 1d).	munis ad Ζι 32. 34 Su 106 n 30 AΖι I 77 n 1J).	munis ad Ζι 32. 34 Su 106 n 30 AZι I 77 n 1d).	
page-044-R:_aa6f179d-ea0d-4100-9aab-3d6e9c5f2f24	both	ἀλίζειν. ἄρτοι ἠλισμένοι, opp ἄναλοι πκα5. 927a36. ἀλίζο-	ἀλίζειν. ἄρτοι ἡλισμένοι, opp ἄναλοι πκα5. 927a36. ἁλιζο-	ἁλίζειν. ἄρτοι ἠλισμένοι, opp ἄναλοι πκα5. 927a36. ἀλιζο-	
page-044-R:_d4697317-cf40-44ab-863f-297c3c4ddce4	both	μὲν ȣ̓͂ν τοιȣ́των ἅλις Ηκ1. 1172b7. περὶ μὲν τȣ́των ἅλις	μὲν ȣ̓ν τοιȣ́των ἅλις Ηκ1. 1172b7. περὶ μὲν τȣ́των ἅλις	μὲν ȣ̓͂ν τοιȣ́των ἅλις Ηκ1. 1172b7. περὶ μὲν τȣτων ἅλις	
page-044-R:_c41d3349-48cb-499f-b28d-714557aa5816	both	ἀλίσκεσθαι. ἄστυ ἀλώῃ (Hom Ι 592) Ρα7. 1365a13. Βα-	ἀλίσκεσθαι. ἄστυ ἁλῴη (Hom I 592) Ρα7. 1365a13. Ρα-	ἀλίσκεσθαι. ἄστυ ἀλῴη (Hom I 592) Ρα7. 1365a13. Bα-	
page-044-R:_e42010b8-6e9c-46a0-bb30-c654ea5a2107	both	f 518. 1562b36. ἀλίσκεσθαι ἔρκεσιν Ζιι26. 617b24. —	f 518. 1562b36. ἁλίσκεσθαι ἕρκεσιν Ζιι26. 617b24. —	f 518. 1562b36. ἀλίσκεσθαι ἕρκεσιν Ζιι26. 617b24. —	
page-044-R:_d6cef78a-a6b7-476f-b867-50de3c41eee9	both	b12. οἱ ἀπ' Ἀλκιβιάδȣ Ρβ15. 1390b29. Ἀλκ., exemplum	b12. οἱ ἀπ᾽ Ἀλκιβιάδȣ Ρβ15. 1390b29. Ἀλκ., exemplum	b12. οἱ ἀπ᾽ Ἀλκιβιάδȣ Ρβ15. 1390b29. Ἀλκ., exemplum	
page-045-L:_4e4c4a6d-91d0-468b-a58e-ffd8abe84a82	both	'Αλκιδάμας Ρβ23. 1398b10. 'Α. ἐν τῷ Μεσσηνιακῷ Ρα13.	Ἀλκιδάμας Ρβ23. 1398b10. Ἀ. ἐν τῷ Μεσσηνιακῷ Ρα13.	'Αλκιδάμας Ρβ23. 1398b10. Α. ἐν τῷ Μεσσηνιακῷ Ρα13.	
page-045-L:_3d7600d3-58d6-479b-9711-062acb8ce248	both	'Αλκιμένης ὁ Συβαρίτης θ96. 838a15, 25.	Ἀλκιμένης ὁ Συβαρίτης θ96. 838a15, 25.	Αλκιμένης ὁ Συβαρίτης θ96. 838a15, 25.	
page-045-L:_b376bafd-17e5-4706-9e67-aca6e9d4aa57	both	Ζιι41. 628b6. ζῷα· τὰς ὄψεις ἀγριώτερα ϗ̀ ἀλκιμώτερα	Ζιι41. 628b6. ζῷα τὰς ὄψεις ἀγριώτερα ϗ̀ ἀλκιμώτερα	Ζιι41. 628b6. ζῷα τὰς ὄψεις ἀγριώτερα ϗ̀ ἀλκιμώτερα	
page-045-L:_a2215365-ea85-4094-b47e-386246000aaf	both	'Αλκμαίων πο13. 1453a20. 14. 1453b24. — 'Α. Εὐριπίδȣ	Ἀλκμαίων πο13. 1453a20. 14. 1453b24. —Ἀ. ὐριπίδȣ	'Ἄλκμαίων πο13. 1453a20. 14. 1453b24. — Ἀ. Εὐριπίδȣ	
page-045-L:_493203b9-73fe-4bad-86e1-9c0cba4dc097	both	Ηγ1. 1110a28 (cf fr 70). f 584. 1573a12. 'Α. 'Αστυδά-	Ηγ1. 1110a28 (cf fr 70). f 584. 1573a12. Ἀ. Ἀστυδά-	Ηγ1. 1110a28 (cf fr 70). f 584. 1573a12. Α. 'Ἀστυδά-	
page-045-L:_b3ce8ff7-0119-4fd0-ae7c-dba1e7070188	both	'Αλκμαίων ὁ Κροτωνιάτης ΜΑ5. 986a26. Ζιη1. 581a16.	Αλκμαίων ὁ Κροτωνιάτης ΜΑ5. 986a26. Ζιη1. 581a16.	Αλκμαίων ὁ Κροτωνιάτης ΜΑ5. 986a26. Ζιη1. 581a16.	
page-045-L:_9544079a-329a-4a39-80ae-82dd174234a3	both	'Αλκμὰν ὁ ποιητὴς τίνι νόσῳ διεφθάρη Ζιε31. 557a2.	Ἀλκμὰν ὁ τοιτῆς τίνι νόσιν διεφθρν Ζιε31. 557a2,	Ἅλκμὰν ὁ ποιητὴς τίνι νόσῳ διεφθάρη Ζιε31. 557a2.	
page-045-L:_c9628961-bf73-447d-90a7-9b8c83f949a4	both	ζῇ ἰχθυοφαγȣ͂σα· Ζιε8. 542b4, 12, 16. ι14. 616a14-34.	ζὴ ἰχθυοφαγȣσα Ζιε8. 542b4, 12, 16. ι14. 616a14-34.	ζῇ ἰχθυοφαγȣ͂σα Ζιε8. 542b4, 12, 16. ι14. 616a14-34.	
page-045-L:_ec0f59d6-c83e-47c5-9739-51e1a10975b1	both	cedinis smyrnensis Su 133 n 98, alcedo ispida ΛΖι I 77	cedinis smyrnensis Su 133 n 98, alcedo ispida AΖι I 77	cedinis smyrnensis Su 133 n 98, alcedo ispida ΛZι I 77	
page-045-L:_92b4939c-1be2-4847-bbd8-906f6fedaad9	both	1376a28. κἂν μὴ πρὸς τὰς ἐνδόξȣς, ἀλλὰ πρὸς τὰς ἄλλȣς	1376a28. κἂν μὴ πρὸς τȣ̀ς ἐνδόξȣς, ἀλλὰ πρὸς τȣ̀ς ἄλλȣς	1376a28. κἂν μὴ πρὸς τȣ̀ς ἐνδόξȣς, ἀλλὰ πρὸς τ̀ς ἄλλȣς	
page-045-L:_3b3292cd-6b94-4881-b70b-e118618a671c	both	1323b36. ρ1. 1421a4. ἀλλὰ ... γὰρ Πγ1. 1275b13. —	1323b36. ρ1. 1421a4. ἀλλὰ ·.. . γὰρ Πγ1. 1275b13. —	1323b36. ρ1. 1421a4. ἀλλὰ .. γὰρ Πγ1. 1275b13. —	
page-045-L:_c8b3c2bc-49ad-4a7b-91aa-31963b1b4d06	both	10. 1135a18. πο16. 1455a5 al; interdum ad significationem	1ν11a5a1s e1b.1ι255aituaaaa ad aν6sfuats	C'. 1126212.231θ. 1465'. al; innnrdnmm ndaigniina'dnnιm	
page-045-R:_9b196e56-4a22-4afc-8920-b1167b995324	both	1384a25. φτβ3. 825a15 (Wz ad Κ 6. 5b10). εἰ δ᾽ ἐστὶν	1384a25. φτβ3. 825a15 (Wz ad K 6. 5b10). εἰ δ᾽ ἐστὶν	1384a25. φτβ3. 825a15 (Wz ad Κ 6. 5b10). εἰ δ’ ἐστὶν	
page-045-R:_6ada1a66-3e39-4447-9887-d02cdb130733	both	ὁ χρόνος ȣ̔͂τος τῆς κυήσεως ἢ μή ἐστιν, ȣ̓δέν πω συνȣ͂πται	ὁ χρόνος ȣ̓τος τῆς κυήσεωᾷ ἢ μή ἐστιν, ȣθέν πῳ συνῶπται	θ χρόνος ȣ̓͂τος τῆς κυήσεως ἢ μή ἐστιν, ȣ̓δέν πω συνȣ͂πται	
page-045-R:_68d8742a-2dc1-4cb8-a626-4c6fff5cff12	both	δ᾽ ȣ̓δὲ τῷδε (sc αἱρεταί εἰσιν) ἀλλὰ ποτὲ ϗ̀ ὀλίγον χρόνον	δ' ȣ̓δὲ τῷδε (sc αἱρεταί εἰσιν) ἀλλὰ ποτὲ ϗ̀ ὀλίγον χρόνον	δ’ ȣ̓δὲ τῷδε (sc αἱρεταί εἰσιν) ἀλλὰ ποτὲ ϗ̀ ὀλίγον χρόνον	
page-045-R:_9d493f0f-6d92-4713-a7bd-b0be9a7b8633	both	ἐν ȣ̓δεμιᾷ τέχνη ἀλλ᾽ ἐν ῥητορικῇ ϗ̀ ἐριστικῇ Ρβ24. 1402	ἐν ȣ̓δεμιᾷ τέχνῃ ἀλλ’ ἐν ῥητορικῇ ϗ̀ ἐριστικῇ Ρβ24. 1402	ἐν ȣ̓δεμιᾷ τέχνῃ ἀλλ᾽ ἐν ῥητορικῇ ϗ̀ ἐριστικῇ Ρβ24. 1402	
page-045-R:_cf80a309-61f9-4d3a-bd4d-39ea1a48f2bc	both	nalisτζ13. 150a9. ημβ8. 1207b14. ἀλλ᾽ ȣ̓͂ν γε κ6. 397b12.	nalis τζ13. 150a9. ημβ8. 1207b14. ἀλλ᾽ ȣ̓ν γε κ6. 397b12.	nalis τζ13. 150a9. ημβ8. 1207b14. ἀλλ᾽ ȣ̓͂ν γε κ6. 397b12.	
page-045-R:_78fea5c8-4ef2-4509-9b14-4178630eab18	both	b23, a35. ἀλλαγή τινος, dist χρεία Πα9. 1257a13, 25. ποι-	b23, a35. ἀλλαγή τινος, dist χρεία Πα9. 1257a13, 25. πο	b23,a35. ἀλλαγή τινος, dist χρεία Πα9. 1257a13, 25. ποι.	
page-045-R:_233a2a4b-59c6-46b9-b7df-0d5f0f01736c	both	μένῳ ὑποδήματος ἀντὶ νομίσματος Πα9. 1257a10. — ἀλ-	μένων ὕαοοηματος ἕντῖ νομσματος Πα9. 1257a19. — ἀλ	μένιῳ ̓ποδήματος ἀντὶ νομίσματος Πα9. 1257a10. — ἀλ-	
page-045-R:_e45f9216-8411-403f-93dc-569a4dbf615c	both	λονται πλεῖον ἔχοντες τȣ̀ς ἁλτῆρας ἢ μὴ ἔχοντες Ζπ3. 705	λονται πλεῖον ἔχοντες τȣ̀ς ἀλτῆρας ἢ μὴ ἔχοντες Ζπ3. 705	λονται πλεῖον ἔχοντες τȣ̀ς ἀλτῆρας ἢ μὴ ἔχοντες Ζπ3. 705	
page-045-R:_8783ffaa-5759-4de0-b969-bf8b04b3ede3	both	ἄλλεται ὁ δεξιός Ζιθ24. 604a27.	έἰστα ὁ ὀεεος Ζιε4.64 7	Λλ.aῖαι ̓ ̓ι8ός ΖΓθ24.. 904a27.	
page-046-L:_00077d3c-105d-489e-8f18-3abdd382bea7	both	ἀλλοῖα σπȣδάσαι f 170. 1506b2. ἐστὶ τινὰ αὐξανόμενα ἃ	ἀλλοῖα σπȣδάσαι f 170. 1506b2. ἐστὶ τίνὰ αξαἴόμενα δ	ἀλλοῖα σπȣδάσαι f 170. 1506b2. ἐστὶ τινὰ αὐξαόμενα ἃ	
page-046-L:_0ab7be29-3bb2-48d7-8e8a-dcf7bc9fb9a8	both	ἀλλοιȣ͂ν. τὸ ἀλλοιȣ́μενον ἅπαν ἀλλοιȣ͂ται ὑπὸ τῶν αἰσθητῶν	ἀ))οιȣν τὸ αλλομενον ἅπαν ἀλλοιȣ͂ται ὑπὸ τῶν αἰσθητῶν	ἀλλοιȣ͂ν. τὸ ἀλλοιȣ́μενον ᾅπαν ἀλλοιȣ͂ται ὑπὸ τ̀ν αἰσθητῷν	
page-046-L:_12016472-7c85-4d82-962b-4121f9810c2d	both	σθητȣ͂ ὄντος, μεταβάλλῃ ἐν τοῖς αὐτȣ͂ πάθεσιν, ἢ ἐναντίοις	σθητȣ͂ ὄντος, μεταβάλλη ἐν τοῖς αὐτȣ͂ πάθεσιν, ἢ ἐναντίοις	σθητȣ͂ ὄντος, μεταβάλλῃ ἐν τοῖς αὑτȣ͂ πάθεσιν, ἢ ἐναντίοις	
page-046-R:_107c1700-ffca-44f0-b7fc-6853c16f95a7	both	ἀναιρεῖσθαι ἀνάγκη τοῖς ȣ̔́τω (Emped) λέγȣσιν ΜΑ8. 989	ἀναιρεῖσθαι ἀνάγκῃ τοῖς ὕ̔τω (Emped) λέγȣσιν ΜΑ8. 989	ἀναιρεῖσθαι ἀνάγκῃ τοῖς ȣ̔́τω (Emped) λέγȣσιν ΜΑ8. 989	
page-046-R:_151f8d7d-a786-4e42-a263-4f401eb5ed07	both	men᾽ ἐὰν ἡμίπυρον ᾖ, σφοδρὸν δὲ ἄλλως ϗ̀ ἀθρόον κ4.	men ἐν ἠίπρον ἢ, σφοδρὸν δὲ ἄλλωνς ϗ̀ ἀθρόον κ4.	msn' ἐὰν ἡμίπυρον ᾖ σφοδρὸν δὲ ἄλλως ϗ̀ ἀθρόον κ4.	
page-047-R:_7bc33ec4-ec41-47b0-8ff1-8149439e7650	both	ὅμοιον Οβ6. 289a6. τȣ͂το δ᾽ ἄλογον, συμβαίνει ἄλογον sim	ὅμοιον Οβ6. 289a6. τȣτο δ᾽ ἄλογον, συμβαίνει ἄλογον sim	ὅμοιον Οβ6. 289a6. τȣτο δ᾽ ἄλογον, συμβαίνει ἄλογον sim	
page-047-R:_e0461434-cdd1-48fd-8431-fc41cc094745	both	Ἀλόπη Καρκίνȣ Ηη8. 1150b10 (Nck fr tr p 619).	Αλόπη Καρκίνȣ Ηη8. 1150b10 (Nck fr tr p 619).	Ἄλόπη Καρκίνȣ Ηη8. 1150b10 (Nck fr tr p 619).	
page-047-R:_ccb82e16-e4a3-403d-8a38-2d23be9e63b9	both	a1. ἅλες μᾶλλον λίτρȣ ὀσμώδεις αι5. 443a13. ἅλες.χον-	a1. ἅλες μᾶλλον λίτρȣ ὀσμώδεις αι5. 443a13. ἅλες χον-	a1. ἅλες μᾶλλον λίτρȣ ὀσμώδεις αι5. 443a13. ἅλες χον-	
page-047-R:_335676ca-036b-4405-b199-ede2f7dad31c	both	λείχειν ἅλα Ζιζ27. 580b31. παρέχειν ἅλας f588. 1574a1.	λείχειν ἅλα Ζιζ27. 580b31. παρέχειν ἅλας f 588. 1574a1.	λείχειν ἅλα Ζιζ27. 580b31. παρέχειν ἅλας f 588. 1574a1.	
page-047-R:_001dae43-0b18-4d67-9d5e-b7812f09cefb	both	— sing ἅλς, ἁλός εν3. 461b16. Ζιζ27. 580b31 (v l ἅλ-	— sing ἅλς, ἁλός εν3. 461b16. Ζιζ27. 580b31 (v l ἄλ-	— sing ἅλς, ἀλός εν3. 461b16. Ζιζ27. 580b31 (v l ἄλ-	
page-047-R:_65c7215e-75e6-40b0-a110-13476ad6d336	both	λας). θ10. 596a21. πια26. 902a1. 42. 904a5, reliquis	λας). θ10. 596a21. ια56. 998a1. 42.904a5, rsliq	λα3). 110. 996a21.. πια26. 90211.. 42.. 204a5, reliquis	
page-048-L:_c33f41f9-9631-4a46-8c7b-39fd3a920537	both	a9. 19. 873b37. τὰ ἁλυκὰ τῶν γλυκέων ἧττον ψυχρὰ πκγ	a9. 19. 873b37. τὰ ἁλυκὰ τῶν γλυκέων ἧττον ψυχράπκγ	a9. 19. 873b37. τὰ ἁλυκὰ τῶν γλυκέων ἧττον ψυχρά πκγ	
page-048-L:_9f034641-b07e-45cc-9b2e-13aa26648aaa	both	ἁλυκότης f209. 1516a15. φτβ2. 823b17. 3. 824b5.	ἀλυκότης f 209. 1516a15. φτβ2. 823b17. 3. 824b5.	ἁλυκότης f 209. 1516a15. φτβ2. 823b17. 3. 824b5.	
page-048-L:_9e99c5c7-cb26-4326-a550-00c8c2c63e52	both	1126b14. αὕτη ἡ δειλία ἄλυπος Ηγ15. 1119a29. ἄλυπος	1126b14. αὐτὴ ἡ δειλία ἄλυπος Ηγ15. 1119a29. ἄλυπος	1126b14. αὐτὴ ἡ δειλία ἄλυπος Ηγ15. 1119a29. ἄλυπος	
page-048-L:_f87db34b-b08b-4590-9c58-9b53577a5281	both	Ἅλυς. Κροῖσος Ἅλυν διαβὰς Ργ5. 1407a38.	λυε. Κροῖσος αλυν διαβὰς Ργ5. 1407a38.	Ἄλυς. Κροῖσος Ἄλυν διαβὰς Ργ5. 1407a38.	
page-048-L:_c7d3c8fc-66e3-4e6a-8ca6-e16bfa500e5a	both	Ἀλφειȣ͂ θυγάτηρ, ἀπόγονοι f555. 1569b43. 554. 1569b36.	Ἀλφειȣ͂ θυγάτηρ, ἀπόγονοι f 555. 1569b43. 554. 1569b36.	Ἀλφειȣ͂ θυγάτηρ, ἀπόγονοι f 555. 1569b43. 554. 1569b36.	
page-048-R:_990cf6be-33c3-4150-bd3e-7eab8b05edf9	both	ϗ̀ τὰ ἄλφιτα ϗ̀ οἱ ἄρτοι f411. 1546b13.	ϗ̀ τὰ ἄλφιτα ϗ̀ οἱ ἄρτοι f 411. 1546b13.	ϗ̀ τὰ ἄλφιτα ϗ̀ οἱ ἄρτοι f 411. 1546b13.	
page-048-R:_e25f0104-48be-41a9-aa88-dc9c3d57d141	both	610a12. f275. 1527b23. ὀρνίθων γένος ὃ τίκτει ἐν δέρ-	610a12. f 275. 1527b23. ὀρνίθων γένος ὃ τίκτει ἐν δέρ-	610a12. f 275. 1527b23. ὀρνίθων γένος ὃ τίκτει ἐν δέρ-	
page-048-R:_dbf4be00-95e0-41ac-af31-a3011e6d34d5	both	κυνοραϊστὰς πολλȣ̀ς ἐχȣ́σης Ρβ20. 1393b24 (renard C, de	κυνοραίστὰς πολλȣ̀ς ἐχȣ́σης Ρβ20. 1393b24 (renard C, de	κυνοραϊστὰς πολλȣ̀ς ἐχȣσης Ρβ20. 1393b24 (renard C, de	
page-048-R:_1b351117-cbb0-43e9-bb50-faa871f00549	both	a4 (ὅθεν αὐτῶν μεταξύ ἐστιν). ἅμα κατὰ χρόνον def Φδ10.	a4 (ȣθὲν αὐτῶν μεταξύ ἐστιν). ἅμα κατὰ χρόνον def Φδ10.	a4 (̓θὲν αὐτῶν μεταξύ ἐστιν). ἅμα κατὰ χρόνον def Φδ10.	
page-049-L:_02ba8f27-cacf-4e84-b748-d8b3473a515a	both	ἀμαθία παρακολȣθεῖ τῇ ἀφροσύνῃ αρ6. 1251a2.	ἀμαθία παρακολȣθεῖ τῇ ἀφροσύνη αρ6. 1251a2.	ἀμαθία παρακολȣθεῖ τῇ ἀφροσύνη αρ6. 1251a2.	
page-049-L:_1d726357-2e0d-4f67-949e-9a6d6dc5fa33	both	ἀμαθύνει (Hom Ι 593) Ρα7. 1365a14.	ἀμαθύνει (Hom I 593) Ρα7. 1365a14.	ἀμαθύνει (Hom I 593) Ρα7. 1365a14.	
page-049-L:_3c816e2e-acf1-4c35-8b26-71a58fc19def	both	βολὴ ἁμαρτάνεται, τὸ δὲ μέσον κατορθȣ͂ται Ηβ5. 1106b25.	βολὴ ἀμαρτάνεται, τὸ δέ μέσον κατορθȣ͂ται Ηβ5. 1106b25.	βολὴ ἁμαρτάνεται, τὸ δέ μέσον κατορθȣ͂ται Ηβ5. 1106b25.	
page-049-L:_e9633e77-0970-4d65-a9e6-7f9a75420f3e	both	ἁμάρτημα. ἐν τοῖς ἀιδίοις ȣ̓δὲν ȣ̓́τε κακὸν ȣ̓́τε ἁμάρτημα	ἀμάρτημα. ἐν τοῖς ἀιδίοις ȣ̓δὲν ȣ̓́τε κακὸν ȣ̓τε ἁμάρτημα	ἀμάρτημα. ἐν τοῖς ἀιδίοις ȣ̓οὲν ȣ̓́τε κακὸν ȣ̓́τε ἁμάρτημα	
page-049-R:_70b3d6ce-93e1-457f-a9e9-fa782b4931ac	both	πο13. 1453a10. ρ5. 1427a34. — ἁμαρτία φυσικὴ ημβ6.	πο13. 1453a10. ρ5. 1427a34. — ἁμαρτία φυσική ημβ6.	πο13. 1453a10. ρ5. 1427a34. — ἁμαρτία φυσική ημβ6.	
page-049-R:_ab59b2ae-dd08-4cc2-91c1-8c9967a6f898	both	Πα12. 1259b8 (Her. 2,172).	Πα12. 1259b8 (Her. 2, 172).	Πα12. 1259b8 (Her. 2, 172).	
page-049-R:_e32692ee-d361-4ddc-8b11-ff1466a75641	both	ἀμβλυωπότερος ἐγένετο τὰς ὄψεις Διονύσιος f546. 1568	ἀμβλυωπότερος ἐγένετο τὰς ὄψεις Διονύσιος f 546.1568	ἀμβλυωπότερος ἐγένετο τὰς ὄψεις Λιονύσιος f546. 1568	
page-049-R:_655290a8-43ec-4288-b1d2-1a073abd569c	both	μέρος τῆς Ἀμβρακίας f437. 1550a22. — Ἀμβρακία, θυ-	μέρος τῆς Ἀμβρακίας f437. 1550a22. — Ἀμβραȣία, θυ-	μέρος τῆς Ἀμβρακίας f 437. 1550a22. — Ἀμβρακία, θυ-	
page-049-R:_47497904-106c-455c-99e3-7f76b4cea15c	both	κιωτῶν πολιτεία f437.	κιωτν πολιτεία f 437.	κιωτῶν πολιτεία f 437.	
page-050-L:_caf2f567-e453-4960-a80b-ef8b32f10e33	both	ἀμελέτητος, opp γεγυμνάσθαι τιι6. 175a26, 24.	ἀμελέτητος, opp γεγυμνάσθαι τι16. 175a26, 24.	ἀμελέτητος, opp γεγυμνάσθαι τι16. 175a26, 24.	
page-050-L:_4b639fcd-1872-421d-83db-caca0b1066f5	both	ἔχον μέγεθος Φζ10. 240b12. 1. 231b3. θ10. 266a10. ἄρ'	ἔχον μέγεθος Φζ10. 240b12. 1. 231b3. θ10. 266a10. ἆρ	ἔχον μέγεθος Φζ10. 240b12. 1. 231b3. θ10. 266a10. ἆρ’	
page-050-L:_6c9c6c79-aa53-4b2e-aa6d-b9e49cbaab82	both	ἀδιαίρετος Μλ7. 1073a6. εἰ μεριστὴ ἡ ἀμερὴς ἡ ψυχὴ ψα1.	ἀδιαίρετος Μλ7. 1073a6. εἰ μεριστὴ ἢ ἀμερὴς ἡ ψυχή ψα1.	ἀδιαίρετος Μλ7. 1073a6. εἰ μεριστὴ ἢ ἀμερὴς ἡ ψυχή ψα1.	
page-050-R:_663a6049-1ef8-4e25-9aaf-9631c2fbbbf3	both	ἐμβάλλȣσιν εἰς τὸν Πόντον, ἀναπλέȣσιν εἰς τȣς ποταμȣ̀ς	ἐμβάλλȣσιν εἰς τὸν Πόντον, ἀναπλέȣσιν εἰς τȣ̀ς ποταμȣ́ς	ἐμβάλλȣσιν εἰς τὸν Πόντον, ἀναπλέȣσιν εἰς τȣ̀ς ποταμȣ́ς	
page-050-R:_83cebea9-6d45-4ec3-9974-b05a91582c14	both	138, 'putant scombrum amiam intelligi' S II 174, scomber	138 putant scombrum amiam intelligi S II 174, scomber	13β, putant scombrum amiam intelligi' S II 174, scomber	
page-050-R:_8dc6e8f8-adb2-4837-b230-4e8321d4307f	both	St K Cr, scomber amia L, s lichia amia Cuv F304, 9, scom-	St K Cr, scomber amia L, s lichia amia Cuv F 304, 9, scom-	St K Cr, scomber amia L, s lichia amia Cuv F 304, 9, scom-	
page-050-R:_133a3661-ee2a-492a-b099-11dfb840291d	both	ber sardo Ka Ζι adα1, pelamys sarda, bonite AΖι I121 n2).	ber sardo Ka Zι adα1, pelamys sarda, bonite AΖι1121 n 2).	ber sardo Ka Zι adα1, pelamys sarda, bonite AΖιI121 n 2).	
page-050-R:_e8e7efc9-48e6-478f-984e-d814f4df6c2f	both	᾽Αμιναῖος οἶνος f453. 1552a32, 36, 39.	Ἀμιναῖος οἶνος f453. 1552a32, 36, 39.	Αμιναῖος οἶνος f 453. 1552a32, 36, 39.	
page-050-R:_ba7c55ed-d4c6-4077-97e6-aa828f56922d	both	θ48. 833b22. f248. 1524a6.	θ48. 833b22. f 248. 1524a6.	θ48. 833b22. f 248. 1524a6.	
page-050-R:_555372ce-d062-4b93-8640-06e11c358084	both	Ἀμμȣ́ς i q Ζεύς f487. 1557b21.	Ἀμμȣ́ς i q Ζεύς f 487. 1557b21.	Ἀμμȣς i q Ζεύς f 487. 1557b21.	
page-050-R:_6d5ef046-08e6-40be-87bd-f5c3d8c24ec9	both	Ἄμμων. αἱ ἐν Ἄμμωνι κρῆναι f488. 1557b23. — ὁ ἐπὶ τὴν	Ἀμμων. αἱ ἐν Ἀμμωνι κρῆναι f 488. 1557b23. — ὁ ἐπὶ τὴν	Ἄμμων. αἱ ἐν Ἄμμωνι κρῆναι f 488. 1557b23. — ὁ ἐπὶ τὴν	
page-050-R:_f24a255c-3b1e-47dd-b7d9-1e3403bcbaaa	both	᾽Αμμωνία χώρα μα14. 352b32.	Ἀμμωνία χώρα μα14. 352b32.	Αμμωνία χώρα μα14. 352b32.	
page-050-R:_9df2f6b3-689d-437b-bd0f-fbea1bd9f87d	both	᾽Αμμωνιάς, τριήρης ἱερὰ f403. 1545b4, 18.	Ἀμμωνιάς, τριήρης ἱερά, f 403. 1545b4, 18.	Αμμωνιάς, τριήρης ἱερά f 403. 1545b4, 18.	
page-051-L:_172017a7-c064-405b-b17d-ef3c39e113eb	both	μν 2. 453b1. — ἀμνήμονες (i e ingrati) οἱ πολλοί Ηι7.	μν2. 453b1. — ἀμνήμονες (ie ingrati) οἱ πολλοί Ηc7.	μν2. 453b1. — ἀμνήμονες (i e ingrati) οἱ πολλοί Ηι7.	
page-051-L:_d3deb05d-b693-47fd-93ff-7726302de40e	both	ἀμȣσία ϗ̀ μȣσική, πάθος καθ' αὑτόν Γα4. 319b27.	ἀμȣσία ϗ̀ μȣσική, πάθος καθ᾽ αὐτόν Γα4. 319b27.	ἀμȣσία ϗ̀ μȣσική, πάθος καθ' αὐτόν Γα4. 319b27.	
page-051-L:_330a6f27-bd55-4dbc-be4e-39c8704f45d0	both	κάπνεον Ζγδ4. 770b20. ἄμπελος Ἀνθηδονιὰς ϗ̀ Ὑπερείας	κάπνεον Ζγδ4. 770b20. ἄμπελος Ἀνθηδονιὰς ϗ̀ περείας	κάπνεον Ζγδ4. 770b20. ἄμπελος Ἀνθηδονιὰς ϗ̀ περείας	
page-051-L:_e56b13f3-465d-4e0c-b33b-8070462a2851	both	ψαντο, ἀμυδρῶς μέντοι ϗ̀ ȣ̓δὲν σαφῶς ΜΑ4. 985a13. cf 5	ψαντο, ἀμυδρῶς μέντοι ϗ̀ ȣ̓δὲν σαφῶς ΜΑ4. 985a13. cf	ψαντο, ἀμυδρῶς μέντοι ϗ̀ ȣ̓δὲν σαφῶς ΜΑ4. 985a13. cf5	
page-051-L:_50f21811-2fdd-4663-a121-2c556497b376	both	1384a22. ἀμύνεσθαι om obiecto Ζια1. 488b9. ι41. 628b5.	1384a22. ἀμύεσθαι om abisctω Ζια1. 488b9. ιμ1. 628bn5.	1384a22. ἀμΐνεσθαι om obiecto Ζα1. 488b9. ι41. 628b5.	
page-051-R:_00938988-1604-457e-9031-d3ae991a361b	both	ἀμύνεσθαι περὶ πάτρης (Hom Μ 243) Ρβ21. 1395a14. —	ἀμύνεσθαι περὶ πάτρης (Hom M 243) Ρβ21. 1395a14. —	ἀμύνεσθαι περὶ πάτρης (Hom M 243) Ρβ21. 1395a14. —	
page-051-R:_58e641dd-73a1-4f02-858d-434d6ffb0584	both	Ἀμφίμαχος. ἐπίγραμμα ἐπὶ Ἀμφιμάχῳ f 596. 1576b7.	Ἀμφίμαχος. ἐπίγραμμα ἐπὶ Ἀμφιμάχȣ f596. 1576b7.	Ἀμφίμαχος. ἐπίγραμμα ἐπὶ Ἀμφιμάχȣ f596. 1576b7.	
page-052-L:_48df9d30-3465-4474-9b18-bdc82084418a	both	ἐποίκȣς Πε3. 1303b2. 6. 1306a2. — ἡ Θρᾴκη ἡ ὑπὲρ Ἀμ-	ἐποίκνς Πε3. 1303b2. 6. 1306a2. — ἡ Θράκη ἡ ὑπὲρ Ἀμ-	ἐποίκȣς Πε3. 1303b2. 6. 1306a2. — ἡ Θράκη ἡ ὑπὲρ Ἀμ-	
page-052-L:_fea39d45-2fd9-4271-bc35-d75a2b2d6b9c	both	’νόματος al Πδ16. 1300b27, 22. 15. 1299a29. γ9. 1281	νόματος al Πδ16. 1300b27, 22. 15. 1299a29. γ9. 1281	νόματος al Πδδ16. 1300b27, 22. 15. 1299a29. γ9. 1281	
page-052-L:_6061c9d5-2591-4162-82da-627be99c893e	both	παράδοξα). τὰ ἀμφισβητȣ́μενα ϗ̀ διαπορȣ́μενα ηεα4. 1215	παράδοξα). τὰ ἀμφισβητȣμενα ϗ̀ διαπορȣ́μενα ηεα4. 1215	παράδοξα). τὰ ἀμφισβητȣ́μενα ϗ̀ διαπορȣμενα ηεα4. 1215	
page-052-L:_18e24bbf-1e1c-4530-9960-1bdbfe415989	both	302a17. Πβ9. 1270b89. ἀμφισβητήσιμα ἀγαθά, opp ὁμο-	302a17. Πβ9. 1270b39. ἀμφισβητησιμα ἀγαθά, opp ὁμο-	302a17. Πβ9. 1270b89. ἀμφισβητησιμα ἀγαθά, opp ὁμο-	
page-052-L:_1e003aba-1357-45d9-8a58-ce21c610a684	both	Ἀμφιτρύων θ58. 834b26. f 480 1556b31, 39.	Ἀμφιτρύων θ58. 834b26. f 4801556b31, 39.	Ἀμφιτρύων θ58. 834b26. f 4801556b31, 39.	
page-052-L:_b53a2b8b-c619-4968-af6b-7fd93098419c	both	ὁ δ’ ἄκυρος f 426. 1548b31, 39.	ὁ δ᾽ ἄκυρος f 426. 1548b31, 39.	ὁ δ’᾽ ἄκυρος f 426. 1548b31, 39.	
page-053-L:_8f139ee0-d979-487c-a002-7383264a7128	both	653b32. 9. 655b18. Ζπ7. 707a21, ubi aliquot codd κἂν	653b32. 9. 655b18. Ζπ7. 707a21, ubi aliquot codd κἂν a0	653b32. 9. 655b18. Ζπ7. 707a21 ubi aliquot codd κἂν	
page-053-L:_2de255a7-91b2-43a5-872b-93b48e2acb6c	both	εἰ habent; sine v l Αα10. 30b14. 14. 33a12.)—insolentior	εἰ habent; sine v l Αα10. 30b14. 14. 33a12.)— insolentior	εἰ habent; sine v l Αα10. 30b14. 14. 33a12.)— insolentior	
page-053-L:_2b9065fe-ba36-4693-a2b3-56e17e783526	both	particula ἄν suam vim retinet ad determinandum apodosis	particula ἄν suam vim retihnet ad determinandum apodosis	particula ἄν suam vim retiet ad determinandum apodosis	
page-053-L:_3b9478ca-b7d2-48da-a046-2f36f75d0303	both	Ηε1. 1129a17. — εἰ πάθοι ἂν sim in enunciatione in-	Ηε1. 1129a17. — εἰ πάθοι ἂν sim in enunciatione in- 59	Ηε1. 1129a17. — εἰ πάθοι ἂν sim in enunciatione in-o	
page-053-R:_678716d9-629b-4bae-8843-51d41b1d024d	both	b22 (cf γ11. 1116b36 v l) Πβ7. 1267a39. ´γ9. 1280a36.	b22 (cf γ11. 1116b36 vl) Πβ7. 1267a39. γ9. 1280a36.	b22 (cf γ11. 1116b36 v l) Πβ7. 1267a39. γ9. 1280a36.	
page-053-R:_f01c78c6-590b-4df8-b9a7-f4d55a80be45	both	tentialem Πγ13. 1283b15. ζ8. 1322a35 (Bk1 utroque	tentialem Πγ13. 1283b15. ζ8. 1322a35 (Bka utroque	tentialem Πγ13. 1283b15. ζ8. 1322a35 (Bk3 utroque	
page-053-R:_04a1d2c8-5fb4-4268-bed6-01dfcef00b7c	both	ἄν πκε14. 939b2. κϛ12. 941a39, 48. 945b30 (ubivis fa-	ἄν πκε14. 939b2. κϛ12. 941a39. 48. 945b30 (ubivis fa-	ἄν πκε14. 939b2. κϛ12. 941a39. 48. 945b30 (ubivis fa-	
page-054-R:_692d5ef7-6bf6-4dcb-a105-95b4c81f8676	both	Ζμδ9. 685a18. ȣ̔͂ ἕνεκεν ϗ̀ βέλτιον, opp τὸ τȣ́τȣ ἕνεκεν ϗ̀	Ζμδ9. 685a18. ȣ̔͂ ἕνεκεν ϗ̀ βέλτιον, opp τὸ τȣτȣ ἕνεκεν ϗ̀	Ζμδ9. 685a18. ȣ̔͂ ἕνεκεν ϗ̀ βέλτιον, opp τὸ τȣτȣ ἕνεκεν ϗ̀	
page-054-R:_e33d18eb-4736-44fe-906a-e8d8b356dfbf	both	4. τῶν μὲν ἕτερον αἴτιον τȣ͂ ἀναγκαῖα εἶναι, τῶν δὲ ȣ̓θέν	 τῶ᾽ μὲ τπα ζα τ διγαῖ ναι, τροὲbνί	4. τῶν μὲν ἕτερον αἴτιαν τȣ ἀνανκαῖα εἶαιν τῶν δὲ ̓θθν	
page-056-R:_83ec5b13-9e3b-4129-baae-9c0890103bf8	both	378a29, b2.— ἀναθυμίασις in doctrina physiologica, ἔστιν	378a29, b2. — ἀναθυμίασις in doctrina phvsiologica, ἔστιν	378a29, b2. — ἀναθυμίασις in doctrina physiologica, ἔστιν	
page-056-R:_6fd58379-48cf-4fbe-b449-f176a2861ecc	both	ἀναιδὴς λᾶας (Hom [?]λ 598) Ργ11. 1411b34.— ἀναιδȣ͂ς ση-	αναιδὴς λᾶας (Hom λ 598)Ργ11. 1411b34. — ἀναιδȣ͂ς ση-	ἀναιδὴς λᾶας (IHom 'λ 598) Ργ11. 1411b34. — ἀναιδȣ͂ς ση-	
page-056-R:_94e6e5e2-6e87-4758-881b-d3f832e91978	both	54 n 1). — 2. ζῷα ἄναιμα, τὰ ἄναιμα. α. ὅτι ἐστὶ τῶν	b1aB — ἢ ζἶῖα ἄνοία,  ἄȣινα α ὅτι ἐστὶ τῶὴ	θ4n1) —κ 2.. ζῷα ἄναιμαι τὰ ἄναιμα. α. ὅτι ἐστὶ τῶν	
page-057-R:_5641db49-346b-4f05-bf60-83eeaed4ff51	both	ρεθήσονται, ἀνῄρηται, ἀνῄρητο, ἀνῃρημένον ἔσται Μκ8. 1065	ρεθήσονται, ἀνήρηται. ἀνήρητο. ἀνηρημένον ἔσται Μκ8. 1065	ρεθήσονται, ἀνήρηται. ἀνήρητο, ἀνῃρημένον ἔσται Μκ8. 1065	
page-058-L:_ace71b67-2a97-4393-81ec-38be80bd9cff	both	ἀναίτιος. τὸ ἀναίτιον, syn μὴ αἴτιον Λγ13. 78b12, a29. τι5.	ἀναίτιος. τὸ ἀναίτιον, syn μὴ αἴτιον Αγ13. 78b12, a29. τι5.	ἀναίτιος. τὸ ἀναίτιον, syn μὴ αἴτιον Αγ13. 78b12, a29. τι5.	
page-058-L:_bfcd77c9-75b0-4562-9fb4-0bd292703787	both	φορὰ ἐπ’ ἀρχὴν ἀνακάμπτει ψα3. 407a30. ὁ καικίας ἀνα-	φορὰ ἐπ᾽ ἀρχὴν ἀνακάμπτει ψα3. 407a30. ὁ καικίας ἀνα-	φορὰ ἐπ᾽ ἀρχὴν ἀνακάμπτει ψα3. 407a30. ὁ καικίας ἀνα-	
page-058-L:_75db6caa-004b-4092-9fef-83e193813ca2	both	πάλιν ἐπ’ ἀρχήν, opp εὐθυπορεῖν ψα3. 407a28.	πάλιν ἐπ᾽ ἀρχήν, opp εὐθυπορεῖν ψα3. 407a28.	πάλιν ἐπ᾽ ἀρχήν, opp εὐθυπορεῖν ψα3. 407a28.	
page-058-R:_ca5452e5-422c-4f16-86d7-907d76d57396	both	ἀνακλᾶσθαι. ἡ ἀνακλασθεῖσα σφαῖρα ȣ̓χ ὑπὸ τȣ͂ τοίχȣ ἐκι-	ἀνακλᾶσθαι. ἡ ἀνακλασθεῖσα σφαῖρα οὑχ ὑπὸ τȣ͂ τοίχȣ ἐκι-	ἀνακλᾶσθαι. ἡ ἀνακλασθεῖσα σφαῖρα ούχ ὑπὸ τȣ͂ τοίχȣ ἐκι-	
page-058-R:_cf7b50bd-7d75-4308-9919-31f5753e549a	both	νήθη ἀλλ’ ὑπὸ τȣ͂ βάλλοντος Φθ4. 255b27. γραμμαὶ ἀνα-	νήθη ἀλλ' ὑπὸ τȣ͂ βάλλοντος Φθ4. 255b27. γραμμαὶ ἀνα-	νήθη ἀλλ' ὑπὸ τȣ͂ βάλλοντος Φθ4. 255b27. γραμμαὶ ἀνα-	
page-058-R:_c78bf1ac-e29a-4b1d-bc7f-0d23480cdb62	both	τὴν ἀνάκλασιν ὀλίγῃ τῇ ὄψει θεωρȣ͂νται μγ4. 374b22. τὴν	τὴν ἀνάκλασιν ὀλίγη τῇ δψει θεωρȣ͂νται μγ4. 374b22. τὴν	τὴν ἀνάκλασιν ὀλίγῃ τῇ ἄψει θεωρȣ͂νται μγ4. 374b22. τὴν	
page-058-R:_83e3609b-f56f-4d99-b4d2-575fd142f198	both	ἅπαντα γὰρ ταῦτα ἀνάκλασις, ἀλλ’ εἴδει ἕτερα Αδ15. 98	ἅπαντα γὰρ ταῦτα ἀνάκλασις, ἀλλ᾽ εἴδει ἕτερα Αδ15. 98	ἅπαντα γὰρ ταῦτα ἀνάκλασις, ἀλλ' εἴδει ἕτερα Αδ15. 98	
page-058-R:_843891b9-6b70-4262-8325-926ac4a83b9f	both	quasi absolute et tituli instar: τὰ δ’ ἐν αὐτοῖς ζῳοτοκȣ͂ντα,	quasi absolute et tituli instar: τὰ δ' ἐν αὑτοῖς ζῳοτοκȣ͂ντα,	quasi absolute et tituli instar: τὰ δ' ἐν αὐτοῖς ζῳοτοκȣ͂ντα,	
page-058-R:_fbb1a6d4-7dd0-415f-a0f9-56cd83ce4d8e	both	νεται τῆς τροφῆς Ζγδ1. 765b32. cf τα15. 106a1. Πε6.	νεται τῆς τροφῆς Ζγδ1. 765b32. cf τα 15. 106a1. Πε6.	νεται τῆς τροφῆς Ζγδ1. 765b32. cf τα 15. 106a1. Πε6.	
page-058-R:_c9f5a392-bad7-4267-826d-29a06747338a	both	ὅτι πόρρω λίαν τȣ͂ νῦν Φδ13. 222b11. καθ’ ἕκαστον μὲν	ὅτι πόρρω λίαν τȣ͂ νῦν Φδ13. 222b11. καθ' ἕκαστον μὲν	ὅτι πόρρω λίαν τȣ͂ νῦν Φδ13. 222b11. καθ' ἕκαστον μὲν	
page-058-R:_6a0e0a25-7243-47df-b12b-7f7ace15d9c5	both	λαμβάνοντας τὸ ὅμοιον ἐκ τῶν παρ’ ἡμῖν γιγνομένων μα3.	λαμβάνοντας τὸ ὄμοιον ἐκ τῶν παρ’ μῖν γγνοιίωι μα3.	λαμβάνοντας τὸ ὅμοιον ἐκ τῶν παρ'᾽ ἠμῖν γινγνομόνων μα9.	
page-059-L:_f65ad749-b427-41ec-8721-2a552034006f	both	ἀνάκρισις θεσμοθετῶν,. def f 374. 1540a40. 375. 1540b14,	ἀνάκρισις θεσμοθετῶν, def f374. 1540a40. 375. 1540b14,	ἀνάκρισις θεσμοθετῶν, def f 374. 1540a40. 375. 1540b14,	
page-059-R:_9296e162-d18c-4aaa-8f1f-6f3783203cd6	both	χῆς δόξεεν ἀναλαμβάνεσθαι, l δόξειεν ἂν λαμβάνεσθαι ἀπ'	χῆς δόξεεν ἀναλαμβάνεσθαι, 1 δόξειεν ἂν λαμβάνεσθαι ατ	χῆς δόξεεν ἀναλαμβάνεσθαι, l δόξειεν ἂν λαμβάνεσθαι απ	
page-059-R:_201d85e3-22ad-46fc-b5d9-db269ce9ee4b	both	Φδ8. 215b29, 6. ἀναλογία ἰσότης λόγων, διῃρημένη συ-	Φδ8. 215b29, 6. ἀναλογία ἰσότης λόγων, διηρημένη συ-	Φδ8. 215b29, 6. ἀναλογία ἰσότης λόγων, διηρημένη συ-	
page-060-L:_84d0b236-ac78-478e-9f8c-eb123b44b9ea	both	δ’ ἀναίμοις τὸ ἀνάλογον τῇ καρδίᾳ, τὸ ἀνάλογον τῷ στήθει,	δ᾽ ἀναίμοις τὸ ἀνάλογον τῇ καρδίᾳ, τὸ ἀνάλογον τῷ στήθει,	δ' ἀναίμοις τὸ ἀνάλογον τῇ καρδίᾳ, τὸ ἀνάλογον τῷ στήθει,	
page-060-R:_fc76f400-0078-4cac-9b75-dbcc08af8041	both	στήμης ϗ̀ τῆς περὶ τὰ ἤθη πολιτικῆς Ρα4. 1359b10. δι᾽	στήμης ϗ̀ τῆς περὶ τα ἤθη πολιτικῆς Ρα4. 1359b10. δι	στήμης ϗ̀ τῆς περὶ τὰ ἤθη πολιτικῆς Ρα4. 1359b10. δι	
page-060-R:_30c87a9e-112f-4f19-9fd7-d0ea95566df5	vote	ἀναμηρυκᾶσθαι. φασὶν αὐτὸν (τὸν υ[?]τον) τὴν τροφὴν ἀνα-	ἀναμηρυκᾶσθαι. φασὶν αὐτὸν (τὸν ὦτον) τὴν τροφὴν ἀνα-	ἀναμηρυκᾶσθαι. φασὶν αὐτὸν (τὸν υὦτον) τὴν τροφὴν ἀνα-	ἀναμηρυκᾶσθαι. φασὶν αὐτὸν (τὸν υ[?τον) τὴν τροφὴν ἀνα-
page-060-R:_b2eb0cf8-b97c-438f-95ba-b5fa2710b019	both	μηρυκᾶσθαι f275. 1527b20.	μηρυκᾶσθαι f 275. 1527b20.	μηρυκᾶσθαι f 275. 1527b20.	
page-062-L:_f652be44-d480-436a-bf0c-23996a617d58	vote	ἀναξηραίνεται ὕδωρ, οἶνος, ἰκμάς μβ2. 355b26, 3,2. δ10.	ἀναξηραίνεται ὕδωρ, οἶνος, ἰκμάς μβ2. 355b26, 32. δ10.	ἀναξηραίνεται ὕδωρ, οἶνος, ἰκμάς μβ2. 355b26, 32. δ10.	ἀναξηραίνεται ὕδωρ, οἶνος, ἰκμάς μβ2. 355b26, 32. δ10.
page-062-L:_e5aad6a7-2ce3-4808-bae2-9c9bdb28f0e8	both	Ἀναξίμανδρος. ipsa eius verba adhibentur: ϗ̀ ‘περιέχειν	Ἀναξίμανδρος. ipsa ius vrba adhibentur:. ϗ̀ περιέχειν	Ἀναξίμανδρος. ipsa cius verba adhibentur: ϗ̀ ‘περιέχειν	
page-062-L:_4f906726-64fe-4df7-8118-21b53b16690c	both	ἅπαντα ϗ̀ κυβερνᾶν’, ὥς φασιν ὅσοι μὴ ποιȣ͂σι παρὰ τὸ	ἅπαντα ϗ̀ κυβερνᾶν·, ὥς φασιν ὅσοι μὴ ποιȣ͂σι παρὰ τὸ	ἅπαντα ϗ̀ κυβερνᾶν’, ὥς φασιν ὅσοι μὴ ποιȣ͂σι παρὴ τὸ	
page-062-L:_87970a37-0e1c-493a-9450-fdbf71789c2a	both	θεῖον· ‘ἀθάνατον γὰρ ϗ̀ ἀνώλεθρον’· ὥς φησιν ὁ Ἀναξίμαν-	θεῖον· ιἀθάνατον γάρ ϗ̀ ἀνώλεθρον. ὥς φησιν ὁ Ἀναξίμαν-	θεῖον· ‘ἀθάνατον γάρ ϗ̀ ἀνώλεθρον’· ὥς φησιν ὁ Ἀναξίμαν-	
page-062-L:_0aae1091-864a-4b30-a2f0-fb76145f34ab	both	οἱ δ’ ἐκ τȣ͂ ἑνὸς ἐνȣ́σας τὰς ἐναντιότητας ἐκκρίνεσθαι, ὥσπερ	οἱ δ' ἐκ τȣ͂ ἑνὸς ἐνȣσας τὰς ἐναντιότητας ἐκκρίνεσθαι, ὥσπερ	οἱ δ' ἐκ τȣ͂ ἑνὸς ἐνȣ́σας τὰς ἐναντιότητας ἐκκρίνεσθαι, ὥσπερ	
page-062-L:_9b328482-5e4d-4854-b29e-36dc61457929	both	Ἀναξίμανδρος Οβ13.295b12. Anax resp ὥσπερ φασί τινες,	Ἀναξίμανδρος Οβ13. 295b12. Anax resp ὥσπερ φασί τινες,	Ἀναξίμανδρος Οβ13. 295b12. Anax resp ὥσπερ φασί τινες,	
page-062-L:_dc322148-84dd-40ef-810f-401ca761c7b9	both	referri apparet coll Φα4. 187a12, 20. Zeller I 163 sqq.—	referri apparet coll Φα4. 187a12, 20. Ζeller I 163sqρ 	referri apparet coll Φα4. 187a12, 20. Zeller I 163 sqq,—	
page-062-L:_5f8371d5-c197-4555-a641-91c443a1706b	both	ἀνάπαλιν de qualibet conversione in contrarium usurpatur.	ἀνάπαλιν e qualipet conversione in contrarium usurpatur.	ἀνάπαλιν de qualipet conversione in eontrarium usurpatur.	
page-062-R:_a7037473-8f9e-4aee-87ca-57f1eb2d8f33	both	α28. 44a4. ἀνάπαλιν ἡ ἀκολȣ́θησις (i e μεταλλαγέντων τῶν	α28. 44a4. ἀνάπαλιν ἡ ἀκολȣθησις (i e μεταλλαγέντων τῶν	α28. 44a4. ἀνάπαλιν ἡ ἀκολȣθησις (i e μεταλλαγέντων τῶν	
page-062-R:_f5e72643-a2a4-4a3e-b567-16b6dda5756b	both	παύσεις μεθ’ ἡδονῆς Ηθ11. 1160a24. coni ῥαθυμίαι, ἀμέ-	παύσεις μεθ᾽ ἡδονῆς Ηθ11. 1160a24. coni ῥαθυμίαι, ἀμέ-	παύσεις μεθ' ἡδονῆς Ηθ11. 1160a24. coni ῥαθυμίαι, ἀμέ-	
