column	line	token	tier	sanctioned	evidence	context
page-015-L	43	Mb	unknown		Mb is nowhere in the p.11/p.12 key · 3 sites in the corpus, all spelt this way	cod Mb Fr).
page-016-L	36	Eur	unknown		Eur is nowhere in the p.11/p.12 key · 7 sites in the corpus, all spelt this way	ὤν (Eur fr 183) Ρα11. 1371b33. ὁ εὔθυμος μὴ ἐπισπερ-
page-016-L	49	Platonem	unknown		Platonem is nowhere in the p.11/p.12 key · the only site in the corpus	ἀνήρ (secundum Platonem) f 623. 1583a17. γίνεσθαι ἀγα-
page-016-L	60	Pind	unknown		Pind is nowhere in the p.11/p.12 key · the only site in the corpus	μὲν ὕδωρ (Pind Ol 1, 1) Ρα7. 1364a28. — βέλτιον ἴσως
page-016-L	60	Ol	unknown		Ol is nowhere in the p.11/p.12 key · 2 sites in the corpus, all spelt this way	μὲν ὕδωρ (Pind Ol 1, 1) Ρα7. 1364a28. — βέλτιον ἴσως
page-016-R	10	Nauck	unknown		Nauck is nowhere in the p.11/p.12 key · 2 sites in the corpus, all spelt this way	τὸν Ἀχιλλέα βελτίω ἐποίει πο15. 1454 b14 (? Nauck fr tr
page-016-R	18	Homerici	unknown		Homerici is nowhere in the p.11/p.12 key · the only site in the corpus	ναιος f172. 1506 b30. versus Homerici afferuntur τι4. 166
page-016-R	19	Wolf	unknown		Wolf is nowhere in the p.11/p.12 key · the only site in the corpus	b7 (Β15. v l cf Wolf Prol p CLXVIII). Πγ16. 1287 b14
page-016-R	19	Prol	spelling	Prtl	one letter from Prtl, which is in the key; Prol is not · the only site in the corpus	b7 (Β15. v l cf Wolf Prol p CLXVIII). Πγ16. 1287 b14
page-016-R	19	CLXVIII	unknown		CLXVIII is nowhere in the p.11/p.12 key · the only site in the corpus	b7 (Β15. v l cf Wolf Prol p CLXVIII). Πγ16. 1287 b14
page-016-R	22	Aeschyli	unknown		Aeschyli is nowhere in the p.11/p.12 key · 3 sites in the corpus, all spelt this way	tragoedia Aeschyli f575. 1572 b22, 26. — Ἀγαμεμνο-
page-017-L	34	Emped	unknown		Emped is nowhere in the p.11/p.12 key · 27 sites in the corpus, all spelt this way	ἄγγος. ἐς ἄγγος (Emped 354) αν7. 473b20. ἐξ ἄγγȣς κ6.
page-017-R	23	Agath	unknown		Agath is nowhere in the p.11/p.12 key · the only site in the corpus	ἀγένητος. (ἀδύνατον) ἀγένητα ποιεῖν (Agath fr 5) Ηζ2. 1139
page-017-R	52	Muretus	unknown		Muretus is nowhere in the p.11/p.12 key · the only site in the corpus	Ἀγησίπολις ci Muretus Spgl Bk3 coll Xen Hell 4, 7, 2 pro
page-017-R	52	Xen	unknown		Xen is nowhere in the p.11/p.12 key · the only site in the corpus	Ἀγησίπολις ci Muretus Spgl Bk3 coll Xen Hell 4, 7, 2 pro
page-017-R	52	Hell	unknown		Hell is nowhere in the p.11/p.12 key · the only site in the corpus	Ἀγησίπολις ci Muretus Spgl Bk3 coll Xen Hell 4, 7, 2 pro
page-018-L	1	Democr	unknown		Democr is nowhere in the p.11/p.12 key · 2 sites in the corpus, all spelt this way	ἀγκιστρώδη σώματα (Democr), dist σκαληνά, κοῖλα, κυρτά
page-018-L	13	Hom	unknown		Hom is nowhere in the p.11/p.12 key · 38 sites in the corpus, all spelt this way	Ἀγλαΐη. Νιρεὺς Ἀγλαΐης (Hom B 672) Ργ12. 1414 a3. f596.
page-018-L	15	Hom	unknown		Hom is nowhere in the p.11/p.12 key · 38 sites in the corpus, all spelt this way	ἀγλαόκαρπος (Hom η115, λ589) κ6. 401 a7.
page-018-L	54	Hom	unknown		Hom is nowhere in the p.11/p.12 key · 38 sites in the corpus, all spelt this way	ἁγνός. Ἄρτεμις ἀγνή (Hom υ 71) πι36. 894 b34. μακάρων
page-018-L	58	Vitex	unknown		Vitex is nowhere in the p.11/p.12 key · the only site in the corpus	φτα4. 819 b8 (Vitex Agnus castus L).
page-018-L	58	Agnus	unknown		Agnus is nowhere in the p.11/p.12 key · the only site in the corpus	φτα4. 819 b8 (Vitex Agnus castus L).
page-018-L	58	L	unknown		L is nowhere in the p.11/p.12 key · 23 sites in the corpus, all spelt this way	φτα4. 819 b8 (Vitex Agnus castus L).
page-018-R	51	Sylb	unknown		Sylb is nowhere in the p.11/p.12 key · 4 sites in the corpus, all spelt this way	(ἀγοράσεις ci Sylb) ηεα4. 1215a31. — συναγοράσαι ἔλαιον
page-019-L	5	Plat	unknown		Plat is nowhere in the p.11/p.12 key · 10 sites in the corpus, all spelt this way	ἀγορανομικὰ ϗ̀ ἀστυνομικά (Plat rep IV 425 D) Πβ5.
page-019-L	5	IV	unknown		IV is nowhere in the p.11/p.12 key · 13 sites in the corpus, all spelt this way	ἀγορανομικὰ ϗ̀ ἀστυνομικά (Plat rep IV 425 D) Πβ5.
page-019-L	5	D	unknown		D is nowhere in the p.11/p.12 key · the only site in the corpus	ἀγορανομικὰ ϗ̀ ἀστυνομικά (Plat rep IV 425 D) Πβ5.
page-019-L	27	Platonis	unknown		Platonis is nowhere in the p.11/p.12 key · the only site in the corpus	ἐν τοῖς λεγομένοις ἀγράφοις δόγμασι (Platonis) Φδ2. 209 b15.
page-019-L	31	Olea	unknown		Olea is nowhere in the p.11/p.12 key · the only site in the corpus	ἀγριέλαιος, dist καλλιέλαιος φτα6. 820 b41. (Olea Oleaster
page-019-L	31	Oleaster	unknown		Oleaster is nowhere in the p.11/p.12 key · the only site in the corpus	ἀγριέλαιος, dist καλλιέλαιος φτα6. 820 b41. (Olea Oleaster
page-019-L	32	Hoffsg	unknown		Hoffsg is nowhere in the p.11/p.12 key · the only site in the corpus	Hoffsg et Lk).
page-019-L	32	Lk	unknown		Lk is nowhere in the p.11/p.12 key · the only site in the corpus	Hoffsg et Lk).
page-020-L	5	Poet	unknown		Poet is nowhere in the p.11/p.12 key · 14 sites in the corpus, all spelt this way	1453 a27. 7. 1451 a6. cf 24. 1459 b26. Vhl Poet II 79.
page-020-L	33	Home	unknown		Home is nowhere in the p.11/p.12 key · the only site in the corpus	ὦσιν Ηκ5. 1175 b12. — οἱ ἄλλοι (epici poetae praeter Home-
page-020-R	4	Stesichori	unknown		Stesichori is nowhere in the p.11/p.12 key · the only site in the corpus	γες ᾄσονται (Stesichori apophthegma) Ργ11. 1412a23. β21.
page-020-R	15	Eur	unknown		Eur is nowhere in the p.11/p.12 key · 7 sites in the corpus, all spelt this way	(Eur fr 965) Πη7. 1328a15.
page-020-R	34	Soph	unknown		Soph is nowhere in the p.11/p.12 key · 2 sites in the corpus, all spelt this way	τραγῳδίας πο18. 1456a3. ἐν ᾅδȣ (Soph Ant 911) Ργ16.
page-020-R	34	Ant	unknown		Ant is nowhere in the p.11/p.12 key · the only site in the corpus	τραγῳδίας πο18. 1456a3. ἐν ᾅδȣ (Soph Ant 911) Ργ16.
page-021-L	31	Adiectiva	unknown		Adiectiva is nowhere in the p.11/p.12 key · the only site in the corpus	Adiectiva verbalia in — τέον, impersonaliter usurpata, con-
page-021-L	38	Kr	unknown		Kr is nowhere in the p.11/p.12 key · 2 sites in the corpus, all spelt this way	addito verbo ἐστίν ρ19, 1433 b2 (cf Krüger gr Gr 56, 18, 3).
page-021-L	38	Gr	unknown		Gr is nowhere in the p.11/p.12 key · 2 sites in the corpus, all spelt this way	addito verbo ἐστίν ρ19, 1433 b2 (cf Krüger gr Gr 56, 18, 3).
page-021-R	24	Pyth	unknown		Pyth is nowhere in the p.11/p.12 key · 2 sites in the corpus, all spelt this way	a32 (dist ἁμάρτημα, ἀτυχία). ΜΑ8. 990 a24 (Pyth). dist
page-022-R	9	Rhet	unknown		Rhet is nowhere in the p.11/p.12 key · 7 sites in the corpus, all spelt this way	δι’ ἀτεχνίαν) πο25. 1460 b17. Vhl Rhet p 29 Poet IV 409.
page-022-R	9	Poet	unknown		Poet is nowhere in the p.11/p.12 key · 14 sites in the corpus, all spelt this way	δι’ ἀτεχνίαν) πο25. 1460 b17. Vhl Rhet p 29 Poet IV 409.
page-022-R	9	IV	unknown		IV is nowhere in the p.11/p.12 key · 13 sites in the corpus, all spelt this way	δι’ ἀτεχνίαν) πο25. 1460 b17. Vhl Rhet p 29 Poet IV 409.
page-022-R	16	Ellipsis	unknown		Ellipsis is nowhere in the p.11/p.12 key · the only site in the corpus	pletur (cf Ellipsis) veluti ἀλλὰ διὰ τὸ ἀδυνατεῖν (sc καλῶς
page-023-L	31	Plato	unknown		Plato is nowhere in the p.11/p.12 key · 3 sites in the corpus, all spelt this way	φησὶ (Plato) τὸν ȣ̓ρανὸν γενέσθαι μέν, ȣ̓ μὴν ἀλλ’ ἔσεσθαί
page-023-L	45	Poet	unknown		Poet is nowhere in the p.11/p.12 key · 14 sites in the corpus, all spelt this way	a37. πο7. 1451 a10. 26. 1461 b28 Vhl ad h l Poet IV 431.
page-023-L	45	IV	unknown		IV is nowhere in the p.11/p.12 key · 13 sites in the corpus, all spelt this way	a37. πο7. 1451 a10. 26. 1461 b28 Vhl ad h l Poet IV 431.
page-023-L	50	Pol	unknown		Pol is nowhere in the p.11/p.12 key · 2 sites in the corpus, all spelt this way	Göttling ad Pol p 303. — pro ἀεὶ Ρβ23. 1398 a12 restituit
page-023-L	51	Rhet	unknown		Rhet is nowhere in the p.11/p.12 key · 7 sites in the corpus, all spelt this way	δεῖ Vhl Rhet p 35. ἀεὶ pro δεῖ Πδ11. 1296 b7 Bk3. πο26.
page-023-L	52	Poet	unknown		Poet is nowhere in the p.11/p.12 key · 14 sites in the corpus, all spelt this way	1461 b28 Vhl Poet IV 430.
page-023-L	52	IV	unknown		IV is nowhere in the p.11/p.12 key · 13 sites in the corpus, all spelt this way	1461 b28 Vhl Poet IV 430.
page-023-L	53	Hom	unknown		Hom is nowhere in the p.11/p.12 key · 38 sites in the corpus, all spelt this way	ἀείδειν. ἄειδε (Hom Α1) πο19. 1456 b16. φησὶ Μȣσαῖος εἶναι
page-023-L	56	Hom	unknown		Hom is nowhere in the p.11/p.12 key · 38 sites in the corpus, all spelt this way	b17. — ἄκικυς (Hom ι515) explicatur per voc ἀειδής πο22.
page-023-L	58	Hom	unknown		Hom is nowhere in the p.11/p.12 key · 38 sites in the corpus, all spelt this way	ἀεικέλιος δίφρος (Hom υ259) i e μοχθηρός πο22. 1458 b29.
page-023-L	59	Hom	unknown		Hom is nowhere in the p.11/p.12 key · 38 sites in the corpus, all spelt this way	ἀεικίζειν (Hom Ω54) Ρβ23. 1380 b29.
page-023-R	2	Ducs	unknown		Ducs is nowhere in the p.11/p.12 key · the only site in the corpus	Ducs C II 288; strix scops S; strix aluco St Cr; strix scops et
page-023-R	6	Simonid	unknown		Simonid is nowhere in the p.11/p.12 key · 2 sites in the corpus, all spelt this way	ἀελλοπόδων ἵππων (Simonid fr 7) Ργ2. 1405 b27.
page-023-R	7	Archil	unknown		Archil is nowhere in the p.11/p.12 key · 3 sites in the corpus, all spelt this way	ἄελπτον (Archil fr 76) Ργ17. 1418 b29.
page-023-R	11	Hom	unknown		Hom is nowhere in the p.11/p.12 key · 38 sites in the corpus, all spelt this way	ἀέξειν. ἀέξεται (Hom Σ110) Ρβ2. 1378 b6. (Emped 375)
page-023-R	11	Emped	unknown		Emped is nowhere in the p.11/p.12 key · 27 sites in the corpus, all spelt this way	ἀέξειν. ἀέξεται (Hom Σ110) Ρβ2. 1378 b6. (Emped 375)
page-024-L	1	Emped	unknown		Emped is nowhere in the p.11/p.12 key · 27 sites in the corpus, all spelt this way	ἀῆναι. ἀέντων (Emped 223) αι2. 437b29.
page-024-L	55	Hom	unknown		Hom is nowhere in the p.11/p.12 key · 38 sites in the corpus, all spelt this way	ἀῆται (Hom δ 567) πκϛ31. 943b23.
page-024-R	7	Eudemo	unknown		Eudemo is nowhere in the p.11/p.12 key · the only site in the corpus	quomodo demonstretur in dialogo Eudemo f 33. 1480 a11.
page-024-R	9	Hes	unknown		Hes is nowhere in the p.11/p.12 key · the only site in the corpus	Μȣ͂σαι f 625. 1583 b14, 22. ἀθανάτοισι (Hes θ120) ξ1. 975
page-024-R	13	Graecis	unknown		Graecis is nowhere in the p.11/p.12 key · the only site in the corpus	(epi C, Graecis hodie atherno S Cr, atherina presber Cr,
page-024-R	14	L	unknown		L is nowhere in the p.11/p.12 key · 23 sites in the corpus, all spelt this way	atherina vera Cr K AΖι I 121. n 1 ather. hepsetus L?).
page-024-R	29	Phidiae	unknown		Phidiae is nowhere in the p.11/p.12 key · the only site in the corpus	a24, 33. Phidiae statua κ6. 399 b34. θ155. 846 a18. ἐν τῷ
page-024-R	32	Osann	unknown		Osann is nowhere in the p.11/p.12 key · the only site in the corpus	Osann) θ108. 840 a28, 34, Ἀχαΐας θ109. 840 b2.— Ἀθη-
page-024-R	33	Hom	unknown		Hom is nowhere in the p.11/p.12 key · 38 sites in the corpus, all spelt this way	ναίη (Hom I 390) Ργ11. 1413 a34.
page-024-R	55	Solonis	unknown		Solonis is nowhere in the p.11/p.12 key · the only site in the corpus	γορεύει f 346. 1536 a39. Solonis leges Πβ12. 1273 b35 sqq.
page-025-L	32	Hom	unknown		Hom is nowhere in the p.11/p.12 key · 38 sites in the corpus, all spelt this way	ἀθρεῖν. ἀθρήσειεν (Hom K 11) πο25. 1461 a18. οἱ μεθύοντες
page-025-L	44	Anaxag	unknown		Anaxag is nowhere in the p.11/p.12 key · 4 sites in the corpus, all spelt this way	μβ2. 354 b6. ἐξ ὁμοιομερῶν πάντων ἠθροισμένον (Anaxag)
page-025-R	22	Alcidamantem	unknown		Alcidamantem is nowhere in the p.11/p.12 key · the only site in the corpus	ἄθυρμα τῇ ποιήσει (apud Alcidamantem, cf Vhl Alcidam p10)
page-025-R	22	Alcidam	unknown		Alcidam is nowhere in the p.11/p.12 key · 3 sites in the corpus, all spelt this way	ἄθυρμα τῇ ποιήσει (apud Alcidamantem, cf Vhl Alcidam p10)
page-025-R	26	Isocr	unknown		Isocr is nowhere in the p.11/p.12 key · 5 sites in the corpus, all spelt this way	τὸν Ἄθω διορύξας (Isocr 4, 89) Ργ9. 1410 a11. σφόδρα
page-025-R	32	Hom	unknown		Hom is nowhere in the p.11/p.12 key · 38 sites in the corpus, all spelt this way	Αἴας, versus Hom affcrtur Ρβ9. 1387 a34 (Λ 542). Αἴας
page-025-R	36	Sophoclis	unknown		Sophoclis is nowhere in the p.11/p.12 key · the only site in the corpus	(Sophoclis) ἐν ταῖς διδασκαλίαις ψιλῶς Αἴας ἀναγέγραπται
page-025-R	38	Nck	unknown		Nck is nowhere in the p.11/p.12 key · 10 sites in the corpus, all spelt this way	a27 (Nck fr tr p622). Αἴαντες tragoediae patheticae πο18.
page-025-R	48	Hom	unknown		Hom is nowhere in the p.11/p.12 key · 38 sites in the corpus, all spelt this way	(Hom ε64, 239) κ6. 401 a4, 2. αἴγειροι ἐξ ὧν ἐκπίπτειν φασὶ
page-025-R	51	L	unknown		L is nowhere in the p.11/p.12 key · 23 sites in the corpus, all spelt this way	b20 (populus nigra L).
page-025-R	52	Euripidis	unknown		Euripidis is nowhere in the p.11/p.12 key · the only site in the corpus	Αἰγεὺς Euripidis πο25. 1461 b21 (cf Nck fr tr p289).
page-025-R	52	Nck	unknown		Nck is nowhere in the p.11/p.12 key · 10 sites in the corpus, all spelt this way	Αἰγεὺς Euripidis πο25. 1461 b21 (cf Nck fr tr p289).
page-026-L	3	L	unknown		L is nowhere in the p.11/p.12 key · 23 sites in the corpus, all spelt this way	naria rubra C, species emberizae L St Cr, parus caeruleus
page-026-L	12	Hom	unknown		Hom is nowhere in the p.11/p.12 key · 38 sites in the corpus, all spelt this way	αἴγλη λευκή (Hom ζ 45) κ6. 400 a14. νῆστις αἴγλη (Emp
page-026-L	12	Emp	unknown		Emp is nowhere in the p.11/p.12 key · 8 sites in the corpus, all spelt this way	αἴγλη λευκή (Hom ζ 45) κ6. 400 a14. νῆστις αἴγλη (Emp
page-026-L	15	L	unknown		L is nowhere in the p.11/p.12 key · 23 sites in the corpus, all spelt this way	caprimulgus europaeus L St K CrSu 131 n 95 AΖι1. 77. n 5).
page-026-L	15	CrSu	unknown		CrSu is nowhere in the p.11/p.12 key · the only site in the corpus	caprimulgus europaeus L St K CrSu 131 n 95 AΖι1. 77. n 5).
page-026-L	15	AΖι1	volume	AΖι I	44 sites set this editor's volume as a Roman numeral (AΖι I); this one is a digit, which no other site is · the only site in the corpus	caprimulgus europaeus L St K CrSu 131 n 95 AΖι1. 77. n 5).
page-026-L	46	Her	unknown		Her is nowhere in the p.11/p.12 key · 2 sites in the corpus, all spelt this way	νασθαί φησιν ὁ Ἡρόδοτος (Her 2, 30) Ργ16. 1417 a6. Ταὼς
page-026-L	50	Camus	unknown		Camus is nowhere in the p.11/p.12 key · the only site in the corpus	(Camus Ζιζ6. 563 a31 lectionem αἰτώλιος secutus, αἰτώλιον
page-026-R	5	Emp	unknown		Emp is nowhere in the p.11/p.12 key · 8 sites in the corpus, all spelt this way	ἀίδηλος. πῦρ ἀίδηλον (Emp 379) ψα2. 404 b14. Μβ4.
page-027-L	45	L	unknown		L is nowhere in the p.11/p.12 key · 23 sites in the corpus, all spelt this way	αἰδοίῳ ἀνδρός Ζιδ7. 532 b23 (penna marina, pennatula L,
page-027-L	46	III	unknown		III is nowhere in the p.11/p.12 key · 7 sites in the corpus, all spelt this way	S III 379 St K Cr M p 169).
page-027-L	49	Aubert	unknown		Aubert is nowhere in the p.11/p.12 key · the only site in the corpus	524 a8. Ζγα15. 720 b32 (cf de ea re Aubert die Cephalo-
page-027-L	49	Cephalo	unknown		Cephalo is nowhere in the p.11/p.12 key · the only site in the corpus	524 a8. Ζγα15. 720 b32 (cf de ea re Aubert die Cephalo-
page-027-L	50	Arist	unknown		Arist is nowhere in the p.11/p.12 key · 8 sites in the corpus, all spelt this way	poden des Arist p 25, v Siebold in Zeitschr f wiss Zoologie
page-027-L	50	Siebold	spelling	Siebld	one letter from Siebld, which is in the key; Siebold is not · the only site in the corpus	poden des Arist p 25, v Siebold in Zeitschr f wiss Zoologie
page-027-L	50	Zeitschr	unknown		Zeitschr is nowhere in the p.11/p.12 key · the only site in the corpus	poden des Arist p 25, v Siebold in Zeitschr f wiss Zoologie
page-027-L	50	Zoologie	unknown		Zoologie is nowhere in the p.11/p.12 key · the only site in the corpus	poden des Arist p 25, v Siebold in Zeitschr f wiss Zoologie
page-027-L	51	IV	unknown		IV is nowhere in the p.11/p.12 key · 13 sites in the corpus, all spelt this way	IV, Roulin in Annales des sciences naturelles 1852 T XVII,
page-027-L	51	Roulin	unknown		Roulin is nowhere in the p.11/p.12 key · the only site in the corpus	IV, Roulin in Annales des sciences naturelles 1852 T XVII,
page-027-L	51	Annales	unknown		Annales is nowhere in the p.11/p.12 key · the only site in the corpus	IV, Roulin in Annales des sciences naturelles 1852 T XVII,
page-027-L	51	T	unknown		T is nowhere in the p.11/p.12 key · the only site in the corpus	IV, Roulin in Annales des sciences naturelles 1852 T XVII,
page-027-L	51	XVII	unknown		XVII is nowhere in the p.11/p.12 key · the only site in the corpus	IV, Roulin in Annales des sciences naturelles 1852 T XVII,
page-027-L	52	Steenstrup	unknown		Steenstrup is nowhere in the p.11/p.12 key · the only site in the corpus	Steenstrup in Troschel Arch f Naturg 1856).
page-027-L	52	Troschel	unknown		Troschel is nowhere in the p.11/p.12 key · the only site in the corpus	Steenstrup in Troschel Arch f Naturg 1856).
page-027-L	52	Arch	unknown		Arch is nowhere in the p.11/p.12 key · the only site in the corpus	Steenstrup in Troschel Arch f Naturg 1856).
page-027-L	52	Naturg	unknown		Naturg is nowhere in the p.11/p.12 key · the only site in the corpus	Steenstrup in Troschel Arch f Naturg 1856).
page-027-R	2	Alc	unknown		Alc is nowhere in the p.11/p.12 key · the only site in the corpus	αἰδώς (Alc fr 55) Ρα9. 1367 a10.
page-027-R	7	Emp	unknown		Emp is nowhere in the p.11/p.12 key · 8 sites in the corpus, all spelt this way	αἴθειν. πυρὸς αἰθομένοιο (Emp 221) αι2. 437 b27.
page-027-R	10	Emp	unknown		Emp is nowhere in the p.11/p.12 key · 8 sites in the corpus, all spelt this way	αἰθὴρ δαψιλός (Emp 237) Οβ13. 294 a26. αἰθέρα δῖαν (Emp
page-027-R	10	Emp	unknown		Emp is nowhere in the p.11/p.12 key · 8 sites in the corpus, all spelt this way	αἰθὴρ δαψιλός (Emp 237) Οβ13. 294 a26. αἰθέρα δῖαν (Emp
page-027-R	12	Emp	unknown		Emp is nowhere in the p.11/p.12 key · 8 sites in the corpus, all spelt this way	μένος, αἰθέρος ῥεῦμα (Emp 347, 349, 360, 366) αν7. 473
page-027-R	28	Hom	unknown		Hom is nowhere in the p.11/p.12 key · 38 sites in the corpus, all spelt this way	αἴθρη ἀνέφελος (Hom ζ44) κ6. 400 a13.
page-028-L	4	Prantl	unknown		Prantl is nowhere in the p.11/p.12 key · the only site in the corpus	ὑδάτων ἔκρυσις χ5. 796 a15, cf Prantl, Arist über d Farben
page-028-L	4	Arist	unknown		Arist is nowhere in the p.11/p.12 key · 8 sites in the corpus, all spelt this way	ὑδάτων ἔκρυσις χ5. 796 a15, cf Prantl, Arist über d Farben
page-028-L	4	Farben	unknown		Farben is nowhere in the p.11/p.12 key · the only site in the corpus	ὑδάτων ἔκρυσις χ5. 796 a15, cf Prantl, Arist über d Farben
page-028-L	5	Meyer	unknown		Meyer is nowhere in the p.11/p.12 key · 3 sites in the corpus, all spelt this way	p 129, Meyer Gesch d Botanik I 199; Protococcum viridem
page-028-L	5	Gesch	unknown		Gesch is nowhere in the p.11/p.12 key · 2 sites in the corpus, all spelt this way	p 129, Meyer Gesch d Botanik I 199; Protococcum viridem
page-028-L	5	Botanik	unknown		Botanik is nowhere in the p.11/p.12 key · the only site in the corpus	p 129, Meyer Gesch d Botanik I 199; Protococcum viridem
page-028-L	5	Protococcum	unknown		Protococcum is nowhere in the p.11/p.12 key · the only site in the corpus	p 129, Meyer Gesch d Botanik I 199; Protococcum viridem
page-028-L	6	Ag	unknown		Ag is nowhere in the p.11/p.12 key · 2 sites in the corpus, all spelt this way	Ag vel Haematococcum Ag vel Nostoc commune Vauch signifi-
page-028-L	6	Ag	unknown		Ag is nowhere in the p.11/p.12 key · 2 sites in the corpus, all spelt this way	Ag vel Haematococcum Ag vel Nostoc commune Vauch signifi-
page-028-L	6	Nostoc	unknown		Nostoc is nowhere in the p.11/p.12 key · the only site in the corpus	Ag vel Haematococcum Ag vel Nostoc commune Vauch signifi-
page-028-L	6	Vauch	unknown		Vauch is nowhere in the p.11/p.12 key · the only site in the corpus	Ag vel Haematococcum Ag vel Nostoc commune Vauch signifi-
page-028-L	7	J	unknown		J is nowhere in the p.11/p.12 key · 3 sites in the corpus, all spelt this way	cari ci J B Meyer). ἀναγκαῖον ἢ ἔχειν αἷμα ἢ τὸ τȣ́τῳ τὴν
page-028-L	7	Meyer	unknown		Meyer is nowhere in the p.11/p.12 key · 3 sites in the corpus, all spelt this way	cari ci J B Meyer). ἀναγκαῖον ἢ ἔχειν αἷμα ἢ τὸ τȣ́τῳ τὴν
page-028-L	11	Anaxagorae	unknown		Anaxagorae is nowhere in the p.11/p.12 key · 5 sites in the corpus, all spelt this way	μόρια ἔχει. (Anaxagorae de sanguine opinio Φα4. 188 a3).
page-028-L	26	Aristoteli	unknown		Aristoteli is nowhere in the p.11/p.12 key · 2 sites in the corpus, all spelt this way	λοθεν (sanguinis circuitus ignotus Aristoteli)· αὕτη γάρ ἐστιν
page-028-R	29	Aristo	unknown		Aristo is nowhere in the p.11/p.12 key · the only site in the corpus	αἵματος ϗ̀ κεχωρισμένȣ Ζμγ4. 666 b29 (inde quod Aristo-
page-028-R	31	Meyer	unknown		Meyer is nowhere in the p.11/p.12 key · 3 sites in the corpus, all spelt this way	discrimen K Fr p 292 n 31 al, cf Meyer p 425). — πῶς
page-028-R	38	KFr	unknown		KFr is nowhere in the p.11/p.12 key · the only site in the corpus	b24, 27. 6. 515b33. Ζμβ4. 650 b14 (cf KFr p272 n12). λέ-
page-029-R	9	Gaza	unknown		Gaza is nowhere in the p.11/p.12 key · 2 sites in the corpus, all spelt this way	Gaza Cr, fort helix janthina St, refutant K M p 188, na-
page-029-R	13	Antig	unknown		Antig is nowhere in the p.11/p.12 key · the only site in the corpus	Αἵμων ὁ Σοφοκλέȣς (Antig) Ργ16. 1417b19. 17. 1418b32.
page-029-R	18	Rhet	unknown		Rhet is nowhere in the p.11/p.12 key · 7 sites in the corpus, all spelt this way	— αἰνετός Ρβ25. 1402b11 (συνετός ci Vhl Rhet 85).
page-029-R	37	Sylb	unknown		Sylb is nowhere in the p.11/p.12 key · 4 sites in the corpus, all spelt this way	Ζγε6. 785b25. χ6. 798b20. πι7. 891b15. ἤρυγγος (ci Sylb,
page-030-L	12	Cretensis	unknown		Cretensis is nowhere in the p.11/p.12 key · the only site in the corpus	(capra fera Cretensis, Su p 63 n 43, fort aegocerus pictus AΖι
page-030-L	17	Angorensis	unknown		Angorensis is nowhere in the p.11/p.12 key · the only site in the corpus	(capra Angorensis St K Cr AΖι I 63 n 2c). χίμαιρα (cf h v)
page-030-L	23	Kiebitz	unknown		Kiebitz is nowhere in the p.11/p.12 key · the only site in the corpus	2. αἴξ avis Ζιθ3. 593 b23 (fort vanellus, Kiebitz, qui
page-030-L	24	Graecia	unknown		Graecia is nowhere in the p.11/p.12 key · the only site in the corpus	adhuc in Graecia aex appellatur Belon C, refutant C S Su;
page-030-L	24	Belon	unknown		Belon is nowhere in the p.11/p.12 key · the only site in the corpus	adhuc in Graecia aex appellatur Belon C, refutant C S Su;
page-030-L	25	L	unknown		L is nowhere in the p.11/p.12 key · 23 sites in the corpus, all spelt this way	fort tantalus arquatus St, scolopax gallinago L K Cr, refutat
page-030-L	36	Lolium	unknown		Lolium is nowhere in the p.11/p.12 key · the only site in the corpus	αἶραι, ὑπνωτικόν υ3. 456 b30 (Lolium temulentum L).
page-030-L	36	L	unknown		L is nowhere in the p.11/p.12 key · 23 sites in the corpus, all spelt this way	αἶραι, ὑπνωτικόν υ3. 456 b30 (Lolium temulentum L).
page-030-R	53	Schn	unknown		Schn is nowhere in the p.11/p.12 key · the only site in the corpus	a34 e ci Schn δ6. 1292b35).
page-031-L	23	Trdlbg	spelling	Trdllbg	one letter from Trdllbg, which is in the key; Trdlbg is not · 14 sites in the corpus, all spelt this way	σχῆμα, κίνησις, Trdlbg p 166 addit χρόνος) ψβ6. 418 a11-
page-031-L	37	Alex	unknown		Alex is nowhere in the p.11/p.12 key · 6 sites in the corpus, all spelt this way	νόμεθα ὅτι ὁρῶμεν ϗ̀ ἀκȣ́ομεν ψγ2. 425 b12-25 (Alex Aphr
page-031-L	37	Aphr	unknown		Aphr is nowhere in the p.11/p.12 key · 2 sites in the corpus, all spelt this way	νόμεθα ὅτι ὁρῶμεν ϗ̀ ἀκȣ́ομεν ψγ2. 425 b12-25 (Alex Aphr
page-031-L	38	III	unknown		III is nowhere in the p.11/p.12 key · 7 sites in the corpus, all spelt this way	απ. κ. λ. III 7). Ηι7. 1170 a31. αὑτȣ͂ (codd αὐτὸ) αἰσθά-
page-031-R	60	Volkmann	unknown		Volkmann is nowhere in the p.11/p.12 key · the only site in the corpus	β5. 417b2. γ5. 429b29 (cf omnino ψβ5. 12 et Volkmann
page-031-R	61	Arist	unknown		Arist is nowhere in the p.11/p.12 key · 8 sites in the corpus, all spelt this way	Arist Psych p 15). αἰσθήσεως πάσης πρὸς τὸ αἰσθητὸν
page-031-R	61	Psych	unknown		Psych is nowhere in the p.11/p.12 key · the only site in the corpus	Arist Psych p 15). αἰσθήσεως πάσης πρὸς τὸ αἰσθητὸν
page-032-L	9	Platoni	unknown		Platoni is nowhere in the p.11/p.12 key · the only site in the corpus	ψγ9. 432 a16. (Platoni ἡ αἴσθησις τȣ͂ στερεȣ͂ ψα2. 404 b23).
page-032-L	45	Alex	unknown		Alex is nowhere in the p.11/p.12 key · 6 sites in the corpus, all spelt this way	τὰς πέντε ψγ1. 424 b22-425 a13 (Alex Aph απ. κ. λ. III 6
page-032-L	45	Aph	unknown		Aph is nowhere in the p.11/p.12 key · the only site in the corpus	τὰς πέντε ψγ1. 424 b22-425 a13 (Alex Aph απ. κ. λ. III 6
page-032-L	45	III	unknown		III is nowhere in the p.11/p.12 key · 7 sites in the corpus, all spelt this way	τὰς πέντε ψγ1. 424 b22-425 a13 (Alex Aph απ. κ. λ. III 6
page-033-L	3	Zeller	unknown		Zeller is nowhere in the p.11/p.12 key · 6 sites in the corpus, all spelt this way	1253 a17. γ11. 1281 b35. cf Zeller Gesch II 2. 504, 2. ἡ
page-033-L	3	Gesch	unknown		Gesch is nowhere in the p.11/p.12 key · 2 sites in the corpus, all spelt this way	1253 a17. γ11. 1281 b35. cf Zeller Gesch II 2. 504, 2. ἡ
page-033-L	32	Bernays	unknown		Bernays is nowhere in the p.11/p.12 key · 2 sites in the corpus, all spelt this way	λȣθȣ͂σαι αἰσθήσεις τῇ ποιητικῇ πο15. 1454 b17 (Bernays
page-033-L	33	Dial	unknown		Dial is nowhere in the p.11/p.12 key · 2 sites in the corpus, all spelt this way	Dial p 5-7 Vhl Poet II 79) cf 7. 1451 a6. Ρβ8. 1386 a32
page-033-L	33	Poet	unknown		Poet is nowhere in the p.11/p.12 key · 14 sites in the corpus, all spelt this way	Dial p 5-7 Vhl Poet II 79) cf 7. 1451 a6. Ρβ8. 1386 a32
page-033-R	56	Emp	unknown		Emp is nowhere in the p.11/p.12 key · 8 sites in the corpus, all spelt this way	αἴσιμον (αὔξιμον Bk cum aliquot codd) ὕδωρ (Emp 357,
page-034-L	22	Nck	unknown		Nck is nowhere in the p.11/p.12 key · 10 sites in the corpus, all spelt this way	Νιόβη πο18. 1456 a17 (? Nck fr tr p 38). Aeschyli sunt
page-034-L	22	Aeschyli	unknown		Aeschyli is nowhere in the p.11/p.12 key · 3 sites in the corpus, all spelt this way	Νιόβη πο18. 1456 a17 (? Nck fr tr p 38). Aeschyli sunt
page-034-L	23	Nck	unknown		Nck is nowhere in the p.11/p.12 key · 10 sites in the corpus, all spelt this way	Φορκίδες, Προμηθεύς πο18. 1456 a2 (Nck p 65), ὅπλων κρί-
page-034-L	24	Nck	unknown		Nck is nowhere in the p.11/p.12 key · 10 sites in the corpus, all spelt this way	σις πο23. 1459 b5, Μυσοί πο24. 1460 a32 (Nck p 35).
page-034-L	26	Aeschyli	unknown		Aeschyli is nowhere in the p.11/p.12 key · 3 sites in the corpus, all spelt this way	σατυρικῷ f 575. 1572 b26. Aeschyli versus citantur Ζιι49 B.
page-034-L	40	Alcidam	unknown		Alcidam is nowhere in the p.11/p.12 key · 3 sites in the corpus, all spelt this way	τὴν τȣ͂ σώματος αἰσχύνην (Alcidam) Ργ3. 1406 a29.
page-034-L	47	Ab	unknown		Ab is nowhere in the p.11/p.12 key · the only site in the corpus	αἰσχυντικά Ρβ6. 1384 a9 (ἀναίσχυντα e cod Ab Vhl Spgl).
page-034-L	53	Halm	unknown		Halm is nowhere in the p.11/p.12 key · 3 sites in the corpus, all spelt this way	Halm) Ζμγ2. 663 a35.
page-035-L	59	Halm	unknown		Halm is nowhere in the p.11/p.12 key · 3 sites in the corpus, all spelt this way	αἰτιολογία (ci Halm, ἀντιλογία codd et edd) ρ7. 1428a7.
page-035-R	11	Hom	unknown		Hom is nowhere in the p.11/p.12 key · 38 sites in the corpus, all spelt this way	αἰχμή (Hom E 661, O 542) Ργ11. 1412 a1.
page-035-R	11	O	unknown		O is nowhere in the p.11/p.12 key · the only site in the corpus	αἰχμή (Hom E 661, O 542) Ργ11. 1412 a1.
page-035-R	13	Emped	unknown		Emped is nowhere in the p.11/p.12 key · 27 sites in the corpus, all spelt this way	αἰών. ἔμπεδος αἰών (Emped 72) Φθ1. 251 a1. — τὸ τέλος τὸ
page-035-R	46	Orph	unknown		Orph is nowhere in the p.11/p.12 key · 2 sites in the corpus, all spelt this way	ἀκαμάτȣ πυρός (Orph VI 14) κ7. 401 b3.
page-035-R	46	VI	unknown		VI is nowhere in the p.11/p.12 key · 3 sites in the corpus, all spelt this way	ἀκαμάτȣ πυρός (Orph VI 14) κ7. 401 b3.
page-036-L	18	L	unknown		L is nowhere in the p.11/p.12 key · 23 sites in the corpus, all spelt this way	dam, fort cnicus ferox L) Ζιι1. 610a5, 609a32. θ3. 593a1.
page-036-L	24	Gazae	unknown		Gazae is nowhere in the p.11/p.12 key · 2 sites in the corpus, all spelt this way	a15, 18 (spinax Gazae C S, squalus acanthias Ζιζ10 et raja
page-036-L	26	J	unknown		J is nowhere in the p.11/p.12 key · 3 sites in the corpus, all spelt this way	garis J Müller Abhandl d Berl Akad 1840 p 193. 235 AΖι
page-036-L	26	Abhandl	unknown		Abhandl is nowhere in the p.11/p.12 key · 2 sites in the corpus, all spelt this way	garis J Müller Abhandl d Berl Akad 1840 p 193. 235 AΖι
page-036-L	26	Berl	unknown		Berl is nowhere in the p.11/p.12 key · 2 sites in the corpus, all spelt this way	garis J Müller Abhandl d Berl Akad 1840 p 193. 235 AΖι
page-036-L	26	Akad	unknown		Akad is nowhere in the p.11/p.12 key · the only site in the corpus	garis J Müller Abhandl d Berl Akad 1840 p 193. 235 AΖι
page-036-L	34	Glo	unknown		Glo is nowhere in the p.11/p.12 key · the only site in the corpus	riétés du serin C, fringilla cannabina St Su p 120 n 67 Glo-
page-036-L	35	Arist	unknown		Arist is nowhere in the p.11/p.12 key · 8 sites in the corpus, all spelt this way	ger disquisitionum de avibus ab Arist commemoratis spe-
page-036-L	39	Acacia	unknown		Acacia is nowhere in the p.11/p.12 key · the only site in the corpus	χρόαν f 253. 1524b39 (Acacia vera W. cf Landsberg in Ja-
page-036-L	39	W	unknown		W is nowhere in the p.11/p.12 key · 2 sites in the corpus, all spelt this way	χρόαν f 253. 1524b39 (Acacia vera W. cf Landsberg in Ja-
page-036-L	39	Landsberg	unknown		Landsberg is nowhere in the p.11/p.12 key · the only site in the corpus	χρόαν f 253. 1524b39 (Acacia vera W. cf Landsberg in Ja-
page-036-L	39	Ja	unknown		Ja is nowhere in the p.11/p.12 key · the only site in the corpus	χρόαν f 253. 1524b39 (Acacia vera W. cf Landsberg in Ja-
page-036-L	40	Ztschr	unknown		Ztschr is nowhere in the p.11/p.12 key · the only site in the corpus	nus Ztschr f Med IV 2, 269. W A Schmidt die griech Pa-
page-036-L	40	Med	unknown		Med is nowhere in the p.11/p.12 key · 2 sites in the corpus, all spelt this way	nus Ztschr f Med IV 2, 269. W A Schmidt die griech Pa-
page-036-L	40	IV	unknown		IV is nowhere in the p.11/p.12 key · 13 sites in the corpus, all spelt this way	nus Ztschr f Med IV 2, 269. W A Schmidt die griech Pa-
page-036-L	40	W	unknown		W is nowhere in the p.11/p.12 key · 2 sites in the corpus, all spelt this way	nus Ztschr f Med IV 2, 269. W A Schmidt die griech Pa-
page-036-L	40	Schmidt	unknown		Schmidt is nowhere in the p.11/p.12 key · 2 sites in the corpus, all spelt this way	nus Ztschr f Med IV 2, 269. W A Schmidt die griech Pa-
page-036-L	40	Pa	unknown		Pa is nowhere in the p.11/p.12 key · the only site in the corpus	nus Ztschr f Med IV 2, 269. W A Schmidt die griech Pa-
page-036-L	46	Gloger	unknown		Gloger is nowhere in the p.11/p.12 key · the only site in the corpus	caudatus St Cr, parus (aegithalus) pendulinus K Gloger I 2
page-036-R	3	L	unknown		L is nowhere in the p.11/p.12 key · 23 sites in the corpus, all spelt this way	simul memorat Ar, — alterum est phalaena cereana L, al-
page-036-R	4	L	unknown		L is nowhere in the p.11/p.12 key · 23 sites in the corpus, all spelt this way	terum ἀκαρί termes fatale L' S I 392, 675, fort der-
page-036-R	50	Hom	unknown		Hom is nowhere in the p.11/p.12 key · 38 sites in the corpus, all spelt this way	ἀκίκυς (Hom ι515) i e ἀειδής πο22. 1458b25.
page-037-L	45	Accusativus	unknown		Accusativus is nowhere in the p.11/p.12 key · the only site in the corpus	Accusativus temporalis, πᾶσαν ὥραν γίγνεται τῆς ἡμέρας
page-037-L	53	Ddt	unknown		Ddt is nowhere in the p.11/p.12 key · the only site in the corpus	bili coni ξύλȣ Ddt). — acc obiecti cum nomine coniunctus
page-037-R	16	Isocr	unknown		Isocr is nowhere in the p.11/p.12 key · 5 sites in the corpus, all spelt this way	Isocr 5, 10) Ργ11. 1411b28. ἑτέρας ἀκμῆς τὸ πολεμεῖν ϗ̀
page-038-R	2	Steinthal	unknown		Steinthal is nowhere in the p.11/p.12 key · the only site in the corpus	χειν τινί, κατηγορεῖσθαί τινος (cf ἕπεσθαι. Steinthal p. 222)
page-038-R	10	Isocr	unknown		Isocr is nowhere in the p.11/p.12 key · 5 sites in the corpus, all spelt this way	ἀκολȣθησις. ἐναντία ὑπομονὴ ἀκολȣθησις (Isocr 4, 35) Ργ9.
page-038-R	56	Cretenses	unknown		Cretenses is nowhere in the p.11/p.12 key · the only site in the corpus	ἀκοσμία τῶν δυνατῶν (apud Cretenses) Πβ10. 1272 b8.
page-038-R	57	Hom	unknown		Hom is nowhere in the p.11/p.12 key · 38 sites in the corpus, all spelt this way	ἀκȣάζεσθαι (Hom ι7) Πθ3. 1338 a29.
page-040-R	26	Fabr	unknown		Fabr is nowhere in the p.11/p.12 key · the only site in the corpus	b4. (criquet C, locusta S, tetigonia Fabr St, non modo acri-
page-041-R	3	Hom	unknown		Hom is nowhere in the p.11/p.12 key · 38 sites in the corpus, all spelt this way	ἀκρότατος. ἀκροτάτῃ κορυφῇ (Hom Α 499) κ6. 397b26.
page-041-R	42	Lycophronem	unknown		Lycophronem is nowhere in the p.11/p.12 key · the only site in the corpus	ἀκτὴ στενοπόρος (apud Lycophronem cf h v) Ργ3. 1405b36.
page-041-R	47	Emped	unknown		Emped is nowhere in the p.11/p.12 key · 27 sites in the corpus, all spelt this way	ἀκτίς. ἀκτίνεσσιν (Emped 225) αι2. 437b31. ὁ κῶνος ὁ ἀπὸ
page-041-R	57	Quercus	unknown		Quercus is nowhere in the p.11/p.12 key · the only site in the corpus	ἄκυλος. ὗς πιαίνεται ἀκύλοις Ζιθ6. 595a29 (glans Quercus
page-041-R	58	Ilicis	unknown		Ilicis is nowhere in the p.11/p.12 key · the only site in the corpus	Ilicis).
page-042-L	25	Hom	unknown		Hom is nowhere in the p.11/p.12 key · 38 sites in the corpus, all spelt this way	ἀλᾶτο (Hom Z201) πλ1. 953 a24.
page-042-L	25	Z	unknown		Z is nowhere in the p.11/p.12 key · 2 sites in the corpus, all spelt this way	ἀλᾶτο (Hom Z201) πλ1. 953 a24.
page-042-L	38	Hom	unknown		Hom is nowhere in the p.11/p.12 key · 38 sites in the corpus, all spelt this way	ἄλγος. ἄλγεσι (Hom ο400) Ρα11. 1370 b5.
page-042-L	52	Mus	unknown		Mus is nowhere in the p.11/p.12 key · the only site in the corpus	ἀλεγίζειν, ἐν δ’ ἀλεγίζει (Mus 2) Ζιζ6. 563 a19.
page-042-L	53	Hom	unknown		Hom is nowhere in the p.11/p.12 key · 38 sites in the corpus, all spelt this way	ἀλεείνειν (Hom Λ 542) Ρβ9. 1387 a34. (Hom Z 202) πλ1.
page-042-L	53	Hom	unknown		Hom is nowhere in the p.11/p.12 key · 38 sites in the corpus, all spelt this way	ἀλεείνειν (Hom Λ 542) Ρβ9. 1387 a34. (Hom Z 202) πλ1.
page-042-L	53	Z	unknown		Z is nowhere in the p.11/p.12 key · 2 sites in the corpus, all spelt this way	ἀλεείνειν (Hom Λ 542) Ρβ9. 1387 a34. (Hom Z 202) πλ1.
page-042-R	44	L	unknown		L is nowhere in the p.11/p.12 key · 23 sites in the corpus, all spelt this way	sianus gallus fem L, gallus alector St Cr AΖγ 22, Ζι I 77
page-043-L	8	L	unknown		L is nowhere in the p.11/p.12 key · 23 sites in the corpus, all spelt this way	mas L St K Cr AΖι I 77 n 13 Su 137 n 106 M 299).
page-043-L	17	Po	unknown		Po is nowhere in the p.11/p.12 key · the only site in the corpus	Ἀλεξάνδρȣ) Ρβ23. 1398a22. 24. 1401b20 (tribuit hoc Po-
page-043-L	18	Sauppe	unknown		Sauppe is nowhere in the p.11/p.12 key · the only site in the corpus	lycrati Sauppe Orat II 223, et ad eandem declamationem
page-043-L	18	Orat	unknown		Orat is nowhere in the p.11/p.12 key · the only site in the corpus	lycrati Sauppe Orat II 223, et ad eandem declamationem
page-043-L	20	Isocrati	unknown		Isocrati is nowhere in the p.11/p.12 key · the only site in the corpus	iure Isocrati vindicat Vhl).
page-043-L	21	Macedonum	unknown		Macedonum is nowhere in the p.11/p.12 key · the only site in the corpus	Ἀλέξανδρος Macedonum rex ρ1. 1420a5. κ1. 392a2. οβ
page-044-L	15	Democritus	unknown		Democritus is nowhere in the p.11/p.12 key · the only site in the corpus	a26. 25. 1402b23. (Democritus statuit) τὸ ἀληθὲς εἶναι τὸ
page-044-L	34	Ari	unknown		Ari is nowhere in the p.11/p.12 key · the only site in the corpus	ἐναντίον ψευδῆ Ργ19. 1419b14. huius usus auctorem Ari-
page-044-L	58	Hom	unknown		Hom is nowhere in the p.11/p.12 key · 38 sites in the corpus, all spelt this way	Ἀλήϊον (Hom Ζ 201) πλ1. 953a24.
page-044-L	59	Hom	unknown		Hom is nowhere in the p.11/p.12 key · 38 sites in the corpus, all spelt this way	ἀλήτης (Hom ρ 420. τ 76) Ηδ4. 1122a27.
page-044-R	38	Hom	unknown		Hom is nowhere in the p.11/p.12 key · 38 sites in the corpus, all spelt this way	ἁλίσκεσθαι. ἄστυ ἁλῴη (Hom Ι 592) Ρα7. 1365 a13. Βα-
page-044-R	50	Ol	unknown		Ol is nowhere in the p.11/p.12 key · 2 sites in the corpus, all spelt this way	καίȣ (i e Ol 89, 3) f 579. 1573 a24.
page-045-L	3	Alcidamas	unknown		Alcidamas is nowhere in the p.11/p.12 key · the only site in the corpus	λέξιν Ργ3. 1406 a1, 9, 18 b11. cf Vhl Alcidamas.
page-045-L	13	Nck	unknown		Nck is nowhere in the p.11/p.12 key · 10 sites in the corpus, all spelt this way	μαντος πο14. 1453 b33 (Nck fr tr p 603). Ἀ. Θεοδέκτȣ,
page-045-L	16	Pythagoreis	unknown		Pythagoreis is nowhere in the p.11/p.12 key · the only site in the corpus	Ζγγ2. 752 b25. comparatur cum Pythagoreis ΜΑ5. 986 a26,
page-045-L	18	Trend	unknown		Trend is nowhere in the p.11/p.12 key · the only site in the corpus	a22 cf Trend p 216), περὶ θανάτȣ ἀνθρώπων πιζ3. 916 a34.
page-045-L	34	Simonid	unknown		Simonid is nowhere in the p.11/p.12 key · 2 sites in the corpus, all spelt this way	φον ποικίλας ἁλκυόνος (Simonid fr 12) Ζιε8. 542 b10. (? C II
page-045-L	52	Vahlen	unknown		Vahlen is nowhere in the p.11/p.12 key · 5 sites in the corpus, all spelt this way	25. 1460 b33 (Vahlen, Rhet p 33). ἀλλά γε non interpo-
page-045-L	52	Rhet	unknown		Rhet is nowhere in the p.11/p.12 key · 7 sites in the corpus, all spelt this way	25. 1460 b33 (Vahlen, Rhet p 33). ἀλλά γε non interpo-
page-045-L	58	Aristoteli	unknown		Aristoteli is nowhere in the p.11/p.12 key · 2 sites in the corpus, all spelt this way	tatum Aristoteli, veluti Κ5. 3 b19. Αγ6. 74 b17. τα7. 103
page-045-R	37	Torstr	unknown		Torstr is nowhere in the p.11/p.12 key · the only site in the corpus	b4 (γε om censet Torstr), in apodosi enunciationis conditio-
page-045-R	48	Emped	unknown		Emped is nowhere in the p.11/p.12 key · 27 sites in the corpus, all spelt this way	ἀλλάττειν. ἀλλάσσοντα διαμπερές (Emped 73) Φθ1. 251 a2.
page-046-L	22	Emp	unknown		Emp is nowhere in the p.11/p.12 key · 8 sites in the corpus, all spelt this way	ἀλλοῖος. ἀλλοῖοι μετέφυν (Emp 376) Μγ5. 1009 b20. —
page-046-R	10	Emped	unknown		Emped is nowhere in the p.11/p.12 key · 27 sites in the corpus, all spelt this way	ἀναιρεῖσθαι ἀνάγκη τοῖς ȣ̔́τω (Emped) λέγȣσιν ΜΑ8. 989
page-046-R	18	Trdlbg	spelling	Trdllbg	one letter from Trdllbg, which is in the key; Trdlbg is not · 14 sites in the corpus, all spelt this way	Trdlbg p 305. — ἡ ἀλλοίωσις ἐξ ἐναντίων τινῶν, εἰς ἐναν-
page-047-L	46	Poet	unknown		Poet is nowhere in the p.11/p.12 key · 14 sites in the corpus, all spelt this way	τίμησις ϗ̀ ἀλογία (ἀλογία ci Vhl Poet IV 428) πο25. 1461
page-047-L	46	IV	unknown		IV is nowhere in the p.11/p.12 key · 13 sites in the corpus, all spelt this way	τίμησις ϗ̀ ἀλογία (ἀλογία ci Vhl Poet IV 428) πο25. 1461
page-047-R	10	Poet	unknown		Poet is nowhere in the p.11/p.12 key · 14 sites in the corpus, all spelt this way	τἄλογα πο25. 1461b14 Vhl Poet IV 426. — ἄλογος mathe-
page-047-R	10	IV	unknown		IV is nowhere in the p.11/p.12 key · 13 sites in the corpus, all spelt this way	τἄλογα πο25. 1461b14 Vhl Poet IV 426. — ἄλογος mathe-
page-047-R	20	Emped	unknown		Emped is nowhere in the p.11/p.12 key · 27 sites in the corpus, all spelt this way	ἄλοξ (Emped 344) αν7. 473b11.
page-047-R	21	Nck	unknown		Nck is nowhere in the p.11/p.12 key · 10 sites in the corpus, all spelt this way	Ἀλόπη Καρκίνȣ Ηη8. 1150b10 (Nck fr tr p 619).
page-047-R	31	Arist	unknown		Arist is nowhere in the p.11/p.12 key · 8 sites in the corpus, all spelt this way	apud Arist ubique forma ἁλȣργός videtur exhiberi.
page-048-L	54	Eur	unknown		Eur is nowhere in the p.11/p.12 key · 7 sites in the corpus, all spelt this way	ἀλφάνȣσι φθόνον (Eur Med 297) Ρβ2. 1394a34.
page-048-L	54	Med	unknown		Med is nowhere in the p.11/p.12 key · 2 sites in the corpus, all spelt this way	ἀλφάνȣσι φθόνον (Eur Med 297) Ρβ2. 1394a34.
page-048-L	60	Emped	unknown		Emped is nowhere in the p.11/p.12 key · 27 sites in the corpus, all spelt this way	ἄλφιτον (Emped 275) μδ4. 382a1. ὅσα περὶ ἄλφιτα πκα
page-048-R	11	L	unknown		L is nowhere in the p.11/p.12 key · 23 sites in the corpus, all spelt this way	1529 a15, 21 (selachiorum s squalorum L species quaedam).
page-048-R	29	Aegyptiaca	unknown		Aegyptiaca is nowhere in the p.11/p.12 key · the only site in the corpus	vulpe Aegyptiaca C II 726; canis vulpes S St K Cr, fort
page-048-R	30	Geoff	unknown		Geoff is nowhere in the p.11/p.12 key · the only site in the corpus	etiam canis niloticus Geoff AΖι I 63 n 3 Su 144 no 10).
page-048-R	33	Herrmann	unknown		Herrmann is nowhere in the p.11/p.12 key · the only site in the corpus	b25 refert S (renard volant C, sciurus petaurista Herrmann
page-048-R	34	Alopex	unknown		Alopex is nowhere in the p.11/p.12 key · the only site in the corpus	Alopex Arist Argent 1782, vulpecula Gazae S, 'de vulpecula
page-048-R	34	Arist	unknown		Arist is nowhere in the p.11/p.12 key · 8 sites in the corpus, all spelt this way	Alopex Arist Argent 1782, vulpecula Gazae S, 'de vulpecula
page-048-R	34	Argent	unknown		Argent is nowhere in the p.11/p.12 key · the only site in the corpus	Alopex Arist Argent 1782, vulpecula Gazae S, 'de vulpecula
page-048-R	34	Gazae	unknown		Gazae is nowhere in the p.11/p.12 key · 2 sites in the corpus, all spelt this way	Alopex Arist Argent 1782, vulpecula Gazae S, 'de vulpecula
page-048-R	43	L	unknown		L is nowhere in the p.11/p.12 key · 23 sites in the corpus, all spelt this way	pes L (alopias vulp Raffinesque) J Müller Abhandl d Berl
page-048-R	43	Raffinesque	unknown		Raffinesque is nowhere in the p.11/p.12 key · the only site in the corpus	pes L (alopias vulp Raffinesque) J Müller Abhandl d Berl
page-048-R	43	J	unknown		J is nowhere in the p.11/p.12 key · 3 sites in the corpus, all spelt this way	pes L (alopias vulp Raffinesque) J Müller Abhandl d Berl
page-048-R	43	Abhandl	unknown		Abhandl is nowhere in the p.11/p.12 key · 2 sites in the corpus, all spelt this way	pes L (alopias vulp Raffinesque) J Müller Abhandl d Berl
page-048-R	43	Berl	unknown		Berl is nowhere in the p.11/p.12 key · 2 sites in the corpus, all spelt this way	pes L (alopias vulp Raffinesque) J Müller Abhandl d Berl
page-048-R	44	Acad	unknown		Acad is nowhere in the p.11/p.12 key · the only site in the corpus	Acad 1840 p 197, squalus nondum certo definitus AΖι I
page-049-L	14	Hom	unknown		Hom is nowhere in the p.11/p.12 key · 38 sites in the corpus, all spelt this way	ἀμαθύνει (Hom Ι 593) Ρα7. 1365 a14.
page-049-R	9	Her	unknown		Her is nowhere in the p.11/p.12 key · 2 sites in the corpus, all spelt this way	Πα12. 1259 b8 (Her. 2, 172).
page-049-R	55	Orphic	unknown		Orphic is nowhere in the p.11/p.12 key · the only site in the corpus	ἄμβροτος (Orphic VI 12) κ7. 401 b2.
page-049-R	55	VI	unknown		VI is nowhere in the p.11/p.12 key · 3 sites in the corpus, all spelt this way	ἄμβροτος (Orphic VI 12) κ7. 401 b2.
page-050-L	54	Emped	unknown		Emped is nowhere in the p.11/p.12 key · 27 sites in the corpus, all spelt this way	ἀμήχανος. ἀμήχανόν ἐστι γενέσθαι (Emped 102) ξ2. 975 b2.
page-050-R	9	L	unknown		L is nowhere in the p.11/p.12 key · 23 sites in the corpus, all spelt this way	St K Cr, scomber amia L, s lichia amia Cuv F304, 9, scom-
page-050-R	11	Anaxag	unknown		Anaxag is nowhere in the p.11/p.12 key · 4 sites in the corpus, all spelt this way	ἀμιγής. ὁ νȣ͂ς ἀμιγής (Anaxag), coni ἁπλȣ͂ς, καθαρός, ἀπα-
page-050-R	38	Hom	unknown		Hom is nowhere in the p.11/p.12 key · 38 sites in the corpus, all spelt this way	ἄμμορος (Hom Σ 489, ε 275) πο25. 1461a20.
page-051-L	4	Emped	unknown		Emped is nowhere in the p.11/p.12 key · 27 sites in the corpus, all spelt this way	ἀμοιβαῖος (Emped 179) Μβ4. 1000 b15.
page-051-L	16	Emped	unknown		Emped is nowhere in the p.11/p.12 key · 27 sites in the corpus, all spelt this way	ἀμȣργοὶ λαμπτῆρες (Emped 222, v l ἀμοργȣ́ς) αι2. 437 b28.
page-051-L	28	Vitis	unknown		Vitis is nowhere in the p.11/p.12 key · the only site in the corpus	f 554 1569 b34 (Vitis vinifera L).
page-051-L	28	L	unknown		L is nowhere in the p.11/p.12 key · 23 sites in the corpus, all spelt this way	f 554 1569 b34 (Vitis vinifera L).
page-051-L	34	Ideler	unknown		Ideler is nowhere in the p.11/p.12 key · 8 sites in the corpus, all spelt this way	συμπεριοδεύειν τῇ σελήνῃ κ4. 396 a26 (Ideler ad Met I 501).
page-051-L	34	Met	unknown		Met is nowhere in the p.11/p.12 key · the only site in the corpus	συμπεριοδεύειν τῇ σελήνῃ κ4. 396 a26 (Ideler ad Met I 501).
page-051-L	38	Amygdalus	unknown		Amygdalus is nowhere in the p.11/p.12 key · the only site in the corpus	(Amygdalus communis L).
page-051-L	38	L	unknown		L is nowhere in the p.11/p.12 key · 23 sites in the corpus, all spelt this way	(Amygdalus communis L).
page-051-L	42	Amygdali	unknown		Amygdali is nowhere in the p.11/p.12 key · the only site in the corpus	Amygdali communis).
page-051-R	3	Hom	unknown		Hom is nowhere in the p.11/p.12 key · 38 sites in the corpus, all spelt this way	ἀμύνεσθαι περὶ πάτρης (Hom Μ 243) Ρβ21. 1395 a14. —
page-051-R	11	Gaza	unknown		Gaza is nowhere in the p.11/p.12 key · 2 sites in the corpus, all spelt this way	cula vertit Gaza, ramos Plinius, rectius propugnacula Sca-
page-051-R	11	Plinius	unknown		Plinius is nowhere in the p.11/p.12 key · the only site in the corpus	cula vertit Gaza, ramos Plinius, rectius propugnacula Sca-
page-051-R	11	Sca	unknown		Sca is nowhere in the p.11/p.12 key · the only site in the corpus	cula vertit Gaza, ramos Plinius, rectius propugnacula Sca-
page-051-R	12	Augsprossen	unknown		Augsprossen is nowhere in the p.11/p.12 key · the only site in the corpus	liger, defenses C, Augsprossen S II 34, Wehrzinken AΖι).
page-051-R	12	Wehrzinken	unknown		Wehrzinken is nowhere in the p.11/p.12 key · the only site in the corpus	liger, defenses C, Augsprossen S II 34, Wehrzinken AΖι).
page-051-R	16	Eur	unknown		Eur is nowhere in the p.11/p.12 key · 7 sites in the corpus, all spelt this way	ἀμύντωρ πατρός (Eur Or 1588) Ργ2. 1405 b23.
page-051-R	16	Or	unknown		Or is nowhere in the p.11/p.12 key · the only site in the corpus	ἀμύντωρ πατρός (Eur Or 1588) Ργ2. 1405 b23.
page-051-R	20	Nck	unknown		Nck is nowhere in the p.11/p.12 key · 10 sites in the corpus, all spelt this way	— Ἀμφιάραος Καρκίνȣ πο17. 1455 a27 (Nck fr tr p 619).
page-051-R	25	Vahlen	unknown		Vahlen is nowhere in the p.11/p.12 key · 5 sites in the corpus, all spelt this way	ἀμφιβολία εἰρῆσθαι πο25. 1461 a25 Vahlen Poet IV 371.
page-051-R	25	Poet	unknown		Poet is nowhere in the p.11/p.12 key · 14 sites in the corpus, all spelt this way	ἀμφιβολία εἰρῆσθαι πο25. 1461 a25 Vahlen Poet IV 371.
page-051-R	25	IV	unknown		IV is nowhere in the p.11/p.12 key · 13 sites in the corpus, all spelt this way	ἀμφιβολία εἰρῆσθαι πο25. 1461 a25 Vahlen Poet IV 371.
page-051-R	59	Emped	unknown		Emped is nowhere in the p.11/p.12 key · 27 sites in the corpus, all spelt this way	ἀμφινάοντος (Emped 228) αι2. 438 a2.
page-051-R	60	Aeschyl	unknown		Aeschyl is nowhere in the p.11/p.12 key · 3 sites in the corpus, all spelt this way	ἀμφινωμήσει (Aeschyl fr 297, 8) Ζιι49Β. 633 a26.
page-052-R	2	BC	unknown		BC is nowhere in the p.11/p.12 key · the only site in the corpus	(ἀμφοτέροις codd BC, a32 ἐν ἀμφοτέροις τοῖς λόγοις Bk). —
page-052-R	27	Theo	unknown		Theo is nowhere in the p.11/p.12 key · the only site in the corpus	ἀμφοῖν πολιτῶν Πγ5. 1278 a34, θείων ἀπ’ ἀμφοῖν (Theo-
page-052-R	28	Nck	unknown		Nck is nowhere in the p.11/p.12 key · 10 sites in the corpus, all spelt this way	dect fr 3 Nck) Πα6. 1255 a37, coll τȣ̀ς ἐξ ἀμφοτέρων πο-
page-053-L	5	Buttm	unknown		Buttm is nowhere in the p.11/p.12 key · the only site in the corpus	particulae ἄν (Buttm ad Dem Mid n 153) idem fere valeat
page-053-L	5	Dem	unknown		Dem is nowhere in the p.11/p.12 key · the only site in the corpus	particulae ἄν (Buttm ad Dem Mid n 153) idem fere valeat
page-053-L	5	Mid	unknown		Mid is nowhere in the p.11/p.12 key · the only site in the corpus	particulae ἄν (Buttm ad Dem Mid n 153) idem fere valeat
page-053-L	8	Poet	unknown		Poet is nowhere in the p.11/p.12 key · 14 sites in the corpus, all spelt this way	saepe apud Ar legitur (Vhl Poet I 35), veluti κἂν εἰ δὲ τῆς
page-053-L	47	Ac	unknown		Ac is nowhere in the p.11/p.12 key · 5 sites in the corpus, all spelt this way	ἀεὶ ἐν pro κἂν cod Ac Spgl). — ὥσπερ ἂν εἰ, καθάπερ
page-053-L	53	Ac	unknown		Ac is nowhere in the p.11/p.12 key · 5 sites in the corpus, all spelt this way	(cod Ac Spgl, ἂν om Bk), 1399b20 (ἂν unc incl Bk3). γ7.
page-053-R	3	Vahlen	unknown		Vahlen is nowhere in the p.11/p.12 key · 5 sites in the corpus, all spelt this way	δ3. 1290 b4. πο25. 1460 b7 al. Vahlen Poet IV 408, 438,
page-053-R	3	Poet	unknown		Poet is nowhere in the p.11/p.12 key · 14 sites in the corpus, all spelt this way	δ3. 1290 b4. πο25. 1460 b7 al. Vahlen Poet IV 408, 438,
page-053-R	3	IV	unknown		IV is nowhere in the p.11/p.12 key · 13 sites in the corpus, all spelt this way	δ3. 1290 b4. πο25. 1460 b7 al. Vahlen Poet IV 408, 438,
page-053-R	7	Bk1	numeral	Bk	Bk is in Bonitz's key; the key sanctions Bk, Bk2, Bk3 and not Bk1 · the only site in the corpus	tentialem Πγ13. 1283 b15. ζ8. 1322 a35 (Bk1 utroque
page-053-R	8	Ac	unknown		Ac is nowhere in the p.11/p.12 key · 5 sites in the corpus, all spelt this way	loco ἂν addit). Ρβ23. 1398 a7 (ἂν om cod Ac, add Bk
page-053-R	47	Isocr	unknown		Isocr is nowhere in the p.11/p.12 key · 5 sites in the corpus, all spelt this way	(Isocr 4, 172) Ργ10. 1411 b14.
page-054-L	46	Soph	unknown		Soph is nowhere in the p.11/p.12 key · 2 sites in the corpus, all spelt this way	βία με ταῦτ’ ἀναγκάζει ποιεῖν (Soph El 256) Μδ5. 1015
page-054-L	46	El	unknown		El is nowhere in the p.11/p.12 key · the only site in the corpus	βία με ταῦτ’ ἀναγκάζει ποιεῖν (Soph El 256) Μδ5. 1015
page-055-R	47	Plat	unknown		Plat is nowhere in the p.11/p.12 key · 10 sites in the corpus, all spelt this way	ἐπιστήμην ὥσπερ ἀναγνωρίζοντας (cf Plat Men 81) Αβ21.
page-055-R	47	Men	unknown		Men is nowhere in the p.11/p.12 key · the only site in the corpus	ἐπιστήμην ὥσπερ ἀναγνωρίζοντας (cf Plat Men 81) Αβ21.
page-055-R	54	Poet	unknown		Poet is nowhere in the p.11/p.12 key · 14 sites in the corpus, all spelt this way	ἑαυτὸν ποιεῖσθαι γνώριμον (cf Vhl Poet II 85), et Ὀδυσ-
page-056-L	60	Emped	unknown		Emped is nowhere in the p.11/p.12 key · 27 sites in the corpus, all spelt this way	ἀναθρώσκει αἷμα (Emped 350) αν7. 473b16, 474a6.
page-056-R	44	Hom	unknown		Hom is nowhere in the p.11/p.12 key · 38 sites in the corpus, all spelt this way	ἀναιδὴς λᾶας (Hom λ 598) Ργ11. 1411 b34.— ἀναιδȣ͂ς ση-
page-056-R	58	Harnleiter	unknown		Harnleiter is nowhere in the p.11/p.12 key · the only site in the corpus	ἕτεροι Ζμγ9. 671 b16 (ureteres, Harnleiter Fr 298. 59).
page-057-R	44	Stud	unknown		Stud is nowhere in the p.11/p.12 key · 3 sites in the corpus, all spelt this way	Stud I p 70).
page-058-L	12	Stud	unknown		Stud is nowhere in the p.11/p.12 key · 3 sites in the corpus, all spelt this way	1450b39 (cf Bz Ar Stud I 96). ποιεῖν τὴν κρᾶσιν ἀναίσθη-
page-058-R	41	Anacoluthia	unknown		Anacoluthia is nowhere in the p.11/p.12 key · the only site in the corpus	Anacoluthia. 1. nominativus in principio enunciati ponitur
page-059-L	9	III	unknown		III is nowhere in the p.11/p.12 key · 7 sites in the corpus, all spelt this way	tatione ad legitimam formam possunt redigi, Bz Ar St II, III
page-059-L	18	III	unknown		III is nowhere in the p.11/p.12 key · 7 sites in the corpus, all spelt this way	Ar St II, III 129-141.
page-059-R	18	Meliss	unknown		Meliss is nowhere in the p.11/p.12 key · 2 sites in the corpus, all spelt this way	1231 a33, 26. — τὸ ἓν ἀνώδυνόν τε ϗ̀ ἀνάλγητον (Meliss)
page-060-R	2	Ideler	unknown		Ideler is nowhere in the p.11/p.12 key · 8 sites in the corpus, all spelt this way	Ideler ἀνὰ λόγον scribit μα2. 339 a18. 14. 351 b4. β5.362
page-060-R	22	Zeller	unknown		Zeller is nowhere in the p.11/p.12 key · 6 sites in the corpus, all spelt this way	ϗ̀ ἀναλύειν ὥσπερ διάγραμμα Ηγ5. 1112 b20. cf Zeller II
page-060-R	37	III	unknown		III is nowhere in the p.11/p.12 key · 7 sites in the corpus, all spelt this way	δῆλον ἡμῖν ἐκ τῶν ἀναλυτικῶν, cf Ἀριστοτέλης III Analy-
page-060-R	37	Analy	unknown		Analy is nowhere in the p.11/p.12 key · the only site in the corpus	δῆλον ἡμῖν ἐκ τῶν ἀναλυτικῶν, cf Ἀριστοτέλης III Analy-
page-061-L	9	Trdlbg	spelling	Trdllbg	one letter from Trdllbg, which is in the key; Trdlbg is not · 14 sites in the corpus, all spelt this way	453a8 (Trdlbg de an p 168). ἀναμιμνήσκεσθαι ἀπὸ τόπων
page-061-L	15	Trdlbg	spelling	Trdllbg	one letter from Trdllbg, which is in the key; Trdlbg is not · 14 sites in the corpus, all spelt this way	ἀνάμνησις, def ψα4. 408b17 (Trdlbg p 270). ἀναμνήσεις
page-061-L	17	Plat	unknown		Plat is nowhere in the p.11/p.12 key · 10 sites in the corpus, all spelt this way	θυμητῶν Ηγ13. 1118a13. ἡ μάθησις ἀνάμνησις (Plat) Αβ21.
page-061-L	29	Hom	unknown		Hom is nowhere in the p.11/p.12 key · 38 sites in the corpus, all spelt this way	b13. ι15. 174a30. Ἕκτωρ ἀνανεύων (Hom Χ 205) πο24.
page-061-L	47	Anaxagorae	unknown		Anaxagorae is nowhere in the p.11/p.12 key · 5 sites in the corpus, all spelt this way	ἐφιλονείκει f 65. 1486b34. — ipsa Anaxagorae verba affe-
page-061-L	52	Anaxagorea	unknown		Anaxagorea is nowhere in the p.11/p.12 key · 3 sites in the corpus, all spelt this way	καθέστηκεν ἀλλοιȣ͂σθαι (sed Anaxagorea verba paullum ab
page-061-L	54	Anaxagorae	unknown		Anaxagorae is nowhere in the p.11/p.12 key · 5 sites in the corpus, all spelt this way	— Anaxagorae doctrina saepe cum Empedocle et Democrito
page-061-L	54	Empedocle	unknown		Empedocle is nowhere in the p.11/p.12 key · the only site in the corpus	— Anaxagorae doctrina saepe cum Empedocle et Democrito
page-061-L	54	Democrito	unknown		Democrito is nowhere in the p.11/p.12 key · 2 sites in the corpus, all spelt this way	— Anaxagorae doctrina saepe cum Empedocle et Democrito
page-061-L	55	Democrito	unknown		Democrito is nowhere in the p.11/p.12 key · 2 sites in the corpus, all spelt this way	comparatur v Ἐμπεδοκλῆς, cum Democrito Φγ4. 203a20
page-061-L	56	Anaxagorae	unknown		Anaxagorae is nowhere in the p.11/p.12 key · 5 sites in the corpus, all spelt this way	(resp α2. 184b21). Μγ5. 1009a27. doctrina Anaxagorae
page-061-L	58	Anaxagoras	unknown		Anaxagoras is nowhere in the p.11/p.12 key · the only site in the corpus	a30-b21. Φα4. Ογ4. Anaxagoras ponit ἀπείρȣς τὰς ἀρχάς,
page-061-L	61	Anaxa	unknown		Anaxa is nowhere in the p.11/p.12 key · the only site in the corpus	12. ξ2. 975b17. resp Φα2. 184b21. ea principia Ar Anaxa-
page-061-R	2	Breier	unknown		Breier is nowhere in the p.11/p.12 key · the only site in the corpus	rumque suo (cf Breier, Phil. des Anax) ὁμοιομερῆ Φγ4. 203
page-061-R	2	Phil	unknown		Phil is nowhere in the p.11/p.12 key · the only site in the corpus	rumque suo (cf Breier, Phil. des Anax) ὁμοιομερῆ Φγ4. 203
page-061-R	2	Anax	unknown		Anax is nowhere in the p.11/p.12 key · 6 sites in the corpus, all spelt this way	rumque suo (cf Breier, Phil. des Anax) ὁμοιομερῆ Φγ4. 203
page-061-R	4	Torstrik	unknown		Torstrik is nowhere in the p.11/p.12 key · 2 sites in the corpus, all spelt this way	984a13. 7. 988a28, τὰ ὁμοιοειδῆ (ὁμοειδῆ Torstrik) Φα4.
page-061-R	6	Empedocli	unknown		Empedocli is nowhere in the p.11/p.12 key · the only site in the corpus	Empedocli sunt στοιχεῖα, ea Anaxagorae πανσπερμία, μίγ-
page-061-R	6	Anaxagorae	unknown		Anaxagorae is nowhere in the p.11/p.12 key · 5 sites in the corpus, all spelt this way	Empedocli sunt στοιχεῖα, ea Anaxagorae πανσπερμία, μίγ-
page-061-R	13	Plato	unknown		Plato is nowhere in the p.11/p.12 key · 3 sites in the corpus, all spelt this way	quam elementorum omnium mistionem Ar materiae Plato-
page-061-R	20	Trdlbg	spelling	Trdllbg	one letter from Trdllbg, which is in the key; Trdlbg is not · 14 sites in the corpus, all spelt this way	405a13, 16 Trdlbg, b19. γ4. 429a19, b24. νȣ͂ν τις εἰπὼν
page-061-R	30	Anaxagorea	unknown		Anaxagorea is nowhere in the p.11/p.12 key · 3 sites in the corpus, all spelt this way	b1, 188a9-17. γ4. 203a23. (Anaxagorea μίξεως notio re-
page-061-R	44	Ideler	unknown		Ideler is nowhere in the p.11/p.12 key · 8 sites in the corpus, all spelt this way	Ideler. περὶ θαλάττης resp μβ1. 353b5. 3. 357b19 Ideler.
page-061-R	44	Ideler	unknown		Ideler is nowhere in the p.11/p.12 key · 8 sites in the corpus, all spelt this way	Ideler. περὶ θαλάττης resp μβ1. 353b5. 3. 357b19 Ideler.
page-061-R	58	Trdlbg	spelling	Trdllbg	one letter from Trdllbg, which is in the key; Trdlbg is not · 14 sites in the corpus, all spelt this way	Trdlbg. Anaxagorea doctrina, τῷ μεμῖχθαι πᾶν ἐν παντί,
page-061-R	58	Anaxagorea	unknown		Anaxagorea is nowhere in the p.11/p.12 key · 3 sites in the corpus, all spelt this way	Trdlbg. Anaxagorea doctrina, τῷ μεμῖχθαι πᾶν ἐν παντί,
page-062-L	5	Mke	unknown		Mke is nowhere in the p.11/p.12 key · the only site in the corpus	poetae tribuendum censet verba τὴν ἀξίαν δεῖ (ἔδει ci Mke)
page-062-L	6	Meineke	unknown		Meineke is nowhere in the p.11/p.12 key · the only site in the corpus	γαμεῖν τὸν ἄξιον Ργ11. 1412b27 Meineke fr inc 18.
page-062-L	18	Anaximander	unknown		Anaximander is nowhere in the p.11/p.12 key · the only site in the corpus	δρος Φγ4. 203b11-14. (Anaximander resp ὁ δὲ τὸ ἄπειρον
page-062-L	21	Zeller	unknown		Zeller is nowhere in the p.11/p.12 key · 6 sites in the corpus, all spelt this way	quomodo intelligendum sit cf Ογ3. 302a16, Zeller I 160,
page-062-L	22	Anax	unknown		Anax is nowhere in the p.11/p.12 key · 6 sites in the corpus, all spelt this way	5). Anax resp οἱ περὶ φύσεως ὑποτιθέασιν ἑτέραν τινὰ φύσιν
page-062-L	23	Anax	unknown		Anax is nowhere in the p.11/p.12 key · 6 sites in the corpus, all spelt this way	τῷ ἀπείρῳ Φγ4. 203a16. Anax resp τὸ ἄπειρον σῶμα τὸ
page-062-L	27	Anax	unknown		Anax is nowhere in the p.11/p.12 key · 6 sites in the corpus, all spelt this way	Ἀναξίμανδρός φησι Φα4. 187a21. Anax videtur resp ἄπειροι
page-062-L	28	Schol	unknown		Schol is nowhere in the p.11/p.12 key · 5 sites in the corpus, all spelt this way	κόσμοι Φθ1. 250b18. cf Schol 424b44. Zeller I 173 sq.
page-062-L	28	Zeller	unknown		Zeller is nowhere in the p.11/p.12 key · 6 sites in the corpus, all spelt this way	κόσμοι Φθ1. 250b18. cf Schol 424b44. Zeller I 173 sq.
page-062-L	30	Anax	unknown		Anax is nowhere in the p.11/p.12 key · 6 sites in the corpus, all spelt this way	Ἀναξίμανδρος Οβ13. 295b12. Anax resp ὥσπερ φασί τινες,
page-062-L	32	Ideler	unknown		Ideler is nowhere in the p.11/p.12 key · 8 sites in the corpus, all spelt this way	θάλατταν μβ3. 357b19 Ideler, cf 2. 355a22, 354b33. 1.
page-062-L	33	Alex	unknown		Alex is nowhere in the p.11/p.12 key · 6 sites in the corpus, all spelt this way	353b6 Alex. — ab interpretibus Aristotelis (veluti Alex
page-062-L	33	Aristotelis	unknown		Aristotelis is nowhere in the p.11/p.12 key · 4 sites in the corpus, all spelt this way	353b6 Alex. — ab interpretibus Aristotelis (veluti Alex
page-062-L	33	Alex	unknown		Alex is nowhere in the p.11/p.12 key · 6 sites in the corpus, all spelt this way	353b6 Alex. — ab interpretibus Aristotelis (veluti Alex
page-062-L	34	Aphr	unknown		Aphr is nowhere in the p.11/p.12 key · 2 sites in the corpus, all spelt this way	Aphr ad Metaph 34, 2. 45, 20 Bz) ad Anaximandrum re-
page-062-L	34	Metaph	unknown		Metaph is nowhere in the p.11/p.12 key · the only site in the corpus	Aphr ad Metaph 34, 2. 45, 20 Bz) ad Anaximandrum re-
page-062-L	34	Anaximandrum	unknown		Anaximandrum is nowhere in the p.11/p.12 key · 2 sites in the corpus, all spelt this way	Aphr ad Metaph 34, 2. 45, 20 Bz) ad Anaximandrum re-
page-062-L	35	Arist	unknown		Arist is nowhere in the p.11/p.12 key · 8 sites in the corpus, all spelt this way	fertur ea ἀρχή, quam Arist describit ὕδατος μὲν λεπτότε-
page-062-L	39	Anaximandrum	unknown		Anaximandrum is nowhere in the p.11/p.12 key · 2 sites in the corpus, all spelt this way	Γβ1. 328b35. 5. 332a21. falso haec ad Anaximandrum
page-062-L	40	Zeller	unknown		Zeller is nowhere in the p.11/p.12 key · 6 sites in the corpus, all spelt this way	referri apparet coll Φα4. 187a12, 20. Zeller I 163 sqq.—
page-062-L	45	Anaximenem	unknown		Anaximenem is nowhere in the p.11/p.12 key · the only site in the corpus	b11. Γβ1. 328b34. 5. 332a8, b10. Anaximenem posuisse
page-062-L	48	Anaximenes	unknown		Anaximenes is nowhere in the p.11/p.12 key · the only site in the corpus	μένειν τὴν γῆν Οβ13. 294b13. Anaximenes quam dixerit
page-064-L	39	De	unknown		De is nowhere in the p.11/p.12 key · the only site in the corpus	τῶν πρότερον φυσικῶν εἰρήκασιν αν1. 470b6. cf αν2-7. De-
page-064-L	41	Empedoclis	unknown		Empedoclis is nowhere in the p.11/p.12 key · 2 sites in the corpus, all spelt this way	a6, Empedoclis αν7. 473a1, 15sqq. — 2. πυρὶ ἐὰν ἀνα-
page-064-R	24	Eur	unknown		Eur is nowhere in the p.11/p.12 key · 7 sites in the corpus, all spelt this way	ἀνάρβυλοι (Eur fr 534, 7) f64. 1486b20.
page-064-R	59	Antirrhinum	unknown		Antirrhinum is nowhere in the p.11/p.12 key · the only site in the corpus	ἀνάρρινον πκ22. 925a30. (Antirrhinum maius L?).
page-064-R	59	L	unknown		L is nowhere in the p.11/p.12 key · 23 sites in the corpus, all spelt this way	ἀνάρρινον πκ22. 925a30. (Antirrhinum maius L?).
page-065-L	13	Sylb	unknown		Sylb is nowhere in the p.11/p.12 key · 4 sites in the corpus, all spelt this way	ἀνάσιλον (ci Sylb, codd et Bk ἂν ἄσιλον) φ5. 809b24.
page-065-L	38	Eur	unknown		Eur is nowhere in the p.11/p.12 key · 7 sites in the corpus, all spelt this way	ἀνάσσειν κώπας (Eur fr 700) Ργ2. 1405a29.
page-065-L	57	Mb	unknown		Mb is nowhere in the p.11/p.12 key · 3 sites in the corpus, all spelt this way	νως Fr c cod Mb).
page-065-R	10	L	unknown		L is nowhere in the p.11/p.12 key · 23 sites in the corpus, all spelt this way	1165b22. ἀνασώζηται (ἀνασώζῃ τὰ cod L) ἐναντία ὄντα
page-065-R	29	Hom	unknown		Hom is nowhere in the p.11/p.12 key · 38 sites in the corpus, all spelt this way	ἀνατιθέναι. ἐλεγχείην ἀναθήσει (Hom X 100) Ηγ11. 1116
page-065-R	29	X	unknown		X is nowhere in the p.11/p.12 key · 2 sites in the corpus, all spelt this way	ἀνατιθέναι. ἐλεγχείην ἀναθήσει (Hom X 100) Ηγ11. 1116
page-065-R	49	Aristotelis	unknown		Aristotelis is nowhere in the p.11/p.12 key · 4 sites in the corpus, all spelt this way	φανερὸν ἐκ τῶν ἀνατομῶν (citatur Aristotelis liber ἀνατο-
page-065-R	50	III	unknown		III is nowhere in the p.11/p.12 key · 7 sites in the corpus, all spelt this way	μαί) cf Ἀριστοτέλης III. — ἀνατομαὶ ϗ̀ διαιρέσεις (de di-
page-065-R	59	Hom	unknown		Hom is nowhere in the p.11/p.12 key · 38 sites in the corpus, all spelt this way	ἀνατρέχειν. ἀναδέδρομεν αἴγλη (Hom ζ45) κ6. 400a14. —
page-066-L	13	Emped	unknown		Emped is nowhere in the p.11/p.12 key · 27 sites in the corpus, all spelt this way	ἀναύχενες κόρσαι (Emped 307) ψγ6. 430a29. Ογ2. 300
page-066-L	24	Orph	unknown		Orph is nowhere in the p.11/p.12 key · 2 sites in the corpus, all spelt this way	πκε13. 939a35. Ζεὺς ἐς φάος ἀνενέγκατο (Orph VI 43)
page-066-L	24	VI	unknown		VI is nowhere in the p.11/p.12 key · 3 sites in the corpus, all spelt this way	πκε13. 939a35. Ζεὺς ἐς φάος ἀνενέγκατο (Orph VI 43)
page-066-R	41	Portulacea	unknown		Portulacea is nowhere in the p.11/p.12 key · the only site in the corpus	δράχνης φύλλα πεττόμενα φοινικᾶ χ5. 797a27. (Portulacea
page-066-R	42	L	unknown		L is nowhere in the p.11/p.12 key · 23 sites in the corpus, all spelt this way	oleracea L.)
page-066-R	60	Zeller	unknown		Zeller is nowhere in the p.11/p.12 key · 6 sites in the corpus, all spelt this way	τοῖς ἀγριωτάτοις ἤθεσιν Πθ4. 1338b18, 13. cf Zeller II 2,
page-067-L	16	Eth	unknown		Eth is nowhere in the p.11/p.12 key · the only site in the corpus	ἀνδρία (cf ἀνδρεία). in Eth. Nic. Bekkerus ubique, quantum
page-067-L	16	Nic	unknown		Nic is nowhere in the p.11/p.12 key · the only site in the corpus	ἀνδρία (cf ἀνδρεία). in Eth. Nic. Bekkerus ubique, quantum
page-067-L	16	Bekkerus	unknown		Bekkerus is nowhere in the p.11/p.12 key · the only site in the corpus	ἀνδρία (cf ἀνδρεία). in Eth. Nic. Bekkerus ubique, quantum
page-067-L	42	Nasamonas	unknown		Nasamonas is nowhere in the p.11/p.12 key · the only site in the corpus	Ἀνδρόγυνοι supra Nasamonas confinesque illis Machlyas
page-067-L	42	Machlyas	unknown		Machlyas is nowhere in the p.11/p.12 key · the only site in the corpus	Ἀνδρόγυνοι supra Nasamonas confinesque illis Machlyas
page-067-L	47	Emped	unknown		Emped is nowhere in the p.11/p.12 key · 27 sites in the corpus, all spelt this way	ἀνδρόπρωρα (Emped 314) Φβ8. 198b32, 199b11.
page-068-R	20	Anethum	unknown		Anethum is nowhere in the p.11/p.12 key · the only site in the corpus	ἄνηθον. τὰ ἄνηθα ȣ̓ρητικά πκζ10. 949a2. (Anethum gra-
page-068-R	21	L	unknown		L is nowhere in the p.11/p.12 key · 23 sites in the corpus, all spelt this way	veolens L.)
page-068-R	31	Emped	unknown		Emped is nowhere in the p.11/p.12 key · 27 sites in the corpus, all spelt this way	ἀνήνυστον (Emped 103) ξ2. 975b2.
page-068-R	47	Empedoclis	unknown		Empedoclis is nowhere in the p.11/p.12 key · 2 sites in the corpus, all spelt this way	ἄνδρες Ζιη1. 582a29. 6. 585b5. Empedoclis de generatione
page-069-L	23	Isocr	unknown		Isocr is nowhere in the p.11/p.12 key · 5 sites in the corpus, all spelt this way	554a12. — ἀνθȣ͂σα ἀνδρὸς ἀκμή (Isocr 5, 10) Ργ11.
page-069-L	38	Cuvier	unknown		Cuvier is nowhere in the p.11/p.12 key · the only site in the corpus	definitus C S St Cuvier et Valenc hist des poissons II 255
page-069-L	38	Valenc	unknown		Valenc is nowhere in the p.11/p.12 key · the only site in the corpus	definitus C S St Cuvier et Valenc hist des poissons II 255
page-069-R	2	Nck	unknown		Nck is nowhere in the p.11/p.12 key · 10 sites in the corpus, all spelt this way	Ἄνθος Ἀγάθωνος πο9. 1451b21 (Nck fr tr p 592).
page-072-L	12	Plat	unknown		Plat is nowhere in the p.11/p.12 key · 10 sites in the corpus, all spelt this way	γυμνός cf Plat Prot 321 C) ȣ̓κ ὀρθῶς λέγȣσιν Ζμδ10. 687
page-072-L	12	Prot	unknown		Prot is nowhere in the p.11/p.12 key · 2 sites in the corpus, all spelt this way	γυμνός cf Plat Prot 321 C) ȣ̓κ ὀρθῶς λέγȣσιν Ζμδ10. 687
page-072-R	25	Protag	unknown		Protag is nowhere in the p.11/p.12 key · the only site in the corpus	χρημάτων μέτρον ἄνθρωπος (Protag) Μκ6. 1062b14. τȣ͂το
page-072-R	52	Platonicam	unknown		Platonicam is nowhere in the p.11/p.12 key · the only site in the corpus	trinam Platonicam de ideis) ΜΑ9. 990b17 Bz. μ4. 1079
page-073-L	1	Euen	unknown		Euen is nowhere in the p.11/p.12 key · the only site in the corpus	ἀνιαρός. πρᾶγμ’ ἀνιαρόν (Euen fr 8) Μδ5. 1015a29. Ρα11.
page-073-L	54	Pythag	unknown		Pythag is nowhere in the p.11/p.12 key · 4 sites in the corpus, all spelt this way	ἀνικία (Pythag), v l pro ἀδικία ΜΑ8. 990a34.
page-073-R	13	Plat	unknown		Plat is nowhere in the p.11/p.12 key · 10 sites in the corpus, all spelt this way	ϗ̀ τὸ πρός τι, ἡ ἄνισος δυὰς στοιχεῖον (Plat) Μν1. 1087b7,
page-073-R	21	Plat	unknown		Plat is nowhere in the p.11/p.12 key · 10 sites in the corpus, all spelt this way	ἀνισότης (Plat) Μβ4. 1001b23.
page-073-R	34	Hom	unknown		Hom is nowhere in the p.11/p.12 key · 38 sites in the corpus, all spelt this way	ἀννέφελος, v l ἀνέφελος (Hom ζ45) κ6. 400a14.
page-074-L	8	Steph	unknown		Steph is nowhere in the p.11/p.12 key · the only site in the corpus	significare, non est scribendum cum Steph Thes ed Ddf
page-074-L	8	Thes	unknown		Thes is nowhere in the p.11/p.12 key · the only site in the corpus	significare, non est scribendum cum Steph Thes ed Ddf
page-074-L	8	Ddf	unknown		Ddf is nowhere in the p.11/p.12 key · the only site in the corpus	significare, non est scribendum cum Steph Thes ed Ddf
page-074-L	15	Lb	unknown		Lb is nowhere in the p.11/p.12 key · the only site in the corpus	ἀνομοιοειδεῖς (ἀνομοειδεῖς Lb Mb cf s v ὁμοιοειδής) φιλίαι
page-074-L	15	Mb	unknown		Mb is nowhere in the p.11/p.12 key · 3 sites in the corpus, all spelt this way	ἀνομοιοειδεῖς (ἀνομοειδεῖς Lb Mb cf s v ὁμοιοειδής) φιλίαι
page-074-R	11	Emped	unknown		Emped is nowhere in the p.11/p.12 key · 27 sites in the corpus, all spelt this way	ἀνορύειν. ἀνόρυσε (Emped 178) Μβ4. 1000b15.
page-074-R	22	Melissi	unknown		Melissi is nowhere in the p.11/p.12 key · the only site in the corpus	ἄνοσος Ρα5. 1361b3. ὑγιές τε ϗ̀ ἄνοσον τὸ ἕν (Melissi verba)
page-075-L	60	Emped	unknown		Emped is nowhere in the p.11/p.12 key · 27 sites in the corpus, all spelt this way	ἀντιάζειν. ἀντιάσαντα (Emped 330) Ζγα18. 723a25.
page-076-L	33	Trdlbg	spelling	Trdllbg	one letter from Trdllbg, which is in the key; Trdlbg is not · 14 sites in the corpus, all spelt this way	125a25 (ex hac τῶν ἀντικειμένων significatione Trdlbg
page-076-L	42	Trdlbg	spelling	Trdllbg	one letter from Trdllbg, which is in the key; Trdlbg is not · 14 sites in the corpus, all spelt this way	63b15. τζ7. 146b27. ψβ11. 424a11 (aliter Trdlbg). Γα7.
page-076-R	29	Democr	unknown		Democr is nowhere in the p.11/p.12 key · 2 sites in the corpus, all spelt this way	ἀντικρȣ́ειν (Democr) Οδ6. 313b2. τὸ φερόμενον ὑγρὸν ὅταν
page-076-R	50	Antisthen	unknown		Antisthen is nowhere in the p.11/p.12 key · the only site in the corpus	ἀντιλέγειν ȣ̓κ ἔστιν (Antisthen) τα11. 104b20. τȣ̀ς ἀντι-
page-077-L	10	Halm	unknown		Halm is nowhere in the p.11/p.12 key · 3 sites in the corpus, all spelt this way	δέονται ρ7. 1428a7, αἰτιολογίας ci Halm.)
page-077-L	17	Antimachus	unknown		Antimachus is nowhere in the p.11/p.12 key · the only site in the corpus	Ἀντιμάχȣ versus affertur Ργ6. 1408a1. Antimachus Colo-
page-077-L	17	Colo	unknown		Colo is nowhere in the p.11/p.12 key · the only site in the corpus	Ἀντιμάχȣ versus affertur Ργ6. 1408a1. Antimachus Colo-
page-077-L	29	Alcidam	unknown		Alcidam is nowhere in the p.11/p.12 key · 3 sites in the corpus, all spelt this way	ἀντίμιμος ἡ τῆς ψυχῆς ἐπιθυμία (Alcidam, cf Vahlen Al-
page-077-L	29	Vahlen	unknown		Vahlen is nowhere in the p.11/p.12 key · 5 sites in the corpus, all spelt this way	ἀντίμιμος ἡ τῆς ψυχῆς ἐπιθυμία (Alcidam, cf Vahlen Al-
page-077-L	29	Al	unknown		Al is nowhere in the p.11/p.12 key · the only site in the corpus	ἀντίμιμος ἡ τῆς ψυχῆς ἐπιθυμία (Alcidam, cf Vahlen Al-
page-077-L	31	Heracl	unknown		Heracl is nowhere in the p.11/p.12 key · the only site in the corpus	ἀντίξȣς. τὸ ἀντίξȣν ξυμφέρον (Heracl fr 37) Ηθ2. 1155b5.
page-077-R	13	Plat	unknown		Plat is nowhere in the p.11/p.12 key · 10 sites in the corpus, all spelt this way	ὡς λέγȣσί τινες (cf Plat Tim 59A, 79B) Φδ8. 215a15.
page-077-R	13	Tim	unknown		Tim is nowhere in the p.11/p.12 key · the only site in the corpus	ὡς λέγȣσί τινες (cf Plat Tim 59A, 79B) Φδ8. 215a15.
page-077-R	18	Simpl	unknown		Simpl is nowhere in the p.11/p.12 key · 3 sites in the corpus, all spelt this way	τȣ͂ πρώτȣ ἐξωθήσαντος Simpl ad Φθ10. 267a16 Schol 452
page-077-R	18	Schol	unknown		Schol is nowhere in the p.11/p.12 key · 5 sites in the corpus, all spelt this way	τȣ͂ πρώτȣ ἐξωθήσαντος Simpl ad Φθ10. 267a16 Schol 452
page-077-R	61	Antisthenes	unknown		Antisthenes is nowhere in the p.11/p.12 key · the only site in the corpus	Antisthenes resp τὴν ἡδονὴν κομιδῇ φαῦλον λέγȣσί τινες
page-078-L	1	Antisthenis	unknown		Antisthenis is nowhere in the p.11/p.12 key · the only site in the corpus	Ηκ1. 1172a29. — Antisthenis apophthegmata Πγ13. 1284
page-078-L	52	Schol	unknown		Schol is nowhere in the p.11/p.12 key · 5 sites in the corpus, all spelt this way	ὅρων’ (Schol 166b13), ubi subiectum in praedicati loco et
page-078-L	56	Trdlbg	spelling	Trdllbg	one letter from Trdllbg, which is in the key; Trdlbg is not · 14 sites in the corpus, all spelt this way	12, 13 al. cf μδ9. 386b24. ψβ11. 423a21 (Trdlbg p408).
page-078-R	16	Schol	unknown		Schol is nowhere in the p.11/p.12 key · 5 sites in the corpus, all spelt this way	(Schol 264a35-41). ἀντιστρέφειν de convertendis inter se
page-078-R	19	Theophrastus	unknown		Theophrastus is nowhere in the p.11/p.12 key · the only site in the corpus	ληψιν Theophrastus appellavit Αβ6. 58b8 Wz. 7. 59a30.
page-078-R	21	Schol	unknown		Schol is nowhere in the p.11/p.12 key · 5 sites in the corpus, all spelt this way	(Schol 166b13), i e transitive ‘affirmantem propositionem
page-079-R	47	Ideler	unknown		Ideler is nowhere in the p.11/p.12 key · 8 sites in the corpus, all spelt this way	ἡ γῆ μα8. 345a29 Ideler. ἀντιφράττειν τῷ πόματι πκα20.
page-079-R	52	Trdlbg	spelling	Trdllbg	one letter from Trdllbg, which is in the key; Trdlbg is not · 14 sites in the corpus, all spelt this way	Trdlbg. ἡ γῆ ἀντιφράττει Αγ31. 87b40. δ2. 90a18. ȣ̓δε-
page-079-R	57	Anti	unknown		Anti is nowhere in the p.11/p.12 key · 2 sites in the corpus, all spelt this way	Ρβ23. 1399b25 (fr 2). μχ847a20 (fr 4). fortasse Anti-
page-079-R	58	Anti	unknown		Anti is nowhere in the p.11/p.12 key · 2 sites in the corpus, all spelt this way	phontis versus sunt Ρβ23.1397b18-20 (fr adesp 56). Anti-
page-079-R	60	Antiphon	unknown		Antiphon is nowhere in the p.11/p.12 key · the only site in the corpus	Ἀντιφῶν orator ηεγ5. 1232b7. Antiphon Rhamnusius f131.
page-079-R	60	Rhamnusius	unknown		Rhamnusius is nowhere in the p.11/p.12 key · the only site in the corpus	Ἀντιφῶν orator ηεγ5. 1232b7. Antiphon Rhamnusius f131.
page-080-L	5	Bojesen	unknown		Bojesen is nowhere in the p.11/p.12 key · 2 sites in the corpus, all spelt this way	Bojesen. 7. 918a7. 17. 918b34 (ante πέντε adde ἐν τῷ διὰ
page-080-L	13	Pythag	unknown		Pythag is nowhere in the p.11/p.12 key · 4 sites in the corpus, all spelt this way	ἀντίχθων (Pythag) ΜΑ5. 986a12. Οβ13. 293a24, b20.
page-080-L	19	Auber	unknown		Auber is nowhere in the p.11/p.12 key · the only site in the corpus	ἀντλίας Ζιι40. 624b34 (δι’ ἀντλίας? cf Auber ad h l, διαν-
page-080-L	20	Pikkolos	unknown		Pikkolos is nowhere in the p.11/p.12 key · the only site in the corpus	ταίως ci Pikkolos).
page-080-L	41	Lob	unknown		Lob is nowhere in the p.11/p.12 key · 2 sites in the corpus, all spelt this way	ἀνυπόδητος cf Lob Phryn 445).
page-080-L	41	Phryn	unknown		Phryn is nowhere in the p.11/p.12 key · 2 sites in the corpus, all spelt this way	ἀνυπόδητος cf Lob Phryn 445).
page-080-L	43	Plat	unknown		Plat is nowhere in the p.11/p.12 key · 10 sites in the corpus, all spelt this way	ἀνυπόδητος ὁ ἄνθρωπος ϗ̀ γυμνός (Plat Prot 321 C) Ζμδ10.
page-080-L	43	Prot	unknown		Prot is nowhere in the p.11/p.12 key · 2 sites in the corpus, all spelt this way	ἀνυπόδητος ὁ ἄνθρωπος ϗ̀ γυμνός (Plat Prot 321 C) Ζμδ10.
page-080-R	3	Trdlbg	spelling	Trdllbg	one letter from Trdllbg, which is in the key; Trdlbg is not · 14 sites in the corpus, all spelt this way	ψβ7. 418b9, 12 (Trdlbg p 373). τὸ ἄνω ϗ̀ μέχρι σελήνης
page-080-R	12	Trdlbg	spelling	Trdllbg	one letter from Trdllbg, which is in the key; Trdlbg is not · 14 sites in the corpus, all spelt this way	ἀρχικωτέρα ψγ11. 414a15 Trdlbg). ὁ ἄνω τόπος μα3. 339
page-080-R	26	Pythag	unknown		Pythag is nowhere in the p.11/p.12 key · 4 sites in the corpus, all spelt this way	(Pythag τὸ δεξιὸν ϗ̀ ἄνω ϗ̀ ἔμπροσθεν ἀγαθὸν ἐκάλȣν f 195.
page-081-L	3	Meliss	unknown		Meliss is nowhere in the p.11/p.12 key · 2 sites in the corpus, all spelt this way	a35. τὸ ἓν ἀνώδυνον ϗ̀ ἀνάλγητον (Meliss) ξ1. 974a19.
page-081-L	12	Kr	unknown		Kr is nowhere in the p.11/p.12 key · 2 sites in the corpus, all spelt this way	Ηζ13. 1144a12. — inde per attractionem quandam (Krü-
page-081-L	13	Gr	unknown		Gr is nowhere in the p.11/p.12 key · 2 sites in the corpus, all spelt this way	ger gr Gr § 50, 8, 14) ἄνωθεν significat i q supra. ἡ θερ-
page-081-L	28	Anaximand	unknown		Anaximand is nowhere in the p.11/p.12 key · the only site in the corpus	ἀνώλεθρος. ἀθάνατον ϗ̀ ἀνώλεθρον (Anaximand fr 1) Φγ4.
page-081-L	43	Ac	unknown		Ac is nowhere in the p.11/p.12 key · 5 sites in the corpus, all spelt this way	λίσθαι Spgl, ὁμαλισθῆναι secutus vestigia codd Ac Vhl Rhet
page-081-L	43	Rhet	unknown		Rhet is nowhere in the p.11/p.12 key · 7 sites in the corpus, all spelt this way	λίσθαι Spgl, ὁμαλισθῆναι secutus vestigia codd Ac Vhl Rhet
page-081-R	1	Eur	unknown		Eur is nowhere in the p.11/p.12 key · 7 sites in the corpus, all spelt this way	ἀνώμοτος φρὴν (Eur Hipp 612) Ργ15. 1416a31.
page-081-R	1	Hipp	unknown		Hipp is nowhere in the p.11/p.12 key · the only site in the corpus	ἀνώμοτος φρὴν (Eur Hipp 612) Ργ15. 1416a31.
page-081-R	3	Arist	unknown		Arist is nowhere in the p.11/p.12 key · 8 sites in the corpus, all spelt this way	usitatum Arist, ubi generis alicuius non exstat unum quo
page-081-R	26	Trdlbg	spelling	Trdllbg	one letter from Trdllbg, which is in the key; Trdlbg is not · 14 sites in the corpus, all spelt this way	16b14). — (Trdlbg de an p 378. Vhl Poet I 39).
page-081-R	26	Poet	unknown		Poet is nowhere in the p.11/p.12 key · 14 sites in the corpus, all spelt this way	16b14). — (Trdlbg de an p 378. Vhl Poet I 39).
page-081-R	32	Hesiod	unknown		Hesiod is nowhere in the p.11/p.12 key · the only site in the corpus	ἄξεινος (Hesiod ε715) Ηι10. 1170b22.
page-082-L	20	Theodect	unknown		Theodect is nowhere in the p.11/p.12 key · the only site in the corpus	ἀξιώσειεν λάτριν (Theodect fr 3) Πα6. 1255a38. — 2. po-
page-082-L	44	Zell	unknown		Zell is nowhere in the p.11/p.12 key · the only site in the corpus	1117a24 Zell. τȣ͂το στάσεως αἴτιον ϗ̀ παρὰ τοῖς μηδὲν
page-082-R	19	Hom	unknown		Hom is nowhere in the p.11/p.12 key · 38 sites in the corpus, all spelt this way	ἀοιδός (Hom ρ335. ι7) Πθ3. 1338a26, 30. πολλὰ ψεύδονται
page-082-R	26	Vict	unknown		Vict is nowhere in the p.11/p.12 key · the only site in the corpus	(Vhl e ci Vict, οἴνȣ Bk) πο21. 1457b32.
page-082-R	27	Alcaei	unknown		Alcaei is nowhere in the p.11/p.12 key · the only site in the corpus	ἀολλέες (Alcaei fr 37) Πγ14. 1285b1.
page-082-R	33	Anaxag	unknown		Anaxag is nowhere in the p.11/p.12 key · 4 sites in the corpus, all spelt this way	cf Ζγβ2. 736a16. ἐξ ἀοράτων ὁμοιομερῶν πάντων (Anaxag)
page-083-L	19	Philippson	unknown		Philippson is nowhere in the p.11/p.12 key · the only site in the corpus	ἀορτή, praecipue i q nunc aorta (cf Philippson ὕλη ἀνθρω-
page-083-L	20	Thielemann	unknown		Thielemann is nowhere in the p.11/p.12 key · the only site in the corpus	πίνη p 28, Thielemann veterum opin de sanguinis motu
page-083-R	2	Aristotelem	unknown		Aristotelem is nowhere in the p.11/p.12 key · the only site in the corpus	futant AΖι et Ka; Aristotelem arterias iliacas earumque ramos
page-083-R	51	Archil	unknown		Archil is nowhere in the p.11/p.12 key · 3 sites in the corpus, all spelt this way	ἀπάγχεσθαι πζ5. 886.b13. λ1. 955a8, 9. ἀπάγχεο (Archil
page-084-R	2	Emped	unknown		Emped is nowhere in the p.11/p.12 key · 27 sites in the corpus, all spelt this way	ἀπαΐσσειν. ἀπαΐξῃ (Emped 348) αν7. 473b14.
page-084-R	14	Ctes	unknown		Ctes is nowhere in the p.11/p.12 key · the only site in the corpus	ἀπακοντίζειν τὰς ἀποφυάδας (Ctes fr 64) Ζιβ1. 501a32.
page-084-R	23	Mullach	unknown		Mullach is nowhere in the p.11/p.12 key · the only site in the corpus	ἀπάλλαξις (ἐπάλλαξις ci Mullach, v h v) ξ1. 974a26.
page-084-R	38	V	unknown		V is nowhere in the p.11/p.12 key · 2 sites in the corpus, all spelt this way	(? Bz Ar St V 47) τῶν παθημάτων ηεβ2. 1220b11.
page-084-R	46	Hom	unknown		Hom is nowhere in the p.11/p.12 key · 38 sites in the corpus, all spelt this way	ἀπάνευθε μάχης (Hom Β 391) Ηγ11. 1116a35. Πγ14.
page-084-R	49	Plat	unknown		Plat is nowhere in the p.11/p.12 key · 10 sites in the corpus, all spelt this way	Ργ10. 1410b15. metaph οἱ ἀπανθήσαντες (resp Plat Rep
page-084-R	49	Rep	unknown		Rep is nowhere in the p.11/p.12 key · 2 sites in the corpus, all spelt this way	Ργ10. 1410b15. metaph οἱ ἀπανθήσαντες (resp Plat Rep
page-084-R	50	X	unknown		X is nowhere in the p.11/p.12 key · 2 sites in the corpus, all spelt this way	X 601B) Ργ4. 1406b37.
page-085-L	42	Capp	unknown		Capp is nowhere in the p.11/p.12 key · the only site in the corpus	τήσας τὸ βάρος (καίαρ Capp Bus) μχ12. 852b1. ῥινᾶν τὰς
page-085-L	42	Bus	unknown		Bus is nowhere in the p.11/p.12 key · the only site in the corpus	τήσας τὸ βάρος (καίαρ Capp Bus) μχ12. 852b1. ῥινᾶν τὰς
page-085-R	59	Pyth	unknown		Pyth is nowhere in the p.11/p.12 key · 2 sites in the corpus, all spelt this way	ἕνεκα τοῖς ἐν ταρτάρῳ (Pyth) Αδ11. 94b33. ἀπειλὴ (Ἡφαί-
page-085-R	60	Ideler	unknown		Ideler is nowhere in the p.11/p.12 key · 8 sites in the corpus, all spelt this way	στȣ), ψόφος ἔν τῇ φλογὶ γινόμενος μβ9. 369a32 Ideler.
page-086-L	16	Anaxag	unknown		Anaxag is nowhere in the p.11/p.12 key · 4 sites in the corpus, all spelt this way	ἀπειρία (Anaxag) ΜΑ7. 988a28. — τὸ τὸν πάντα χρόνον
page-086-L	50	Torstrik	unknown		Torstrik is nowhere in the p.11/p.12 key · 2 sites in the corpus, all spelt this way	ἐπὶ τὴν αὔξησιν Φγ5. 204b3 (ἐπὶ Torstrik e codd, περὶ Bk),
page-086-L	59	Pythagorei	unknown		Pythagorei is nowhere in the p.11/p.12 key · the only site in the corpus	τινες ὡς ἀρχὴν ϗ̀ ȣ̓σίαν (Pythagorei, Plato) Φγ4. 203a5,
page-086-L	59	Plato	unknown		Plato is nowhere in the p.11/p.12 key · 3 sites in the corpus, all spelt this way	τινες ὡς ἀρχὴν ϗ̀ ȣ̓σίαν (Pythagorei, Plato) Φγ4. 203a5,
page-086-R	59	Emped	unknown		Emped is nowhere in the p.11/p.12 key · 27 sites in the corpus, all spelt this way	ἀπείρων. ἀπείρονα γῆς βάθη (Emped 237) Οβ13. 294a25.
page-087-R	27	Ideler	unknown		Ideler is nowhere in the p.11/p.12 key · 8 sites in the corpus, all spelt this way	μδ3. 381a13, Ideler II 435. ἀπεψία τις ϗ̀ ἡ μόλυνσίς
page-088-L	23	Pirus	unknown		Pirus is nowhere in the p.11/p.12 key · the only site in the corpus	σμέναι f 251. 1524b28, 32. (Pirus communis L.)
page-088-L	23	L	unknown		L is nowhere in the p.11/p.12 key · 23 sites in the corpus, all spelt this way	σμέναι f 251. 1524b28, 32. (Pirus communis L.)
page-088-L	45	Emped	unknown		Emped is nowhere in the p.11/p.12 key · 27 sites in the corpus, all spelt this way	ἄπλετος (Emped 439) Ρα13. 1373b17. ἄπλετον πλῆθος
page-089-L	60	Bernays	unknown		Bernays is nowhere in the p.11/p.12 key · 2 sites in the corpus, all spelt this way	Μμ1. 1076a27 (Bernays Dial p 150). τὸ ὂν τὸ ἁπλῶς
page-089-L	60	Dial	unknown		Dial is nowhere in the p.11/p.12 key · 2 sites in the corpus, all spelt this way	Μμ1. 1076a27 (Bernays Dial p 150). τὸ ὂν τὸ ἁπλῶς
page-089-R	15	Cf	unknown		Cf is nowhere in the p.11/p.12 key · the only site in the corpus	σαφέστερον διορίσαι ημα4. 1185a39. Cf eam formulam ὡς
page-089-R	29	Schmidt	unknown		Schmidt is nowhere in the p.11/p.12 key · 2 sites in the corpus, all spelt this way	p 669 n 3, spongiarum genus sarcotragus Schmidt die
page-089-R	30	Spongien	unknown		Spongien is nowhere in the p.11/p.12 key · the only site in the corpus	Spongien des adriat Meeres p 2, 35, cf AΖι I 183 n 24.)
page-089-R	30	Meeres	unknown		Meeres is nowhere in the p.11/p.12 key · the only site in the corpus	Spongien des adriat Meeres p 2, 35, cf AΖι I 183 n 24.)
page-090-L	15	Simpl	unknown		Simpl is nowhere in the p.11/p.12 key · 3 sites in the corpus, all spelt this way	1262b40. (ἡ γῆ ȣ̓ φέρεται, εἰργμένη μέντοι ἀπὸ ⟨? Simpl
page-091-L	34	Herod	unknown		Herod is nowhere in the p.11/p.12 key · the only site in the corpus	ἀπόδειξις. ἱστορίης ἀπόδειξις (Herod I 1) Ργ9. 1409a28. —
page-091-L	39	Analyticis	unknown		Analyticis is nowhere in the p.11/p.12 key · the only site in the corpus	in Analyticis Αα1. 24a11. ἀπόδειξις, κατ’ ἀλήθειαν, opp
page-092-L	10	Aeschyl	unknown		Aeschyl is nowhere in the p.11/p.12 key · 3 sites in the corpus, all spelt this way	ἀποδηλȣ͂ν. trans ἀποδηλώσας (Aeschyl fr 297, 2) Ζιι49 B.
page-092-L	17	Pythag	unknown		Pythag is nowhere in the p.11/p.12 key · 4 sites in the corpus, all spelt this way	(Pythag), τȣτέστι μὴ ἔχεσθαι τȣ͂ βίȣ τȣ́τȣ ἀποθνήσκοντα
page-093-L	30	Aeschyl	unknown		Aeschyl is nowhere in the p.11/p.12 key · 3 sites in the corpus, all spelt this way	ἀποικίζειν. ἀποικίσει (Aeschyl fr 297,10) Ζιι49 B. 633a28.
page-093-L	60	IV	unknown		IV is nowhere in the p.11/p.12 key · 13 sites in the corpus, all spelt this way	bendum ἀποκατάστασις Bz Ar St IV 410).
page-093-R	37	Schndr	unknown		Schndr is nowhere in the p.11/p.12 key · the only site in the corpus	1318b1. — δεῖ ἀποκληρȣ͂ν (i e sorte eiicere, sed cf Schndr)
page-095-L	14	Knebel	unknown		Knebel is nowhere in the p.11/p.12 key · the only site in the corpus	Knebel ad h l). ἐν ταῖς ἀπολαύσεσι, opp ἐν τοῖς ἔργοις Πβ5.
page-095-R	13	Hom	unknown		Hom is nowhere in the p.11/p.12 key · 38 sites in the corpus, all spelt this way	ἀπολίθωσις. ἡ τȣ͂ δράκοντος ἀπολίθωσις (Hom B 319) f 140.
page-096-R	44	Spengel	unknown		Spengel is nowhere in the p.11/p.12 key · the only site in the corpus	(Spengel Συναγωγή p 88sqq).
page-096-R	55	Nauck	unknown		Nauck is nowhere in the p.11/p.12 key · 2 sites in the corpus, all spelt this way	1459b7 (cf Nauck fr trg p 195).
page-097-L	12	Sylb	unknown		Sylb is nowhere in the p.11/p.12 key · 4 sites in the corpus, all spelt this way	Sylb).
page-097-L	21	Aristotelis	unknown		Aristotelis is nowhere in the p.11/p.12 key · 4 sites in the corpus, all spelt this way	Aristotelis consuetudine τȣ͂ ἀπορεῖν Wz ad Αδ3. 90a38).
page-097-L	45	Fb	unknown		Fb is nowhere in the p.11/p.12 key · the only site in the corpus	cod Fb) ἐπήλθομεν Μμ2. 1077a1. γ2. 1004a34. ἀπόρημα
page-097-R	41	Bojesen	unknown		Bojesen is nowhere in the p.11/p.12 key · 2 sites in the corpus, all spelt this way	Bojesen (διαφθείρεται b34). φωναὶ ἀπερρωγυῖαι ακ804b20.
page-097-R	53	Emped	unknown		Emped is nowhere in the p.11/p.12 key · 27 sites in the corpus, all spelt this way	ἀπόρροιαι. αἱ ἀπόρροιαι αἱ ἀπὸ τῶν ὁρωμένων (cf Emped
page-098-L	3	IV	unknown		IV is nowhere in the p.11/p.12 key · 13 sites in the corpus, all spelt this way	Bz Ar St IV 402.
page-098-L	46	Emped	unknown		Emped is nowhere in the p.11/p.12 key · 27 sites in the corpus, all spelt this way	ἀποστεγάζειν. ἀποστεγάσῃ (Emped 356) αν7. 473b22.
page-098-L	48	Emped	unknown		Emped is nowhere in the p.11/p.12 key · 27 sites in the corpus, all spelt this way	ἀποστέγειν. ἀπέστεγον (Emped 228) αι2. 438a2. ὑμὴν
page-098-R	53	Trdlbg	spelling	Trdllbg	one letter from Trdllbg, which is in the key; Trdlbg is not · 14 sites in the corpus, all spelt this way	420b8 Trdlbg.
page-099-L	36	Simpl	unknown		Simpl is nowhere in the p.11/p.12 key · 3 sites in the corpus, all spelt this way	δίδαξις ἐνέργεια, ȣ̓κ ἀποτετμημένη (i e χωριστή, Simpl ad
page-099-R	35	Hom	unknown		Hom is nowhere in the p.11/p.12 key · 38 sites in the corpus, all spelt this way	ἀπȣ́ρας (Hom Β 240) Ρβ2. 1378b32.
page-100-L	27	Rhet	unknown		Rhet is nowhere in the p.11/p.12 key · 7 sites in the corpus, all spelt this way	hac vi activum ἀποφαίνειν in Rhet ad Alex, plerumque
page-100-L	27	Alex	unknown		Alex is nowhere in the p.11/p.12 key · 6 sites in the corpus, all spelt this way	hac vi activum ἀποφαίνειν in Rhet ad Alex, plerumque
page-100-L	32	Anax	unknown		Anax is nowhere in the p.11/p.12 key · 6 sites in the corpus, all spelt this way	corruptos iudicat Spgl Anax Rhet p 141. — med ἀποφαί-
page-100-L	32	Rhet	unknown		Rhet is nowhere in the p.11/p.12 key · 7 sites in the corpus, all spelt this way	corruptos iudicat Spgl Anax Rhet p 141. — med ἀποφαί-
page-100-R	4	Alex	unknown		Alex is nowhere in the p.11/p.12 key · 6 sites in the corpus, all spelt this way	ubi τ. ἀ. καταφάσεων Wz ex Alex). ἡ γνώμη ἀπόφανσις
page-101-L	31	Stud	unknown		Stud is nowhere in the p.11/p.12 key · 3 sites in the corpus, all spelt this way	κάτω ἀποχωρεῖ (scribendum ὑποχωρεῖ Bz Ar Stud IV 401)
page-101-L	31	IV	unknown		IV is nowhere in the p.11/p.12 key · 13 sites in the corpus, all spelt this way	κάτω ἀποχωρεῖ (scribendum ὑποχωρεῖ Bz Ar Stud IV 401)
page-101-L	55	Eurip	unknown		Eurip is nowhere in the p.11/p.12 key · the only site in the corpus	ἀπραγμόνως (Eurip fr 785) Ηζ 9. 1142a3. ὁ λόγος
page-101-R	5	Emped	unknown		Emped is nowhere in the p.11/p.12 key · 27 sites in the corpus, all spelt this way	ἄπρηκτον (Emped 103) ξ2. 975b3.
page-101-R	14	Emped	unknown		Emped is nowhere in the p.11/p.12 key · 27 sites in the corpus, all spelt this way	ἅπτειν λύχνον μα4. 342a4. ἅψας (Emped 222) αι2.437b28.
page-101-R	47	Plat	unknown		Plat is nowhere in the p.11/p.12 key · 10 sites in the corpus, all spelt this way	νίδια ȣ̓χ ἁπτόμενα τȣ͂ βάλλοντος (Plat Rep V 469E) Ργ4.
page-101-R	47	Rep	unknown		Rep is nowhere in the p.11/p.12 key · 2 sites in the corpus, all spelt this way	νίδια ȣ̓χ ἁπτόμενα τȣ͂ βάλλοντος (Plat Rep V 469E) Ργ4.
page-101-R	47	V	unknown		V is nowhere in the p.11/p.12 key · 2 sites in the corpus, all spelt this way	νίδια ȣ̓χ ἁπτόμενα τȣ͂ βάλλοντος (Plat Rep V 469E) Ργ4.
page-102-L	49	Lob	unknown		Lob is nowhere in the p.11/p.12 key · 2 sites in the corpus, all spelt this way	Lob Phryn p 9. Göttling ad Ar Pol p 311.
page-102-L	49	Phryn	unknown		Phryn is nowhere in the p.11/p.12 key · 2 sites in the corpus, all spelt this way	Lob Phryn p 9. Göttling ad Ar Pol p 311.
page-102-L	49	Pol	unknown		Pol is nowhere in the p.11/p.12 key · 2 sites in the corpus, all spelt this way	Lob Phryn p 9. Göttling ad Ar Pol p 311.
page-102-L	54	Archil	unknown		Archil is nowhere in the p.11/p.12 key · 3 sites in the corpus, all spelt this way	ἀπώμοτον (Archil fr 76) Ργ17. 1418b30.
page-102-R	1	Aristotelis	unknown		Aristotelis is nowhere in the p.11/p.12 key · 4 sites in the corpus, all spelt this way	1328b20. αι2. 437a28. (in quibus libris Aristotelis sae-
page-102-R	15	Vahlen	unknown		Vahlen is nowhere in the p.11/p.12 key · 5 sites in the corpus, all spelt this way	negat Vahlen Ar Poet I 43, ac Μβ1. 995b27. πο4. 1449
page-102-R	15	Poet	unknown		Poet is nowhere in the p.11/p.12 key · 14 sites in the corpus, all spelt this way	negat Vahlen Ar Poet I 43, ac Μβ1. 995b27. πο4. 1449
page-102-R	33	Poet	unknown		Poet is nowhere in the p.11/p.12 key · 14 sites in the corpus, all spelt this way	Poet I 43 sq). in interrogationibus bimembribus (ἆρα — ἤ)
page-102-R	36	Ac	unknown		Ac is nowhere in the p.11/p.12 key · 5 sites in the corpus, all spelt this way	Ρβ23. 1398a16 (secundum lectionem cod Ac, cui non de-
