source	cite	column	line	tier	corpus_lines
page-015-L:7	πλδ 7. 964a11	964a	11	no-corpus	
page-015-L:8	πλδ 7. 964a16	964a	16	no-corpus	
page-015-L:9	πλδ 7. 964a18	964a	18	no-corpus	
page-015-L:11	559. 1570a36	1570a	36	no-corpus	
page-015-L:13	πκ 12. 924a5	924a	5	no-corpus	
page-015-L:16	Ηι 12. 1172a9	1172a	9	seam	
page-015-L:21	ρ 5. 1426b32	1426b	32	no-corpus	
page-015-L:24	ρ 5. 1426b36	1426b	36	no-corpus	
page-015-L:29	πκη 1. 949b1	949b	1	no-corpus	
page-015-L:37	φτα 5. 820b4	820b	4	no-corpus	
page-015-L:38	πκ 6. 923a25	923a	25	no-corpus	
page-015-R:4	ημβ7. 1205b35	1205b	35	no-corpus	
page-015-R:4	ηεα8. 1218b6	1218b	6	seam	
page-015-R:18	Κ12. 14b4	14b	4	seam	
page-015-R:22	β1. 731b23	731b	23	seam	
page-015-R:23	ημβ10. 1208 a13	1208a	13	no-corpus	
page-015-R:26	ημα1. 1182b10	1182b	10	no-corpus	
page-015-R:26	1183b8	1183b	8	no-corpus	
page-015-R:28	ημα1. 1183a9	1183a	9	no-corpus	
page-015-R:28	β7. 1205a9	1205a	9	no-corpus	
page-015-R:31	195. 1513a24	1513a	24	no-corpus	
page-015-R:37	ημα2. 1184a3	1184a	3	no-corpus	
page-015-R:39	ημα2. 1184a36	1184a	36	no-corpus	
page-015-R:39	4. 1184b36	1184b	36	no-corpus	
page-015-R:40	1185a1	1185a	1	no-corpus	
page-015-R:42	ηεα8. 1218b6	1218b	6	seam	
page-015-R:45	ημα1. 1182b3	1182b	3	no-corpus	
page-016-L:2	ημα1. 1182b5	1182b	5	no-corpus	
page-016-L:12	ηεβ1. 1218b32	1218b	32	seam	
page-016-L:12	ημα3. 1184b1	1184b	1	no-corpus	
page-016-L:13	β3.1200a13	1200a	13	no-corpus	
page-016-L:13	6. 1202a30	1202a	30	no-corpus	
page-016-L:13	ρ36.1440b16	1440b	16	no-corpus	
page-016-L:20	121. 1498b31	1498b	31	no-corpus	
page-016-L:24	ημβ9. 1207b30	1207b	30	no-corpus	
page-016-L:27	ημβ11. 1209a17	1209a	17	no-corpus	
page-016-L:30	ημβ11. 1209a7	1209a	7	no-corpus	
page-016-L:49	623. 1583a17	1583a	17	no-corpus	
page-016-L:61	ημβ11. 1208b7	1208b	7	no-corpus	
page-016-R:3	φτα6. 820 b36	820b	36	no-corpus	
page-016-R:4	πιθ28. 920 a1	920a	1	no-corpus	
page-016-R:10	πο15. 1454 b14	1454b	14	seam	
page-016-R:14	402. 1545 a24	1545a	24	no-corpus	
page-016-R:18	172. 1506 b30	1506b	30	no-corpus	
page-016-R:20	144.1502b30	1502b	30	no-corpus	
page-016-R:21	596.1575 a29	1575a	29	no-corpus	
page-016-R:22	575. 1572 b22	1572b	22	no-corpus	
page-016-R:30	Πε12. 1316 b24	1316b	24	seam	
page-016-R:35	Κ12. 14 b6	14b	6	seam	
page-016-R:37	66. 1487 a2	1487a	2	no-corpus	
page-016-R:53	ρ1. 1420 b12	1420b	12	no-corpus	
page-016-R:59	Ζγα23. 731 b2	731b	2	seam	
page-016-R:61	Μμ1. 1076 a15	1076a	15	seam	
page-017-L:2	596. 1576b4	1576b	4	no-corpus	
page-017-L:5	Ηη1. 1145a29	1145a	29	seam	
page-017-L:11	πκα14. 928b29	928b	29	no-corpus	
page-017-L:12	πκδ5. 936a32	936a	32	no-corpus	
page-017-L:12	8. 936b13	936b	13	no-corpus	
page-017-L:22	πν2. 481a12	481a	12	no-corpus	
page-017-L:24	Ζιβ17. 506b37	506b	37	finding	1-33
page-017-L:25	Ζμδ1. 676a35	676a	35	seam	
page-017-L:28	πν2. 482a3	482a	3	no-corpus	
page-017-L:28	3. 482b11	482b	11	no-corpus	
page-017-L:31	πο15. 1454b5	1454b	5	seam	
page-017-L:35	415. 1547b2	1547b	2	no-corpus	
page-017-L:45	ρ35. 1439b25	1439b	25	no-corpus	
page-017-L:53	ρ5. 1427a28	1427a	28	no-corpus	
page-017-L:53	37. 1444a4	1444a	4	no-corpus	
page-017-R:4	πκγ3. 931 b15	931b	15	no-corpus	
page-017-R:5	248. 1523 b29	1523b	29	no-corpus	
page-017-R:6	223. 1518 a38	1518a	38	no-corpus	
page-017-R:16	286. 1528 b6	1528b	6	no-corpus	
page-017-R:16	313. 1531 a28	1531a	28	no-corpus	
page-017-R:20	313. 1531 a28	1531a	28	no-corpus	
page-017-R:30	17. 1477 a9	1477a	9	no-corpus	
page-017-R:34	82. 1490 a14	1490a	14	no-corpus	
page-017-R:38	Ζιζ1. 558 b16	558b	16	seam	
page-017-R:57	530. 1566 a42	1566a	42	no-corpus	
page-017-R:57	596. 1576 b5	1576b	5	no-corpus	
page-018-L:2	202. 1514 b28	1514b	28	no-corpus	
page-018-L:7	317. 1531 b40	1531b	40	no-corpus	
page-018-L:13	596. 1576 a6	1576a	6	no-corpus	
page-018-L:15	κ6. 401 a7	401a	7	seam	
page-018-L:16	πδ12. 877 b25	877b	25	no-corpus	
page-018-L:26	ρ20. 1433 b28	1433b	28	no-corpus	
page-018-L:39	Μθ10. 1052 a2	1052a	2	seam	
page-018-L:41	ημα 34. 1195 a38	1195a	38	no-corpus	
page-018-L:42	ημα34. 1195 a35	1195a	35	no-corpus	
page-018-L:48	40. 1481 b11	1481b	11	no-corpus	
page-018-L:49	ημα34. 1195 a26	1195a	26	no-corpus	
page-018-L:54	πι36. 894 b34	894b	34	no-corpus	
page-018-L:55	624. 1583 a26	1583a	26	no-corpus	
page-018-L:56	621. 1583 a2	1583a	2	no-corpus	
page-018-L:58	φτα4. 819 b8	819b	8	no-corpus	
page-018-L:59	370. 1540 a6	1540a	6	no-corpus	
page-018-R:4	Ηι5. 1166b36	1166b	36	tail	1-35
page-018-R:6	ξ5. 979a12	979a	12	seam	
page-018-R:12	Μα3. 995a2	995a	2	seam	
page-018-R:16	190. 1512a8	1512a	8	no-corpus	
page-018-R:22	527. 1565a7	1565a	7	no-corpus	
page-018-R:27	πια16. 900b15	900b	15	no-corpus	
page-018-R:27	34. 903a27	903a	27	no-corpus	
page-018-R:27	ι37.895a1	895a	1	no-corpus	
page-018-R:28	Ζικ6. 637b34	637b	34	no-corpus	
page-018-R:30	Ζιγ22. 523a25	523a	25	seam	
page-018-R:46	πκθ14. 952a18	952a	18	no-corpus	
page-018-R:61	ρ3. 1424a29	1424a	29	no-corpus	
page-019-L:8	409. 1546 a43	1546a	43	no-corpus	
page-019-L:13	378. 1541 a8	1541a	8	no-corpus	
page-019-L:20	378. 1541 a4	1541a	4	no-corpus	
page-019-L:20	379. 1541 a32	1541a	32	no-corpus	
page-019-L:23	ρ2. 1422 a1	1422a	1	no-corpus	
page-019-L:24	ρ2. 1421 b36	1421b	36	no-corpus	
page-019-L:26	ρ37. 1444 a23	1444a	23	no-corpus	
page-019-L:28	625. 1583 b18	1583b	18	no-corpus	
page-019-L:31	φτα6. 820 b41	820b	41	no-corpus	
page-019-L:37	πι45. 895 b24	895b	24	no-corpus	
page-019-L:44	πι45. 896 a2	896a	2	no-corpus	
page-019-R:6	φτα4. 819 b28	819b	28	no-corpus	
page-019-R:6	πι45. 896 a8	896a	8	no-corpus	
page-019-R:7	κ36. 927 a6	927a	6	no-corpus	
page-019-R:8	πκ36. 927 a4	927a	4	no-corpus	
page-019-R:14	Ζιθ1. 588 a21	588a	21	seam	
page-019-R:16	ημα31. 1193 a11	1193a	11	no-corpus	
page-019-R:18	ημα31. 1193 a13	1193a	13	no-corpus	
page-019-R:21	ημα31. 1193 a13	1193a	13	no-corpus	
page-019-R:30	387. 1542 b6	1542b	6	no-corpus	
page-019-R:32	πια11. 900a10	900a	10	no-corpus	
page-019-R:33	πιη7. 917 a39	917a	39	no-corpus	
page-019-R:35	πιη7. 917 b1	917b	1	no-corpus	
page-019-R:38	πγ15. 873 a13	873a	13	no-corpus	
page-019-R:39	η10. 888 a23	888a	23	no-corpus	
page-019-R:41	πκγ31. 935 a2	935a	2	no-corpus	
page-019-R:42	357. 1538 b19	1538b	19	no-corpus	
page-019-R:43	Αγ34. 89 b10	89b	10	seam	
page-019-R:44	ημα5. 1185 b5	1185b	5	no-corpus	
page-019-R:48	πλ1. 954 b35	954b	35	no-corpus	
page-019-R:55	πκη3. 949 b16	949b	16	no-corpus	
page-019-R:58	ζ8. 1323 a1	1323a	1	seam	
page-019-R:59	66. 1487 a19	1487a	19	no-corpus	
page-019-R:60	385. 1542 a17	1542a	17	no-corpus	
page-019-R:60	387. 1542 b7	1542b	7	no-corpus	
page-020-L:1	594. 1574 b25	1574b	25	no-corpus	
page-020-L:2	Πζ8. 1323 a1	1323a	1	seam	
page-020-L:7	γ1. 1403 b34	1403b	34	seam	
page-020-L:9	ρ39. 1445 b28	1445b	28	no-corpus	
page-020-L:14	ρ36. 1440 b13	1440b	13	no-corpus	
page-020-L:15	624. 1583 a28	1583a	28	no-corpus	
page-020-L:17	Πδ1. 1288 b17	1288b	17	seam	
page-020-L:17	πλ11. 956 b16	956b	16	no-corpus	
page-020-L:18	πν4. 483 a5	483a	5	no-corpus	
page-020-L:19	πβ31. 869 b6	869b	6	no-corpus	
page-020-L:19	ια36. 903 b12	903b	12	no-corpus	
page-020-L:19	53. 905 a8	905a	8	no-corpus	
page-020-L:19	κζ10. 948 b38	948b	38	no-corpus	
page-020-L:21	πκζ3. 948 a2	948a	2	no-corpus	
page-020-L:22	β26. 868 b34	868b	34	no-corpus	
page-020-L:22	31. 869 b4	869b	4	no-corpus	
page-020-L:22	ια31. 902 b30	902b	30	no-corpus	
page-020-L:22	32. 902 b36	902b	36	no-corpus	
page-020-L:22	53. 905 a5	905a	5	no-corpus	
page-020-L:27	157. 1504 b25	1504b	25	no-corpus	
page-020-L:30	123. 1499 a33	1499a	33	no-corpus	
page-020-L:41	πιθ15. 918 b28	918b	28	no-corpus	
page-020-L:48	πιθ15. 918 b21	918b	21	no-corpus	
page-020-L:53	394. 1543 b18	1543b	18	no-corpus	
page-020-L:58	πιθ9. 918 a23	918a	23	no-corpus	
page-020-L:58	43. 922 a2	922a	2	no-corpus	
page-020-L:59	10. 918 a29	918a	29	no-corpus	
page-020-L:60	πιθ40. 921 a37	921a	37	no-corpus	
page-020-R:7	Ηβ9. 1109b8	1109b	8	seam	
page-020-R:17	ημβ11. 1210a35	1210a	35	no-corpus	
page-020-R:20	Ζγε7. 787b34	787b	34	tail	1-33
page-020-R:21	446. 1551b6	1551b	6	no-corpus	
page-020-R:23	Ζμδ10. 689a21	689a	21	seam	
page-020-R:30	πκη7. 950a15	950a	15	no-corpus	
page-020-R:31	8. 1475a38	1475a	38	no-corpus	
page-020-R:32	190. 1512a8	1512a	8	no-corpus	
page-020-R:33	144. 1502b33	1502b	33	no-corpus	
page-020-R:35	625. 1583b19	1583b	19	no-corpus	
page-020-R:36	172. 1506b26	1506b	26	no-corpus	
page-020-R:44	ι1. 1052a32	1052a	32	seam	
page-020-R:58	Μι1. 1052a21	1052a	21	seam	
page-021-L:1	77. 1488 b41	1488b	41	no-corpus	
page-021-L:7	Ζιβ1. 497 b23	497b	23	seam	
page-021-L:9	260. 1526 a6	1526a	6	no-corpus	
page-021-L:11	πλα7. 958 a12	958a	12	no-corpus	
page-021-L:15	πι22. 893 a21	893a	21	no-corpus	
page-021-L:19	Αδ13. 97 b7	97b	7	seam	
page-021-L:23	Ζιβ1. 497 b11	497b	11	seam	
page-021-L:25	Αδ13. 97 b31	97b	31	seam	
page-021-L:28	πλα29. 960 a31	960a	31	no-corpus	
page-021-L:30	Αδ13.97b21	97b	21	seam	
page-021-L:33	Ρβ25. 1403 b31	1403b	31	seam	
page-021-L:33	ρ8. 1428 b33	1428b	33	no-corpus	
page-021-L:35	Ζμβ1. 646 a11	646a	11	seam	
page-021-L:36	Ηη1. 1145 a15	1145a	15	seam	
page-021-L:36	θ16. 1163 b20	1163b	20	seam	
page-021-L:36	Πη1. 1323 a21	1323a	21	seam	
page-021-L:37	ρ30. 1437 a29	1437a	29	no-corpus	
page-021-L:37	36. 1441 a11	1441a	11	no-corpus	
page-021-L:37	37. 1442 a7	1442a	7	no-corpus	
page-021-L:38	ρ19, 1433 b2	1433b	2	no-corpus	
page-021-L:47	15. 1377 b4	1377b	4	seam	
page-021-L:48	ημα12. 1188 a14	1188a	14	no-corpus	
page-021-L:51	ρ5. 1427 a36	1427a	36	no-corpus	
page-021-L:52	37. 1444 a11	1444a	11	no-corpus	
page-021-L:53	πκθ13. 951 b27	951b	27	no-corpus	
page-021-L:53	952 a2	952a	2	no-corpus	
page-021-R:3	ημα34. 1195 b5	1195b	5	no-corpus	
page-021-R:4	ημα34. 1195 b35	1195b	35	no-corpus	
page-021-R:6	ημα 34. 1196 a33	1196a	33	no-corpus	
page-021-R:8	ημα34. 1195 a8	1195a	8	no-corpus	
page-021-R:15	ημα34. 1196 a26	1196a	26	no-corpus	
page-021-R:23	ρ5. 1427 a32	1427a	32	no-corpus	
page-021-R:25	ημβ3. 1199 b12	1199b	12	no-corpus	
page-021-R:26	ημβ3. 1199b10	1199b	10	no-corpus	
page-021-R:28	ημβ11. 1211 a25	1211a	25	no-corpus	
page-021-R:28	πκθ1. 950 a24	950a	24	no-corpus	
page-021-R:36	ημα34. 1195 a18	1195a	18	no-corpus	
page-021-R:38	πκθ7. 950 b33	950b	33	no-corpus	
page-021-R:40	ημα34. 1195 a8	1195a	8	no-corpus	
page-021-R:43	ρ37. 1444 b13	1444b	13	no-corpus	
page-021-R:49	φτα1. 816 b7	816b	7	no-corpus	
page-021-R:61	Φα1. 184 b11	184b	11	seam	
page-022-L:2	99. 1494 a10	1494a	10	no-corpus	
page-022-L:3	596. 1576 b2	1576b	2	no-corpus	
page-022-L:13	πιη8. 917 b4	917b	4	no-corpus	
page-022-L:15	ρ38. 1445 b16	1445b	16	no-corpus	
page-022-L:29	Πζ8. 1323 a6	1323a	6	seam	
page-022-L:31	507. 1561 a27	1561a	27	no-corpus	
page-022-L:34	Ζιζ1. 558 b16	558b	16	seam	
page-022-L:42	πκα26. 929 b38	929b	38	no-corpus	
page-022-L:43	πκη1. 949 b5	949b	5	no-corpus	
page-022-R:3	πη9. 888 a4	888a	4	no-corpus	
page-022-R:25	Φζ10. 241 b5	241b	5	seam	
page-022-R:30	πια62. 906 a10	906a	10	no-corpus	
page-022-R:32	430. 1549 a38	1549a	38	no-corpus	
page-022-R:33	ρ25. 1435 a16	1435a	16	no-corpus	
page-022-R:34	πα24. 862 a27	862a	27	no-corpus	
page-022-R:34	42. 945 a14	945a	14	no-corpus	
page-022-R:39	6. 1003 a5	1003a	5	seam	
page-022-R:48	πδ13. 877 a13	877a	13	no-corpus	
page-022-R:54	ρ5. 1426 b34	1426b	34	no-corpus	
page-022-R:55	Ζγβ1. 731 b31	731b	31	seam	
page-023-L:37	πιε3. 910 b30	910b	30	no-corpus	
page-023-L:47	θ1. 1337 a17	1337a	17	seam	
page-023-R:5	625. 1583 b21	1583b	21	no-corpus	
page-023-R:22	Ζμγ6. 669 b2	669b	2	seam	
page-023-R:38	275. 1527 b25	1527b	25	no-corpus	
page-023-R:46	πγ18. 873 b31	873b	31	no-corpus	
page-023-R:48	ημβ3. 1200 a15	1200a	15	no-corpus	
page-023-R:50	ρ35. 1440 a1	1440a	1	no-corpus	
page-023-R:53	πδ10. 877 b12	877b	12	no-corpus	
page-024-L:24	πκε22. 940a4	940a	4	no-corpus	
page-024-L:40	2. 940 a38	940a	38	no-corpus	
page-024-L:46	πκγ23. 934a19	934a	19	no-corpus	
page-024-L:47	πιβ10. 907a29	907a	29	no-corpus	
page-024-L:50	πν2. 482a5	482a	5	no-corpus	
page-024-L:54	37. 1481a2	1481a	2	no-corpus	
page-024-L:55	31. 943b23	943b	23	no-corpus	
page-024-R:1	601. 1578 b23	1578b	23	no-corpus	
page-024-R:4	Φθ1. 250 b13	250b	13	seam	
page-024-R:7	33. 1480 a11	1480a	11	no-corpus	
page-024-R:7	34. 1480 b2	1480b	2	no-corpus	
page-024-R:9	625. 1583 b14	1583b	14	no-corpus	
page-024-R:26	505. 1561 a11	1561a	11	no-corpus	
page-024-R:27	594. 1574 b28	1574b	28	no-corpus	
page-024-R:28	402. 1545 a24	1545a	24	no-corpus	
page-024-R:31	402. 1545 a31	1545a	31	no-corpus	
page-024-R:35	596. 1576 b16	1576b	16	no-corpus	
page-024-R:36	619. 1582 b20	1582b	20	no-corpus	
page-024-R:36	27. 1479 a13	1479a	13	no-corpus	
page-024-R:36	443. 1550 b46	1550b	46	no-corpus	
page-024-R:37	489. 1558 a6	1558a	6	no-corpus	
page-024-R:37	619. 1582 b22	1582b	22	no-corpus	
page-024-R:40	381. 1541 b23	1541b	23	no-corpus	
page-024-R:41	ρ9.1429 b8	1429b	8	no-corpus	
page-024-R:41	14. 1431 a17	1431a	17	no-corpus	
page-024-R:43	617. 1582 a22	1582a	22	no-corpus	
page-024-R:48	347. 1536 a46	1536a	46	no-corpus	
page-024-R:48	402. 1545 a30	1545a	30	no-corpus	
page-024-R:48	411. 1546 b12	1546b	12	no-corpus	
page-024-R:49	419. 1547 b45	1547b	45	no-corpus	
page-024-R:51	ρ2. 1422 a40	1422a	40	no-corpus	
page-024-R:51	1423 a5	1423a	5	no-corpus	
page-024-R:51	9. 1429 b1	1429b	1	no-corpus	
page-024-R:54	343. 1535 b37	1535b	37	no-corpus	
page-024-R:55	346. 1536 a39	1536a	39	no-corpus	
page-024-R:56	350. 1537 a16	1537a	16	no-corpus	
page-024-R:58	374. 1540 a40	1540a	40	no-corpus	
page-024-R:59	372. 1540 a27	1540a	27	no-corpus	
page-024-R:59	380. 1541 b3	1541b	3	no-corpus	
page-024-R:59	386. 1542 b2	1542b	2	no-corpus	
page-025-L:10	πλ11. 956 b26	956b	26	no-corpus	
page-025-L:16	πλη5. 967 a13	967a	13	no-corpus	
page-025-L:17	η4. 887 b22	887b	22	no-corpus	
page-025-L:17	α28. 862 b21	862b	21	no-corpus	
page-025-L:22	89.1492a9	1492a	9	no-corpus	
page-025-L:24	374.1540b6	1540b	6	no-corpus	
page-025-L:28	Ργ1. 1403b22	1403b	22	seam	
page-025-L:33	πγ9. 872 a19	872a	19	no-corpus	
page-025-L:43	56. 946 b36	946b	36	no-corpus	
page-025-L:46	πθ1. 889 b12	889b	12	no-corpus	
page-025-L:46	56. 946 b35	946b	35	no-corpus	
page-025-L:51	ρ23. 1434 b9	1434b	9	no-corpus	
page-025-R:3	πλα15. 958 b37	958b	37	no-corpus	
page-025-R:5	πκε2. 938 a5	938a	5	no-corpus	
page-025-R:6	πλα16. 959 a6	959a	6	no-corpus	
page-025-R:9	πγ21. 874 a22	874a	22	no-corpus	
page-025-R:9	ιθ2. 917 b22	917b	22	no-corpus	
page-025-R:13	πλ1. 954 a23	954a	23	no-corpus	
page-025-R:15	66. 1487 a29	1487a	29	no-corpus	
page-025-R:20	Ζιι1. 608 a33	608a	33	seam	
page-025-R:25	560. 1570 a43	1570a	43	no-corpus	
page-025-R:27	36. 944 b13	944b	13	no-corpus	
page-025-R:33	Αδ13. 97 b18	97b	18	seam	
page-025-R:34	625. 1583 b19	1583b	19	no-corpus	
page-025-R:34	πλ1. 953 a21	953a	21	no-corpus	
page-025-R:35	596. 1575 b10	1575b	10	no-corpus	
page-025-R:37	580. 1573 a31	1573a	31	no-corpus	
page-025-R:39	1576 a1	1576a	1	no-corpus	
page-025-R:41	238. 1521 b21	1521b	21	no-corpus	
page-025-R:42	πκγ6. 932 a22	932a	22	no-corpus	
page-025-R:44	489. 1557 b40	1557b	40	no-corpus	
page-025-R:44	1558 a5	1558a	5	no-corpus	
page-025-R:48	κ6. 401 a4	401a	4	seam	
page-025-R:50	φτα7. 821 b20	821b	20	no-corpus	
page-026-L:8	66. 1486 b44	1486b	44	no-corpus	
page-026-L:9	436. 1550 a12	1550a	12	no-corpus	
page-026-L:10	432. 1549 b24	1549b	24	no-corpus	
page-026-L:11	596. 1575 a31	1575a	31	no-corpus	
page-026-L:16	17. 509 a2	509a	2	seam	
page-026-L:23	β14. 298 a3	298a	3	seam	
page-026-L:28	44. 945 a25	945a	25	no-corpus	
page-026-L:28	161. 1505 a14	1505a	14	no-corpus	
page-026-L:29	44. 945 a20	945a	20	no-corpus	
page-026-L:32	37. 581 a1	581a	1	seam	
page-026-L:34	271. 1527 a32	1527a	32	no-corpus	
page-026-L:35	258. 1525 a38	1525a	38	no-corpus	
page-026-L:36	φτα4. 819 a11	819a	11	no-corpus	
page-026-L:36	7. 821 a33	821a	33	no-corpus	
page-026-L:37	πκ32. 926 b6	926b	6	no-corpus	
page-026-L:42	8. 1475 a36	1475a	36	no-corpus	
page-026-L:43	πιδ4. 909 a27	909a	27	no-corpus	
page-026-L:56	πι11. 892 a3	892a	3	no-corpus	
page-026-L:60	πια53. 905 a7	905a	7	no-corpus	
page-026-R:1	66. 1486 b42	1486b	42	no-corpus	
page-026-R:3	172. 1506 b27	1506b	27	no-corpus	
page-026-R:7	ημα30. 1193 a7	1193a	7	no-corpus	
page-026-R:32	α14. 353 a15	353a	15	seam	
page-026-R:33	λ1. 1069 a31	1069a	31	seam	
page-026-R:36	Ζγβ1. 731 b24	731b	24	seam	
page-026-R:50	κ5. 637 a23	637a	23	no-corpus	
page-026-R:55	πδ26. 879 b6	879b	6	no-corpus	
page-026-R:57	πκζ11. 949 a16	949a	16	no-corpus	
page-027-L:15	πδ26. 879 b6	879b	6	no-corpus	
page-027-L:18	πε15. 882 a35	882a	35	no-corpus	
page-027-L:20	η1. 581 a28	581a	28	seam	
page-027-L:21	πδ23. 879 a15	879a	15	no-corpus	
page-027-L:21	λ1. 953 b34	953b	34	no-corpus	
page-027-L:21	954 a4	954a	4	no-corpus	
page-027-L:22	πιγ6. 908 b8	908b	8	no-corpus	
page-027-L:23	πλ1. 953 b37	953b	37	no-corpus	
page-027-L:24	πδ22. 879 a11	879a	11	no-corpus	
page-027-L:24	κζ7. 948 b10	948b	10	no-corpus	
page-027-L:25	11. 949 a9	949a	9	no-corpus	
page-027-L:26	πδ20. 879 a3	879a	3	no-corpus	
page-027-L:29	γ1. 509 a35	509a	35	seam	
page-027-L:39	πδ11. 877 b17	877b	17	no-corpus	
page-027-L:53	498. 1559 a26	1559a	26	no-corpus	
page-027-L:55	ημα30. 1193 a1	1193a	1	no-corpus	
page-027-L:56	πια53. 905 a6	905a	6	no-corpus	
page-027-L:61	Ρβ6. 1384 a36	1384a	36	tail	1-35
page-027-R:1	957 b11	957b	11	no-corpus	
page-027-R:1	λβ8. 961 a10	961a	10	no-corpus	
page-027-R:1	91. 1492 a36	1492a	36	no-corpus	
page-027-R:3	596. 1577 a4	1577a	4	no-corpus	
page-027-R:8	κ7. 401 a17	401a	17	seam	
page-027-R:10	Οβ13. 294 a26	294a	26	seam	
page-027-R:19	236. 1520 b32	1520b	32	no-corpus	
page-027-R:23	πι66. 898 b12	898b	12	no-corpus	
page-027-R:23	ιδ4. 909 a27	909a	27	no-corpus	
page-027-R:25	Ζιγ22. 523 a18	523a	18	seam	
page-027-R:27	φτα4. 820 a4	820a	4	no-corpus	
page-027-R:31	πκε7. 938 b5	938b	5	no-corpus	
page-027-R:34	πκε18. 939 b15	939b	15	no-corpus	
page-027-R:36	8. 941 a4	941a	4	no-corpus	
page-027-R:39	20. 942 a34	942a	34	no-corpus	
page-027-R:39	27. 943 a13	943a	13	no-corpus	
page-027-R:40	πκε21. 939 b33	939b	33	no-corpus	
page-027-R:41	κ7. 401 a17	401a	17	seam	
page-028-L:9	δ4. 678 a9	678a	9	seam	
page-028-L:28	υ3. 485 a15	485a	15	no-corpus	
page-028-L:31	πδ26. 879 b5	879b	5	no-corpus	
page-028-L:34	πν6. 484 a34	484a	34	no-corpus	
page-028-L:40	πν5. 483 b19	483b	19	no-corpus	
page-028-L:40	484 a10	484a	10	no-corpus	
page-028-L:45	Ζμγ5. 668 b8	668b	8	seam	
page-028-L:53	πη1. 887 b10	887b	10	no-corpus	
page-028-R:5	Ζμδ4. 678 a7	678a	7	seam	
page-028-R:5	πβ3. 866 b21	866b	21	no-corpus	
page-028-R:6	πν6. 484 a15	484a	15	no-corpus	
page-028-R:10	δ5. 678 a31	678a	31	seam	
page-028-R:12	δ4. 678 a9	678a	9	seam	
page-028-R:14	ζ3. 469 a1	469a	1	seam	
page-028-R:14	πν1. 481 a11	481a	11	no-corpus	
page-028-R:21	φτβ3. 824 b18	824b	18	no-corpus	
page-028-R:23	Ζμδ2. 677 a26	677a	26	seam	
page-028-R:28	πλη9. 967 b15	967b	15	no-corpus	
page-028-R:33	πλη9. 967 b15	967b	15	no-corpus	
page-028-R:41	Ζμδ2. 677 a28	677a	28	seam	
page-028-R:42	πι2. 891a16	891a	16	no-corpus	
page-028-R:43	θ5. 890 a11	890a	11	no-corpus	
page-028-R:44	Ζμγ5. 668 b16	668b	16	seam	
page-028-R:46	πι2. 891 a13	891a	13	no-corpus	
page-028-R:53	Ζιη11. 588a1	588a	1	seam	
page-028-R:54	πθ3. 889 b30	889b	30	no-corpus	
page-028-R:57	πν5. 484 a11	484a	11	no-corpus	
page-029-L:3	Ζμδ5. 678 a31	678a	31	seam	
page-029-L:7	πλη9. 967 b17	967b	17	no-corpus	
page-029-L:43	Ζμγ5. 668 b6	668b	6	seam	
page-029-L:43	Ζμδ3. 677 b25	677b	25	seam	
page-029-L:44	Ζμδ3. 677 b28	677b	28	seam	
page-029-L:48	γ7. 670 b6	670b	6	seam	
page-029-L:60	Ζμγ5. 668 b18	668b	18	seam	
page-029-R:11	πα38. 863b11	863b	11	no-corpus	
page-029-R:11	ζ9. 887b1	887b	1	no-corpus	
page-029-R:12	πζ5. 886b12	886b	12	no-corpus	
page-029-R:16	597. 1577b5	1577b	5	no-corpus	
page-029-R:17	623. 1583a14	1583a	14	no-corpus	
page-029-R:24	66. 1487a17	1487a	17	no-corpus	
page-029-R:26	ρ36. 1441b22	1441b	22	no-corpus	
page-029-R:30	108. 1495b20	1495b	20	no-corpus	
page-029-R:31	66. 1487a26	1487a	26	no-corpus	
page-029-R:35	14. 674b8	674b	8	seam	
page-029-R:37	πι7. 891b15	891b	15	no-corpus	
page-029-R:39	Ζμγ14. 674b8	674b	8	seam	
page-029-R:47	πι6. 891b4	891b	4	no-corpus	
page-029-R:49	πι6. 891 b9	891b	9	no-corpus	
page-029-R:50	Ζικ7. 638a9	638a	9	no-corpus	
page-030-L:20	64. 1532 a41	1532a	41	no-corpus	
page-030-L:30	66. 1487 a8	1487a	8	no-corpus	
page-030-L:33	13. 941 b24	941b	24	no-corpus	
page-030-L:35	591. 1574 a18	1574a	18	no-corpus	
page-030-L:38	πε41. 885 b7	885b	7	no-corpus	
page-030-L:41	πια28. 902 b2	902b	2	no-corpus	
page-030-L:44	21. 942 b11	942b	11	no-corpus	
page-030-L:46	πιε9. 912 a35	912a	35	no-corpus	
page-030-L:46	κε7. 938 b9	938b	9	no-corpus	
page-030-L:46	34. 944 a25	944a	25	no-corpus	
page-030-L:47	πδ13. 878 a15	878a	15	no-corpus	
page-030-L:50	Ζικ3. 636 a22	636a	22	no-corpus	
page-030-L:54	πιθ36. 920 b11	920b	11	no-corpus	
page-030-L:55	ρ37. 1444 b12	1444b	12	no-corpus	
page-030-R:40	381. 1541b9	1541b	9	no-corpus	
page-030-R:41	383. 1541b35	1541b	35	no-corpus	
page-030-R:41	1542a2	1542a	2	no-corpus	
page-030-R:45	ημα35. 1197a2	1197a	2	no-corpus	
page-030-R:45	β3. 1199a5	1199a	5	no-corpus	
page-030-R:46	ημβ13. 1212b6	1212b	6	no-corpus	
page-030-R:49	82. 1490a13	1490a	13	no-corpus	
page-031-L:2	γ2. 426 a33	426a	33	tail	1-31
page-031-L:18	ψγ1. 424 b28	424b	28	seam	
page-031-L:25	Φη2. 244 a28	244a	28	seam	
page-031-L:41	ζ3. 469 a22	469a	22	seam	
page-031-R:8	ημα35. 1196b25	1196b	25	no-corpus	
page-031-R:14	κ2. 1059a38	1059a	38	seam	
page-031-R:15	Μλ1. 1069a30	1069a	30	seam	
page-031-R:41	76. 1488b29	1488b	29	no-corpus	
page-031-R:51	Ηβ1. 1103a28	1103a	28	seam	
page-031-R:53	Φη2. 244b11	244b	11	seam	
page-032-L:23	Φη2. 244 b11	244b	11	seam	
page-032-L:45	ψγ1. 424 b22	424b	22	seam	
page-032-L:47	ψγ1. 424 b30	424b	30	seam	
page-032-L:54	39.1481 a13	1481a	13	no-corpus	
page-032-R:4	πζ5. 886 b32	886b	32	no-corpus	
page-032-R:19	ζ3. 469 a10	469a	10	seam	
page-032-R:21	ζ3. 469 a20	469a	20	seam	
page-032-R:27	Ηβ9.1109 b23	1109b	23	seam	
page-032-R:33	Ηκ1.1172 a36	1172a	36	seam	
page-032-R:34	πν4. 482 b19	482b	19	no-corpus	
page-032-R:52	πλ14. 959 b39	959b	39	no-corpus	
page-032-R:57	πιγ5. 908 a27	908a	27	no-corpus	
page-032-R:61	Ζμβ17. 661 a9	661a	9	seam	
page-033-L:6	πε17. 882 b19	882b	19	no-corpus	
page-033-L:10	Ζγδ1. 763 b28	763b	28	seam	
page-033-L:22	90. 1492 a30	1492a	30	no-corpus	
page-033-L:23	πγ27. 875 a31	875a	31	no-corpus	
page-033-L:26	πλα12. 958 b16	958b	16	no-corpus	
page-033-L:32	πο15. 1454 b17	1454b	17	seam	
page-033-L:60	3. 469 a12	469a	12	seam	
page-033-R:7	ζ3. 469 a19	469a	19	seam	
page-033-R:16	Φη3. 247 a6	247a	6	seam	
page-033-R:19	ψβ5. 417 b32	417b	32	tail	1-31
page-033-R:39	δ5. 678 b2	678b	2	seam	
page-033-R:52	πλε1. 964 b23	964b	23	no-corpus	
page-033-R:52	πγ8. 872 a12	872a	12	no-corpus	
page-033-R:62	481. 1557 a2	1557a	2	no-corpus	
page-034-L:2	πο5. 1449 a35	1449a	35	seam	
page-034-L:3	41. 1482 a12	1482a	12	no-corpus	
page-034-L:6	ημα25. 1192 a10	1192a	10	no-corpus	
page-034-L:16	ρ36. 1441 b20	1441b	20	no-corpus	
page-034-L:18	πο5. 1449 a34	1449a	34	seam	
page-034-L:20	πο4. 1449 a16	1449a	16	seam	
page-034-L:26	575. 1572 b26	1572b	26	no-corpus	
page-034-L:35	233. 1520 a10	1520a	10	no-corpus	
page-034-L:36	πλα3. 957 b10	957b	10	no-corpus	
page-034-L:36	λβ1. 960 a37	960a	37	no-corpus	
page-034-L:37	8. 961 a3	961a	3	no-corpus	
page-034-L:37	12. 961 a31	961a	31	no-corpus	
page-034-L:49	533. 1566 b30	1566b	30	no-corpus	
page-034-L:50	445. 1551 a30	1551a	30	no-corpus	
page-034-L:50	445. 1551 a28	1551a	28	no-corpus	
page-034-R:5	ρ20. 1433b17	1433b	17	no-corpus	
page-034-R:7	ρ7. 1428a8	1428a	8	no-corpus	
page-034-R:12	μτ1. 462b27	462b	27	seam	
page-034-R:18	Μγ1. 1003a31	1003a	31	seam	
page-034-R:21	Μγ1. 1003a27	1003a	27	seam	
page-034-R:25	μδ1. 378b10	378b	10	seam	
page-034-R:25	μτ1. 462b19	462b	19	seam	
page-035-L:2	Ζγβ1. 731b23	731b	23	seam	
page-035-L:36	385. 1542a23	1542a	23	no-corpus	
page-035-L:37	ρ30. 1437a9	1437a	9	no-corpus	
page-035-L:39	ρ30. 1437b23	1437b	23	no-corpus	
page-035-L:40	381. 1541b16	1541b	16	no-corpus	
page-035-L:53	ρ8. 1428b37	1428b	37	no-corpus	
page-035-L:59	ρ7. 1428a7	1428a	7	no-corpus	
page-035-R:8	64. 1486 b22	1486b	22	no-corpus	
page-035-R:8	433. 1549 b34	1549b	34	no-corpus	
page-035-R:10	465. 1554 b12	1554b	12	no-corpus	
page-035-R:18	β1. 283 b28	283b	28	seam	
page-035-R:22	40. 1481 a39	1481a	39	no-corpus	
page-035-R:24	7. 401 a16	401a	16	seam	
page-035-R:25	472. 1556 a2	1556a	2	no-corpus	
page-035-R:27	πε27. 883 b27	883b	27	no-corpus	
page-035-R:28	13. 941 b25	941b	25	no-corpus	
page-035-R:38	189. 1511 b29	1511b	29	no-corpus	
page-035-R:44	625. 1583 b12	1583b	12	no-corpus	
page-035-R:45	596. 1577 a40	1577a	40	no-corpus	
page-036-L:15	φτα5. 820a20	820a	20	no-corpus	
page-036-L:15	β6. 826b35	826b	35	no-corpus	
page-036-L:16	827a1	827a	1	no-corpus	
page-036-L:16	7. 827b5	827b	5	no-corpus	
page-036-L:23	293. 1529 a15	1529a	15	no-corpus	
page-036-L:39	253. 1524b39	1524b	39	no-corpus	
page-036-L:42	279. 1528a10	1528a	10	no-corpus	
page-036-L:48	πιβ8. 907a22	907a	22	no-corpus	
page-036-L:49	Ζμγ14. 674 b3	674b	3	seam	
page-036-R:12	433. 1549b32	1549b	32	no-corpus	
page-036-R:13	435. 1550a5	1550a	5	no-corpus	
page-036-R:15	πκ3. 923a13	923a	13	no-corpus	
page-036-R:18	κ6. 401a2	401a	2	seam	
page-036-R:21	1574b31	1574b	31	no-corpus	
page-036-R:25	πιθ42. 921b23	921b	23	no-corpus	
page-036-R:29	13. 941b29	941b	29	no-corpus	
page-036-R:30	πκη1. 949b3	949b	3	no-corpus	
page-036-R:31	γ14. 674b12	674b	12	seam	
page-036-R:44	γ15. 676a14	676a	14	seam	
page-036-R:49	ρ1. 1421a37	1421a	37	no-corpus	
page-037-L:4	294. 1529a34	1529a	34	no-corpus	
page-037-L:5	305. 1530a15	1530a	15	no-corpus	
page-037-L:8	8. 914b25	914b	25	no-corpus	
page-037-L:12	Μγ8. 1012b31	1012b	31	seam	
page-037-L:15	1. 1069a33	1069a	33	seam	
page-037-L:16	Φα2. 184b16	184b	16	seam	
page-037-L:42	Κ8. 10a4	10a	4	seam	
page-037-L:48	μα14. 353a4	353a	4	seam	
page-037-L:50	44. 945a20	945a	20	no-corpus	
page-037-L:61	259. 1525b27	1525b	27	no-corpus	
page-037-R:8	πα 17. 861a24	861a	24	no-corpus	
page-037-R:18	259. 1525b33	1525b	33	no-corpus	
page-037-R:29	39. 1481 a12	1481a	12	no-corpus	
page-037-R:38	Ζιι1. 608a19	608a	19	seam	
page-037-R:38	πζ5. 886b32	886b	32	no-corpus	
page-037-R:39	πια33. 903a22	903a	22	no-corpus	
page-037-R:40	πια1. 898b28	898b	28	no-corpus	
page-037-R:52	πλα29. 960 a30	960a	30	no-corpus	
page-037-R:53	πια44. 904a22	904a	22	no-corpus	
page-037-R:57	949 a24	949a	24	no-corpus	
page-037-R:58	950a19	950a	19	no-corpus	
page-037-R:61	Ηδ1. 1119b31	1119b	31	seam	
page-038-L:8	ημβ6. 1203a1	1203a	1	no-corpus	
page-038-L:9	ημβ6. 1203b30	1203b	30	no-corpus	
page-038-L:14	ρ26. 1435a39	1435a	39	no-corpus	
page-038-L:22	ημα34. 1194a39	1194a	39	no-corpus	
page-038-L:30	10. 778a1	778a	1	seam	
page-038-L:45	Ζμβ1. 646a18	646a	18	seam	
page-038-L:52	Ζγε1. 778a27	778a	27	seam	
page-038-R:4	ημβ6. 1203 b19	1203b	19	no-corpus	
page-038-R:5	11. 1209 a7	1209a	7	no-corpus	
page-038-R:13	13. 14 b28	14b	28	seam	
page-038-R:13	15 a6	15a	6	seam	
page-038-R:24	Πζ8. 1323 a6	1323a	6	seam	
page-038-R:26	Ζιι1. 608 a30	608a	30	seam	
page-038-R:28	ρ7. 1427 b40	1427b	40	no-corpus	
page-038-R:32	φτβ10. 829 b39	829b	39	no-corpus	
page-038-R:33	πζ5. 886 b10	886b	10	no-corpus	
page-038-R:34	πλε3. 964 b37	964b	37	no-corpus	
page-038-R:36	204. 1515 a27	1515a	27	no-corpus	
page-038-R:37	205. 1515 a33	1515a	33	no-corpus	
page-038-R:45	πε1. 880 b16	880b	16	no-corpus	
page-038-R:45	10. 881 b20	881b	20	no-corpus	
page-038-R:46	23. 883 a24	883a	24	no-corpus	
page-038-R:46	πε12. 882 a1	882a	1	no-corpus	
page-038-R:47	Ζικ1. 633 b20	633b	20	finding	1-8
page-038-R:48	πε7. 881 a37	881a	37	no-corpus	
page-038-R:49	πιδ2. 909 a19	909a	19	no-corpus	
page-038-R:55	16. 1477 a1	1477a	1	no-corpus	
page-038-R:60	πια41. 903 b34	903b	34	no-corpus	
page-038-R:60	48. 904 b11	904b	11	no-corpus	
page-038-R:61	44. 904 a16	904a	16	no-corpus	
page-039-L:19	πιθ 27. 919 b26	919b	26	no-corpus	
page-039-L:23	Ηγ1. 1109 b35	1109b	35	seam	
page-039-L:24	Ρα15. 1377 b5	1377b	5	seam	
page-039-L:28	417. 1547 b28	1547b	28	no-corpus	
page-039-L:36	Ηα13. 1103 a3	1103a	3	seam	
page-039-L:45	πγ17. 873 b11	873b	11	no-corpus	
page-039-L:46	949 a24	949a	24	no-corpus	
page-039-L:46	950 a19	950a	19	no-corpus	
page-039-L:49	πκη3. 949 b15	949b	15	no-corpus	
page-039-L:51	Ηη1. 1145 a16	1145a	16	seam	
page-039-L:55	ημβ6. 1202 a19	1202a	19	no-corpus	
page-039-L:56	ημβ6. 1202 b33	1202b	33	no-corpus	
page-039-L:56	Ηη1. 1145 a35	1145a	35	seam	
page-039-L:58	ημβ6. 1202 a33	1202a	33	no-corpus	
page-039-L:58	πκη3. 949 b14	949b	14	no-corpus	
page-039-L:60	ημβ6. 1203 a30	1203a	30	no-corpus	
page-039-R:10	πκη2. 949b6	949b	6	no-corpus	
page-039-R:10	7. 949b38	949b	38	no-corpus	
page-039-R:12	ημβ6. 1203b30	1203b	30	no-corpus	
page-039-R:15	ημβ6. 1203a1	1203a	1	no-corpus	
page-039-R:16	ημβ6. 1202b36	1202b	36	no-corpus	
page-039-R:21	ημβ6. 1202a32	1202a	32	no-corpus	
page-039-R:21	πκη3. 949b13	949b	13	no-corpus	
page-039-R:28	πγ5. 871a28	871a	28	no-corpus	
page-039-R:28	26. 874b23	874b	23	no-corpus	
page-039-R:30	πκα20. 929 a36	929a	36	no-corpus	
page-039-R:33	πγ3. 871a16	871a	16	no-corpus	
page-039-R:33	14. 873a4	873a	4	no-corpus	
page-039-R:33	πγ22. 874a28	874a	28	no-corpus	
page-039-R:41	πιθ38. 921a4	921a	4	no-corpus	
page-039-R:42	φτβ10. 829b8	829b	8	no-corpus	
page-039-R:45	257. 1525a26	1525a	26	no-corpus	
page-039-R:55	Πβ12. 1274b7	1274b	7	seam	
page-040-L:13	πκθ13. 951 b35	951b	35	no-corpus	
page-040-L:34	Μα3. 995 a10	995a	10	seam	
page-040-L:39	ρ23. 1434 b30	1434b	30	no-corpus	
page-040-L:56	Μα3. 995 a15	995a	15	seam	
page-040-R:1	Ζγδ9. 778a6	778a	6	seam	
page-040-R:4	πγ31. 875 b28	875b	28	no-corpus	
page-040-R:18	Ζικ6. 637b18	637b	18	no-corpus	
page-040-R:21	Ζικ6. 637b16	637b	16	no-corpus	
page-040-R:44	612. 1581a41	1581a	41	no-corpus	
page-040-R:48	πκβ8. 930b26	930b	26	no-corpus	
page-040-R:50	254. 1525a3	1525a	3	no-corpus	
page-040-R:51	πγ2. 871a9	871a	9	no-corpus	
page-040-R:52	27. 875a29	875a	29	no-corpus	
page-040-R:53	πκγ40. 935b38	935b	38	no-corpus	
page-040-R:54	18. 942a23	942a	23	no-corpus	
page-040-R:56	ρ9. 1429b21	1429b	21	no-corpus	
page-040-R:57	374. 1540b3	1540b	3	no-corpus	
page-040-R:57	402. 1545a31	1545a	31	no-corpus	
page-040-R:60	ρ1. 1421a1	1421a	1	no-corpus	
page-041-L:17	φτβ1. 822 b17	822b	17	no-corpus	
page-041-R:4	Μγ1. 1003a26	1003a	26	seam	
page-041-R:8	Πδ1. 1288b35	1288b	35	seam	
page-041-R:10	Ζκ7. 638b6	638b	6	no-corpus	
page-041-R:16	φτβ9. 829a10	829a	10	no-corpus	
page-041-R:17	φτα3. 818a36	818a	36	no-corpus	
page-041-R:35	πη5. 887b26	887b	26	no-corpus	
page-041-R:54	πιε13. 913a10	913a	10	no-corpus	
page-041-R:55	πια33. 903a15	903a	15	no-corpus	
page-041-R:56	596. 1576a33	1576a	33	no-corpus	
page-041-R:59	πκγ4. 931b31	931b	31	no-corpus	
page-042-L:1	426. 1548 b33	1548b	33	no-corpus	
page-042-L:2	ρ37. 1443 b28	1443b	28	no-corpus	
page-042-L:6	Ζγδ9. 778 a1	778a	1	seam	
page-042-L:11	59. 1485 b14	1485b	14	no-corpus	
page-042-L:13	ημα33.1193 a28	1193a	28	no-corpus	
page-042-L:19	ημα33. 1193 a29	1193a	29	no-corpus	
page-042-L:24	φτβ2. 824 a37	824a	37	no-corpus	
page-042-L:25	πλ1. 953 a24	953a	24	no-corpus	
page-042-L:29	πκζ9. 948 b21	948b	21	no-corpus	
page-042-L:32	πθ8. 890 a37	890a	37	no-corpus	
page-042-L:39	πα9. 860 a14	860a	14	no-corpus	
page-042-L:43	πβ30. 869 a32	869a	32	no-corpus	
page-042-L:43	πε40. 885 a19	885a	19	no-corpus	
page-042-L:45	πκγ9. 932 b19	932b	19	no-corpus	
page-042-L:45	κε16. 939 b9	939b	9	no-corpus	
page-042-L:46	πα20. 861 b24	861b	24	no-corpus	
page-042-L:46	β30. 869 a38	869a	38	no-corpus	
page-042-L:50	πα39. 863 b22	863b	22	no-corpus	
page-042-L:50	ε38. 884 b39	884b	39	no-corpus	
page-042-L:51	3. 885 b27	885b	27	no-corpus	
page-042-L:53	πλ1. 953 a25	953a	25	no-corpus	
page-042-L:57	πιδ13. 910 a6	910a	6	no-corpus	
page-042-L:59	πκγ9. 932 b20	932b	20	no-corpus	
page-042-L:59	κε21. 939 b33	939b	33	no-corpus	
page-042-R:1	941a33	941a	33	no-corpus	
page-042-R:2	πκε19. 939b24	939b	24	no-corpus	
page-042-R:4	Ζμγ14. 674b28	674b	28	seam	
page-042-R:5	πα39. 863b20	863b	20	no-corpus	
page-042-R:5	ε38. 884b37	884b	37	no-corpus	
page-042-R:6	πλε3. 964b38	964b	38	no-corpus	
page-042-R:7	πζ5. 886b11	886b	11	no-corpus	
page-042-R:12	πλβ11. 961a28	961a	28	no-corpus	
page-042-R:15	πλη3. 966b39	966b	39	no-corpus	
page-042-R:20	Ζιζ1. 558b16	558b	16	seam	
page-042-R:23	Ζιζ1. 558b27	558b	27	seam	
page-042-R:25	ζ1. 558b13	558b	13	seam	
page-042-R:27	Ζικ6. 637b7	637b	7	no-corpus	
page-042-R:28	πι35. 894b17	894b	17	no-corpus	
page-042-R:36	270. 1527a3	1527a	3	no-corpus	
page-042-R:36	274. 1527b11	1527b	11	no-corpus	
page-042-R:55	509a20	509a	20	seam	
page-043-L:10	271. 1527a17	1527a	17	no-corpus	
page-043-L:12	61. 1485b41	1485b	41	no-corpus	
page-043-L:12	1486a11	1486a	11	no-corpus	
page-043-L:15	142. 1502a36	1502a	36	no-corpus	
page-043-L:15	151. 1503b29	1503b	29	no-corpus	
page-043-L:22	602. 1579a19	1579a	19	no-corpus	
page-043-L:22	612. 1581a40	1581a	40	no-corpus	
page-043-L:23	571. 1572a7	1572a	7	no-corpus	
page-043-L:24	595. 1575a16	1575a	16	no-corpus	
page-043-L:27	456. 1552b43	1552b	43	no-corpus	
page-043-L:27	455. 1552b36	1552b	36	no-corpus	
page-043-L:30	πι27. 893b31	893b	31	no-corpus	
page-043-L:31	πκα1. 927a11	927a	11	no-corpus	
page-043-L:32	πα37. 863b2	863b	2	no-corpus	
page-043-L:32	κα3. 927a23	927a	23	no-corpus	
page-043-L:32	7. 927b15	927b	15	no-corpus	
page-043-L:33	22. 929b8	929b	8	no-corpus	
page-043-L:33	26. 930a3	930a	3	no-corpus	
page-043-L:50	Μα1. 993a30	993a	30	seam	
page-043-R:4	ημα34. 1196 b2	1196b	2	no-corpus	
page-043-R:15	82. 1490 a14	1490a	14	no-corpus	
page-043-R:15	ρ15. 1431 b4	1431b	4	no-corpus	
page-043-R:24	ε2. 16 b3	16b	3	seam	
page-043-R:34	12. 21 b17	21b	17	seam	
page-043-R:38	ζ1. 139 a27	139a	27	seam	
page-043-R:61	Ρβ14. 1390 a34	1390a	34	tail	1-33
page-044-L:14	Ηζ1. 1138b26	1138b	26	seam	
page-044-L:21	ε7. 17b30	17b	30	seam	
page-044-L:21	9. 18 b10	18b	10	seam	
page-044-L:22	11. 21a18	21a	18	seam	
page-044-L:23	11. 21a12	21a	12	seam	
page-044-L:24	τζ1. 139a25	139a	25	seam	
page-044-L:24	Οα12. 283b6	283b	6	seam	
page-044-L:33	ημα33. 1193a33	1193a	33	no-corpus	
page-044-L:39	δ1. 1288b27	1288b	27	seam	
page-044-L:39	η1. 1323 a24	1323a	24	seam	
page-044-L:58	πλ1. 953a24	953a	24	no-corpus	
page-044-L:60	472. 1556a3	1556a	3	no-corpus	
page-044-L:60	6, 1555b41	1555b	41	no-corpus	
page-044-R:1	554. 1569 b35	1569b	35	no-corpus	
page-044-R:2	554. 1569 b36	1569b	36	no-corpus	
page-044-R:18	πκθ2. 950 b1	950b	1	no-corpus	
page-044-R:19	510. 1561 b24	1561b	24	no-corpus	
page-044-R:20	πλη2. 966 b25	966b	25	no-corpus	
page-044-R:26	πκδ9. 936 b32	936b	32	no-corpus	
page-044-R:26	β28. 869 a17	869a	17	no-corpus	
page-044-R:27	πκα5. 927 a36	927a	36	no-corpus	
page-044-R:32	515. 1562 a27	1562a	27	no-corpus	
page-044-R:40	518. 1562 b36	1562b	36	no-corpus	
page-044-R:42	πλ1. 954 a35	954a	35	no-corpus	
page-044-R:43	πγ1. 871 a3	871a	3	no-corpus	
page-044-R:43	6. 871 b33	871b	33	no-corpus	
page-044-R:43	103. 1494 b28	1494b	28	no-corpus	
page-044-R:44	πζ8. 887 a23	887a	23	no-corpus	
page-044-R:45	ρ37. 1444 a32	1444a	32	no-corpus	
page-044-R:46	451. 1545 a13	1545a	13	no-corpus	
page-044-R:48	65. 1486 b34	1486b	34	no-corpus	
page-044-R:50	579. 1573 a24	1573a	24	no-corpus	
page-044-R:52	Ζιδ11. 538 b15	538b	15	seam	
page-044-R:59	403. 1545 a35	1545a	35	no-corpus	
page-044-R:61	Αδ13. 97 b18	97b	18	seam	
page-045-L:3	9, 18 b11	18b	11	seam	
page-045-L:7	516. 1562 b5	1562b	5	no-corpus	
page-045-L:10	463. 1554 a33	1554a	33	no-corpus	
page-045-L:12	584. 1573 a12	1573a	12	no-corpus	
page-045-L:15	Ζιη1. 581 a16	581a	16	seam	
page-045-L:18	πιζ3. 916 a34	916a	34	no-corpus	
page-045-L:21	Ζιη1. 581 a16	581a	16	seam	
page-045-L:22	357. 1538 b17	1538b	17	no-corpus	
page-045-L:55	ρ1. 1421 a4	1421a	4	no-corpus	
page-045-L:56	φτβ9. 828 b15	828b	15	no-corpus	
page-045-L:60	Ζιβ1. 497 b35	497b	35	seam	
page-045-R:7	φτβ3. 825 a15	825a	15	no-corpus	
page-045-R:38	ημβ8. 1207 b14	1207b	14	no-corpus	
page-045-R:39	πν8. 485 a22	485a	22	no-corpus	
page-045-R:51	πκε22. 940 a15	940a	15	no-corpus	
page-045-R:52	381. 1541 b23	1541b	23	no-corpus	
page-045-R:53	φτα4. 820 a5	820a	5	no-corpus	
page-045-R:60	πε8. 881 b5	881b	5	no-corpus	
page-046-L:1	268. 1526 b34	1526b	34	no-corpus	
page-046-L:3	299. 1529 a15	1529a	15	no-corpus	
page-046-L:15	ρ24. 1434 b39	1434b	39	no-corpus	
page-046-L:15	26. 1435 b17	1435b	17	no-corpus	
page-046-L:20	πια58. 905 a40	905a	40	no-corpus	
page-046-L:26	170. 1506 b2	1506b	2	no-corpus	
page-046-L:28	Κ14. 15 a31	15a	31	seam	
page-046-L:29	δ5. 678 b18	678b	18	seam	
page-046-L:36	150. 1503 b12	1503b	12	no-corpus	
page-046-L:39	Φη3. 245 b3	245b	3	seam	
page-046-L:46	Φη2. 244 b7	244b	7	seam	
page-046-L:49	Φη3. 245 b13	245b	13	seam	
page-046-L:51	Φη2. 245 a4	245a	4	seam	
page-046-L:58	η2. 243 a9	243a	9	seam	
page-046-R:2	Φη3. 245 b4	245b	4	seam	
page-046-R:5	Κ14. 15 a13	15a	13	seam	
page-046-R:6	η2. 243 a9	243a	9	seam	
page-046-R:13	Φη3. 247 a19	247a	19	seam	
page-046-R:14	Φη3. 246 a2	246a	2	seam	
page-046-R:14	245 b13	245b	13	seam	
page-046-R:14	4. 248 a13	248a	13	seam	
page-046-R:26	Φη3. 246 a3	246a	3	seam	
page-046-R:26	15, 247 a5	247a	5	seam	
page-046-R:44	ημβ15. 1213 a13	1213a	13	no-corpus	
page-047-L:8	Κ8. 10 a18	10a	18	seam	
page-047-L:10	ηεα 8. 1218 b23	1218b	23	seam	
page-047-L:16	12. 14 b8	14b	8	seam	
page-047-L:18	ρ37. 1445 a21	1445a	21	no-corpus	
page-047-L:20	πκδ17. 937 b19	937b	19	no-corpus	
page-047-L:21	φτα3. 818 a23	818a	23	no-corpus	
page-047-L:24	πδ29. 880 a25	880a	25	no-corpus	
page-047-L:29	Ζμδ1. 676 a34	676a	34	seam	
page-047-L:30	πκγ20. 933 b24	933b	24	no-corpus	
page-047-L:35	πλβ4. 960 b19	960b	19	no-corpus	
page-047-L:36	πκγ8. 932 b9	932b	9	no-corpus	
page-047-L:36	22. 934 a9	934a	9	no-corpus	
page-047-L:39	99. 1494 a9	1494a	9	no-corpus	
page-047-L:40	πκδ16. 937 b9	937b	9	no-corpus	
page-047-L:42	φτβ2. 824 a4	824a	4	no-corpus	
page-047-L:44	μτ1. 462 b21	462b	21	seam	
page-047-L:59	1103 a10	1103a	10	seam	
page-047-R:1	ημα35. 1198a17	1198a	17	no-corpus	
page-047-R:1	πλ1. 954b35	954b	35	no-corpus	
page-047-R:18	πν2. 481b27	481b	27	no-corpus	
page-047-R:46	πκγ22. 934 a1	934a	1	no-corpus	
page-047-R:50	210. 1516a24	1516a	24	no-corpus	
page-047-R:51	588. 1574a1	1574a	1	no-corpus	
page-047-R:53	πα38. 863b11	863b	11	no-corpus	
page-047-R:54	ζ9. 887b1	887b	1	no-corpus	
page-047-R:54	πια26. 902a1	902a	1	no-corpus	
page-047-R:55	42. 904a5	904a	5	no-corpus	
page-047-R:56	πκγ32. 935a8	935a	8	no-corpus	
page-047-R:56	15. 933a20	933a	20	no-corpus	
page-047-R:61	πια26. 902a1	902a	1	no-corpus	
page-047-R:61	42. 904a5	904a	5	no-corpus	
page-048-L:2	πκγ32. 935a8	935a	8	no-corpus	
page-048-L:14	πε8. 881b5	881b	5	no-corpus	
page-048-L:16	507. 1561a28	1561a	28	no-corpus	
page-048-L:17	πκ1. 923a6	923a	6	no-corpus	
page-048-L:17	γ8. 872 a9	872a	9	no-corpus	
page-048-L:18	19. 873b37	873b	37	no-corpus	
page-048-L:18	πκγ 7. 932b1	932b	1	no-corpus	
page-048-L:20	πκγ25. 934a30	934a	30	no-corpus	
page-048-L:20	πε37. 884b29	884b	29	no-corpus	
page-048-L:21	φτβ2. 823b24	823b	24	no-corpus	
page-048-L:22	209. 1516a15	1516a	15	no-corpus	
page-048-L:22	φτβ2. 823b17	823b	17	no-corpus	
page-048-L:22	3. 824b5	824b	5	no-corpus	
page-048-L:34	ημβ7. 1204a24	1204a	24	no-corpus	
page-048-L:35	Οβ13. 294a12	294a	12	seam	
page-048-L:35	40. 1481 b11	1481b	11	no-corpus	
page-048-L:36	πι22. 893a20	893a	20	no-corpus	
page-048-L:39	ημβ7. 1204a24	1204a	24	no-corpus	
page-048-L:45	Ηθ16. 1163b27	1163b	27	seam	
page-048-L:45	ρ37. 1443b34	1443b	34	no-corpus	
page-048-L:46	ρ3. 1424a19	1424a	19	no-corpus	
page-048-L:53	Μμ10. 1087a8	1087a	8	seam	
page-048-L:55	555. 1569b43	1569b	43	no-corpus	
page-048-L:55	554. 1569b36	1569b	36	no-corpus	
page-048-L:58	290. 1528b29	1528b	29	no-corpus	
page-048-L:61	πκα26. 929b37	929b	37	no-corpus	
page-048-R:1	πκα16. 929 a11	929a	11	no-corpus	
page-048-R:2	πκα3. 927 a23	927a	23	no-corpus	
page-048-R:2	7. 927 b15	927b	15	no-corpus	
page-048-R:2	22. 929 b9	929b	9	no-corpus	
page-048-R:3	26. 930 a3	930a	3	no-corpus	
page-048-R:3	α37. 863 b2	863b	2	no-corpus	
page-048-R:5	411. 1546 b13	1546b	13	no-corpus	
page-048-R:7	238. 1521 b7	1521b	7	no-corpus	
page-048-R:8	πι27. 893 b38	893b	38	no-corpus	
page-048-R:10	293. 1529 a15	1529a	15	no-corpus	
page-048-R:25	275. 1527 b23	1527b	23	no-corpus	
page-048-R:54	η2. 243 a4	243a	4	seam	
page-048-R:56	Κ13. 14 b25	14b	25	seam	
page-048-R:57	Κ13. 14 b27	14b	27	seam	
page-048-R:57	34, 15 a8	15a	8	seam	
page-049-L:8	Ηθ16. 1163 b22	1163b	22	seam	
page-049-L:20	ρ30. 1437 b5	1437b	5	no-corpus	
page-049-L:22	ρ5. 1427 a41	1427a	41	no-corpus	
page-049-L:24	Πε1. 1301 a28	1301a	28	seam	
page-049-L:26	617. 1528 a19	1528a	19	no-corpus	
page-049-L:32	ρ37. 1444 a10	1444a	10	no-corpus	
page-049-L:42	ε1. 1301 a34	1301a	34	seam	
page-049-L:50	πο5. 1449 a34	1449a	34	seam	
page-049-L:51	Ηε10. 1835 b12	1835b	12	no-corpus	
page-049-L:56	πιθ43. 922 a18	922a	18	no-corpus	
page-049-L:59	ημα17. 1189 b22	1189b	22	no-corpus	
page-049-R:2	ρ5. 1427a34	1427a	34	no-corpus	
page-049-R:2	ημβ6. 1202a26	1202a	26	no-corpus	
page-049-R:17	Ζιι1. 608a11	608a	11	seam	
page-049-R:20	18. 942a24	942a	24	no-corpus	
page-049-R:21	πδ25. 879a34	879a	34	no-corpus	
page-049-R:38	πζ5. 886 b32	886b	32	no-corpus	
page-049-R:39	πλα8. 958 b1	958b	1	no-corpus	
page-049-R:43	546. 1568 b22	1568b	22	no-corpus	
page-049-R:51	437. 1550a22	1550a	22	no-corpus	
page-049-R:52	437. 1550a23	1550a	23	no-corpus	
page-049-R:60	578. 1573a12	1573a	12	no-corpus	
page-049-R:61	Ζιγ21. 523a7	523a	7	seam	
page-050-L:1	891 b4	891b	4	no-corpus	
page-050-L:2	Ζιγ21. 523 a5	523a	5	seam	
page-050-L:4	208. 1515 b40	1515b	40	no-corpus	
page-050-L:9	ρ4. 1426 a12	1426a	12	no-corpus	
page-050-L:9	Πε12. 1316 b13	1316b	13	seam	
page-050-L:10	ρ3. 1425 b20	1425b	20	no-corpus	
page-050-L:13	πια6. 899 a30	899a	30	no-corpus	
page-050-L:18	1. 231 a28	231a	28	seam	
page-050-L:46	ημβ6. 1201 b6	1201b	6	no-corpus	
page-050-L:49	ημβ11. 1209 b13	1209b	13	no-corpus	
page-050-R:7	291. 1528b37	1528b	37	no-corpus	
page-050-R:7	313. 1531a27	1531a	27	no-corpus	
page-050-R:16	ημβ7. 1204a38	1204a	38	no-corpus	
page-050-R:17	πιβ4. 907a1	907a	1	no-corpus	
page-050-R:26	πιθ43. 922a4	922a	4	no-corpus	
page-050-R:27	πκθ10. 951a6	951a	6	no-corpus	
page-050-R:28	453. 1552a32	1552a	32	no-corpus	
page-050-R:29	πν9. 485b18	485b	18	no-corpus	
page-050-R:30	πι43. 895b7	895b	7	no-corpus	
page-050-R:31	Πζ5. 1820a18	1820a	18	no-corpus	
page-050-R:35	248. 1524a6	1524a	6	no-corpus	
page-050-R:39	πκγ33. 935a11	935a	11	no-corpus	
page-050-R:39	8. 932b13	932b	13	no-corpus	
page-050-R:45	248. 1524a7	1524a	7	no-corpus	
page-050-R:46	487. 1557b21	1557b	21	no-corpus	
page-050-R:48	πιβ3. 906b19	906b	19	no-corpus	
page-050-R:51	488. 1557b23	1557b	23	no-corpus	
page-050-R:52	402. 1545a36	1545a	36	no-corpus	
page-050-R:54	403. 1545b4	1545b	4	no-corpus	
page-050-R:55	238. 1521 b26	1521b	26	no-corpus	
page-051-L:3	464. 1554 b3	1554b	3	no-corpus	
page-051-L:5	Ηι1. 1163 b35	1163b	35	seam	
page-051-L:11	φτα4. 819 b36	819b	36	no-corpus	
page-051-L:15	108. 1495 b11	1495b	11	no-corpus	
page-051-L:18	ρ1. 1421 a33	1421a	33	no-corpus	
page-051-L:25	φτα5. 820 a16	820a	16	no-corpus	
page-051-L:26	φτα3. 818 b35	818b	35	no-corpus	
page-051-L:28	1569 b34	1569b	34	no-corpus	
page-051-L:29	πβ9. 867 a19	867a	19	no-corpus	
page-051-L:33	πκγ17. 933 b8	933b	8	no-corpus	
page-051-L:35	φτα5. 820 b2	820b	2	no-corpus	
page-051-L:35	7. 821 a38	821a	38	no-corpus	
page-051-L:37	255. 1525 b5	1525b	5	no-corpus	
page-051-L:41	256. 1525 b9	1525b	9	no-corpus	
page-051-L:51	9. 993 a13	993a	13	seam	
page-051-L:57	489. 1557 b42	1557b	42	no-corpus	
page-051-L:57	1558 a5	1558a	5	no-corpus	
page-051-L:58	πδ21. 879 a10	879a	10	no-corpus	
page-051-R:1	ρ3. 1425 a12	1425a	12	no-corpus	
page-051-R:6	452. 1552 a25	1552a	25	no-corpus	
page-051-R:23	301. 1529 b30	1529b	30	no-corpus	
page-051-R:24	301. 1529 b38	1529b	38	no-corpus	
page-051-R:28	φτα1. 815 a29	815a	29	no-corpus	
page-051-R:32	ρ26. 1435 a33	1435a	33	no-corpus	
page-051-R:35	ρ16. 1431 b22	1431b	22	no-corpus	
page-051-R:36	ρ8. 1429 a4	1429a	4	no-corpus	
page-051-R:38	ημα34. 1194 b34	1194b	34	no-corpus	
page-051-R:39	Πβ12. 1274 b13	1274b	13	seam	
page-051-R:39	πλα12. 958 b20	958b	20	no-corpus	
page-051-R:40	Ζιβ1. 497 b31	497b	31	seam	
page-051-R:43	πκθ13. 951 a31	951a	31	no-corpus	
page-051-R:46	ρ16. 1431 b23	1431b	23	no-corpus	
page-051-R:49	520. 1563 a32	1563a	32	no-corpus	
page-051-R:50	594. 1574 b22	1574b	22	no-corpus	
page-051-R:51	572. 1572 a26	1572a	26	no-corpus	
page-051-R:52	594. 1574 b37	1574b	37	no-corpus	
page-051-R:58	596. 1576 b7	1576b	7	no-corpus	
page-052-L:21	Πη1. 1323 a24	1323a	24	seam	
page-052-L:23	πκθ13. 951 b9	951b	9	no-corpus	
page-052-L:30	385. 1542 a31	1542a	31	no-corpus	
page-052-L:37	382. 1541 b28	1541b	28	no-corpus	
page-052-L:39	ημβ11. 1210 a37	1210a	37	no-corpus	
page-052-L:45	κ1. 1172 a27	1172a	27	seam	
page-052-L:50	385. 1542 a19	1542a	19	no-corpus	
page-052-L:54	1556 b31	1556b	31	no-corpus	
page-052-L:57	πκε2. 938 a9	938a	9	no-corpus	
page-052-L:60	426. 1548 b31	1548b	31	no-corpus	
page-052-L:61	πια31. 902 b31	902b	31	no-corpus	
page-052-R:38	2. 662 a36	662a	36	tail	1-35
page-052-R:61	106. 1494 b43	1494b	43	no-corpus	
page-053-L:20	πγ26. 875a16	875a	16	no-corpus	
page-053-L:24	β1. 1260b31	1260b	31	seam	
page-053-L:25	ζ8. 1323a2	1323a	2	seam	
page-053-L:35	πλ7. 956a18	956a	18	no-corpus	
page-053-L:36	πι65. 898b6	898b	6	no-corpus	
page-053-L:51	ψβ12. 424b3	424b	3	seam	
page-053-R:1	Ηζ1. 1138 b29	1138b	29	seam	
page-053-R:10	ημα20. 1191 a27	1191a	27	no-corpus	
page-053-R:14	πκε14. 939 b2	939b	2	no-corpus	
page-053-R:14	12. 941 a39	941a	39	no-corpus	
page-053-R:14	48. 945 b30	945b	30	no-corpus	
page-053-R:16	ημα2. 1183 b29	1183b	29	no-corpus	
page-053-R:22	φτα1. 815 a28	815a	28	no-corpus	
page-053-R:22	7. 821 b29	821b	29	no-corpus	
page-053-R:23	β2. 823 b35	823b	35	no-corpus	
page-053-R:23	6. 826 b27	826b	27	no-corpus	
page-053-R:40	πε19. 882 b25	882b	25	no-corpus	
page-053-R:45	πδ1. 876 a31	876a	31	no-corpus	
page-053-R:52	13. 1476 a26	1476a	26	no-corpus	
page-053-R:53	Φη3. 247 b21	247b	21	seam	
page-053-R:57	πκζ9. 948 b21	948b	21	no-corpus	
page-053-R:58	πκδ6. 936 b1	936b	1	no-corpus	
page-054-L:6	πκγ30. 934b27	934b	27	no-corpus	
page-054-L:15	158. 1504b36	1504b	36	no-corpus	
page-054-L:18	ημα1. 1182a13	1182a	13	no-corpus	
page-054-L:21	η2. 243a18	243a	18	seam	
page-054-L:24	ημβ11. 1210a24	1210a	24	no-corpus	
page-054-L:36	ρ3. 1423b25	1423b	25	no-corpus	
page-054-L:43	πιη1. 916b1	916b	1	no-corpus	
page-054-L:43	7. 917a18	917a	18	no-corpus	
page-054-L:56	ρ2. 1422a19	1422a	19	no-corpus	
page-054-L:58	ε12. 21b26	21b	26	seam	
page-054-R:46	Πδ1. 1288 b32	1288b	32	seam	
page-054-R:55	πλ10. 956 b13	956b	13	no-corpus	
page-055-L:25	Ζμδ10. 689a21	689a	21	seam	
page-055-L:47	ε9. 18b6	18b	6	seam	
page-055-L:55	ρ2. 1422a20	1422a	20	no-corpus	
page-055-L:60	Ζμδ2. 677a18	677a	18	seam	
page-055-R:7	Ζγε1. 778 a35	778a	35	seam	
page-055-R:11	Ζγβ1. 731 b21	731b	21	seam	
page-055-R:17	202. 1514 b31	1514b	31	no-corpus	
page-055-R:28	157. 1504 b27	1504b	27	no-corpus	
page-055-R:31	ημβ7. 1206 a14	1206a	14	no-corpus	
page-055-R:48	πιθ5. 918 a8	918a	8	no-corpus	
page-055-R:51	16. 1454 b27	1454b	27	seam	
page-055-R:52	16. 1454 b32	1454b	32	seam	
page-056-L:4	πιη1. 916b10	916b	10	no-corpus	
page-056-L:4	7. 917a26	917a	26	no-corpus	
page-056-L:18	572. 1572a28	1572a	28	no-corpus	
page-056-L:20	πι54. 897 a30	897a	30	no-corpus	
page-056-L:26	ρ3. 1424a32	1424a	32	no-corpus	
page-056-L:32	517. 1562b20	1562b	20	no-corpus	
page-056-L:43	316. 1531b19	1531b	19	no-corpus	
page-056-L:46	πκζ3. 947b32	947b	32	no-corpus	
page-056-L:50	πν5. 484a7	484a	7	no-corpus	
page-056-L:51	πζ2. 886 a33	886a	33	no-corpus	
page-056-L:52	πκζ3. 948a11	948a	11	no-corpus	
page-056-L:56	532. 1566a26	1566a	26	no-corpus	
page-056-L:59	πκγ8. 932b15	932b	15	no-corpus	
page-056-R:5	πκγ30. 934 b36	934b	36	no-corpus	
page-056-R:39	εν3. 462 b7	462b	7	seam	
page-056-R:40	Ζγε3. 482 b19	482b	19	no-corpus	
page-056-R:54	Ζμγ6. 669 b8	669b	8	seam	
page-057-L:2	Ζμδ5. 678 a33	678a	33	seam	
page-057-L:8	δ1. 523 a1	523a	1	seam	
page-057-L:8	Ζμδ5. 678 a29	678a	29	seam	
page-057-L:32	δ4. 678 a4	678a	4	seam	
page-057-L:37	δ5. 678 a29	678a	29	seam	
page-057-R:2	Ζμδ1. 676a31	676a	31	seam	
page-057-R:13	13, 1377b8	1377b	8	seam	
page-057-R:14	Πδ1. 1288b41	1288b	41	seam	
page-057-R:31	8. 1012 b15	1012b	15	seam	
page-057-R:42	66. 1487a15	1487a	15	no-corpus	
page-057-R:43	πα19. 861b11	861b	11	no-corpus	
page-057-R:48	ημα20. 1191a31	1191a	31	no-corpus	
page-057-R:48	πα28. 862b21	862b	21	no-corpus	
page-057-R:50	Ζγα23. 731b2	731b	2	seam	
page-057-R:58	Ζικ3. 635 b10	635b	10	no-corpus	
page-057-R:59	1. 634a4	634a	4	no-corpus	
page-057-R:59	Φη2. 245a10	245a	10	seam	
page-058-L:2	πι32. 894a33	894a	33	no-corpus	
page-058-L:7	ημβ15. 1213a5	1213a	5	no-corpus	
page-058-L:8	πλε1. 964b24	964b	24	no-corpus	
page-058-L:9	πγ10. 872 b9	872b	9	no-corpus	
page-058-L:14	πια33. 903 a20	903a	20	no-corpus	
page-058-L:16	πγ5. 871a32	871a	32	no-corpus	
page-058-L:22	ημα30. 1193a1	1193a	1	no-corpus	
page-058-L:24	ημα30. 1193a2	1193a	2	no-corpus	
page-058-L:60	565. 1571a4	1571a	4	no-corpus	
page-058-R:1	123. 1499a23	1499a	23	no-corpus	
page-058-R:9	πιε12. 912b30	912b	30	no-corpus	
page-058-R:10	κγ6. 932a33	932a	33	no-corpus	
page-058-R:24	πκγ6. 932a22	932a	22	no-corpus	
page-058-R:30	πια45. 904a38	904a	38	no-corpus	
page-058-R:31	23. 901b19	901b	19	no-corpus	
page-058-R:31	51. 904b30	904b	30	no-corpus	
page-058-R:32	πια23. 901b22	901b	22	no-corpus	
page-058-R:34	πι54. 897a5	897a	5	no-corpus	
page-058-R:35	40. 945a7	945a	7	no-corpus	
page-058-R:36	πλζ6. 966b17	966b	17	no-corpus	
page-059-L:12	Ζμβ1. 646a24	646a	24	seam	
page-059-L:22	πκε13. 939a35	939a	35	no-corpus	
page-059-L:24	382. 1541b31	1541b	31	no-corpus	
page-059-L:26	374. 1540a40	1540a	40	no-corpus	
page-059-L:26	375. 1540b14	1540b	14	no-corpus	
page-059-L:30	φτα7. 821b16	821b	16	no-corpus	
page-059-L:31	φτα1. 815a25	815a	25	no-corpus	
page-059-L:38	77. 1488b10	1488b	10	no-corpus	
page-059-L:40	πλγ15. 963a8	963a	8	no-corpus	
page-059-L:44	πη20. 889a20	889a	20	no-corpus	
page-059-L:46	517. 1562b26	1562b	26	no-corpus	
page-059-L:47	66. 1487a5	1487a	5	no-corpus	
page-059-L:48	Ζικ1. 634a7	634a	7	no-corpus	
page-059-L:50	ρ26. 1436a25	1436a	25	no-corpus	
page-059-L:51	ξ2. 977a9	977a	9	seam	
page-059-L:53	ρ2. 1438b22	1438b	22	no-corpus	
page-059-L:56	Ζμγ14. 674b29	674b	29	seam	
page-059-L:57	πιη8. 917b7	917b	7	no-corpus	
page-059-L:58	πα50. 865a38	865a	38	no-corpus	
page-059-R:1	τζ14. 151 b20	151b	20	seam	
page-059-R:3	ρ36. 1440 b30	1440b	30	no-corpus	
page-059-R:12	ημα7. 1186 a23	1186a	23	no-corpus	
page-059-R:16	ημα23. 1191 b34	1191b	34	no-corpus	
page-059-R:19	ημα7. 1186 a21	1186a	21	no-corpus	
page-059-R:38	315. 1531 b7	1531b	7	no-corpus	
page-059-R:40	ρ37. 1443 b15	1443b	15	no-corpus	
page-059-R:45	πιε3. 910 b36	910b	36	no-corpus	
page-059-R:51	Πε1. 1301 a27	1301a	27	seam	
page-059-R:55	β1. 497 b11	497b	11	seam	
page-059-R:56	β1. 497 b11	497b	11	seam	
page-060-L:3	Οβ14. 298 a16	298a	16	seam	
page-060-L:6	μα14. 353 a4	353a	4	seam	
page-060-L:8	ημα34. 1193 b37	1193b	37	no-corpus	
page-060-L:18	ημα34. 1193 b37	1193b	37	no-corpus	
page-060-L:47	Ζιβ1. 497 b33	497b	33	seam	
page-060-L:51	πζ5. 886 b35	886b	35	no-corpus	
page-060-R:5	πκα5. 927 a35	927a	35	no-corpus	
page-060-R:11	Ζιβ17. 509 a17	509a	17	seam	
page-060-R:41	οβ1345 b26	1345b	26	seam	
page-060-R:47	πιη12. 916 b23	916b	23	no-corpus	
page-060-R:52	Φη2. 243 a15	243a	15	seam	
page-060-R:53	244 a6	244a	6	seam	
page-060-R:57	275. 1527 b20	1527b	20	no-corpus	
page-061-L:2	ρ31. 1438a4	1438a	4	no-corpus	
page-061-L:3	ρ22. 1434a20	1434a	20	no-corpus	
page-061-L:4	ρ21. 1434a3	1434a	3	no-corpus	
page-061-L:14	πκθ14. 952b3	952b	3	no-corpus	
page-061-L:19	ρ21. 1433b29	1433b	29	no-corpus	
page-061-L:34	η4. 248a22	248a	22	seam	
page-061-L:34	7. 940b35	940b	35	no-corpus	
page-061-L:35	πε1. 880b19	880b	19	no-corpus	
page-061-L:35	19. 882b34	882b	34	no-corpus	
page-061-L:37	483. 1557a18	1557a	18	no-corpus	
page-061-L:47	65. 1486b34	1486b	34	no-corpus	
page-061-L:56	α2. 184b21	184b	21	seam	
page-061-L:61	Φα2. 184b21	184b	21	seam	
page-061-R:16	Φθ1. 250b24	250b	24	seam	
page-061-R:46	πια33. 903a8	903a	8	no-corpus	
page-061-R:47	8. 914b10	914b	10	no-corpus	
page-061-R:49	φτα1. 815a15	815a	15	no-corpus	
page-061-R:49	2. 816b26	816b	26	no-corpus	
page-061-R:50	φτα2. 817a26	817a	26	no-corpus	
page-061-R:52	Ζγδ1. 763b31	763b	31	seam	
page-061-R:54	Ζμδ2. 677a5	677a	5	seam	
page-062-L:7	πβ7. 867a11	867a	11	no-corpus	
page-062-L:9	πα12. 860b24	860b	24	no-corpus	
page-062-L:11	259. 1525b32	1525b	32	no-corpus	
page-062-L:13	527. 1565a6	1565a	6	no-corpus	
page-062-L:25	25, 205a5	205a	5	seam	
page-062-L:28	Φθ1. 250b18	250b	18	seam	
page-062-L:28	424b44	424b	44	seam	
page-062-L:36	5. 205a27	205a	27	seam	
page-062-L:39	Γβ1. 328b35	328b	35	seam	
page-062-L:44	Φα2. 184b17	184b	17	seam	
page-062-L:45	Γβ1. 328b34	328b	34	seam	
page-062-L:53	ρ35. 1440a35	1440a	35	no-corpus	
page-062-R:3	Ηβ1. 1103a30	1103a	30	seam	
page-062-R:23	ρ26. 1435 b15	1435b	15	no-corpus	
page-062-R:32	πε1. 880b22	880b	22	no-corpus	
page-062-R:33	πα55. 866a25	866a	25	no-corpus	
page-062-R:49	414. 1547a37	1547a	37	no-corpus	
page-062-R:50	πκγ 16. 933a29	933a	29	no-corpus	
page-062-R:51	30. 943b6	943b	6	no-corpus	
page-062-R:51	40. 945a1	945a	1	no-corpus	
page-062-R:52	πλα8. 958a39	958a	39	no-corpus	
page-062-R:52	15. 958b37	958b	37	no-corpus	
page-063-L:6	πδ31. 880b6	880b	6	no-corpus	
page-063-L:7	ι24. 893b15	893b	15	no-corpus	
page-063-L:17	πλβ6. 960b37	960b	37	no-corpus	
page-063-L:18	πκε12. 939a29	939a	29	no-corpus	
page-063-L:19	πλη8. 967b4	967b	4	no-corpus	
page-063-L:21	πα43. 864b22	864b	22	no-corpus	
page-063-L:27	πκγ5. 932a1	932a	1	no-corpus	
page-063-L:28	πκ23. 925b17	925b	17	no-corpus	
page-063-L:32	η17. 1337a3	1337a	3	seam	
page-063-L:33	108. 1495b12	1495b	12	no-corpus	
page-063-L:39	248. 1523b31	1523b	31	no-corpus	
page-063-L:41	ημβ7. 1205b22	1205b	22	no-corpus	
page-063-L:45	ημβ7. 1205b28	1205b	28	no-corpus	
page-063-L:47	πκε12. 939a31	939a	31	no-corpus	
page-063-L:57	πλδ11. 964a39	964a	39	no-corpus	
page-063-R:8	πλ12. 964b5	964b	5	no-corpus	
page-063-R:17	πλδ9. 964a26	964a	26	no-corpus	
page-063-R:18	πε16. 882 b2	882b	2	no-corpus	
page-063-R:36	Ζμδ5. 678b1	678b	1	seam	
page-063-R:43	πια48. 904b12	904b	12	no-corpus	
page-063-R:45	πν2. 482a8	482a	8	no-corpus	
page-063-R:46	πν4. 483a12	483a	12	no-corpus	
page-063-R:59	Ζμγ6. 669b8	669b	8	seam	
page-064-L:6	πλγ1. 961b18	961b	18	no-corpus	
page-064-L:8	πλβ5. 960b27	960b	27	no-corpus	
page-064-L:29	πη9. 888a7	888a	7	no-corpus	
page-064-L:31	πλδ9. 964a31	964a	31	no-corpus	
page-064-L:42	πα55. 866a20	866a	20	no-corpus	
page-064-L:48	30. 943b12	943b	12	no-corpus	
page-064-L:49	πκγ16. 933a35	933a	35	no-corpus	
page-064-L:50	πλγ8. 962a26	962a	26	no-corpus	
page-064-L:51	πλα1. 957 a39	957a	39	no-corpus	
page-064-L:55	ρ18. 1432a33	1432a	33	no-corpus	
page-064-L:59	ημα35. 1197 a22	1197a	22	no-corpus	
page-064-R:7	532. 1566b26	1566b	26	no-corpus	
page-064-R:12	φτβ7. 827a31	827a	31	no-corpus	
page-064-R:12	ρ26. 1435b18	1435b	18	no-corpus	
page-064-R:16	319. 1532a17	1532a	17	no-corpus	
page-064-R:16	315. 1531b3	1531b	3	no-corpus	
page-064-R:24	64. 1486b20	1486b	20	no-corpus	
page-064-R:25	πι36. 894b21	894b	21	no-corpus	
page-064-R:27	Ζιδ11. 538b7	538b	7	seam	
page-064-R:32	πι49. 896b3	896b	3	no-corpus	
page-064-R:32	λδ10. 964a38	964a	38	no-corpus	
page-064-R:33	πι49. 896a38	896a	38	no-corpus	
page-064-R:33	λδ10. 964a34	964a	34	no-corpus	
page-064-R:35	πλ4. 955b12	955b	12	no-corpus	
page-064-R:36	202. 1514b29	1514b	29	no-corpus	
page-064-R:40	41. 1481b42	1481b	42	no-corpus	
page-064-R:41	1482a8	1482a	8	no-corpus	
page-064-R:43	πιθ20. 919a16	919a	16	no-corpus	
page-064-R:44	πιθ36. 920b13	920b	13	no-corpus	
page-064-R:45	πιθ48. 922b16	922b	16	no-corpus	
page-064-R:46	φτα2. 817b38	817b	38	no-corpus	
page-064-R:57	307. 1530a24	1530a	24	no-corpus	
page-064-R:59	πκ22. 925a30	925a	30	no-corpus	
page-064-R:61	224. 1518b44	1518b	44	no-corpus	
page-065-L:3	πε19. 882b27	882b	27	no-corpus	
page-065-L:4	73. 1488a13	1488a	13	no-corpus	
page-065-L:15	πκγ5. 932a18	932a	18	no-corpus	
page-065-L:24	Ζιβ1. 497b29	497b	29	seam	
page-065-L:25	πδ8. 877a37	877a	37	no-corpus	
page-065-L:28	Ζμβ17. 661a19	661a	19	seam	
page-065-L:29	πιγ10. 908b31	908b	31	no-corpus	
page-065-L:34	πκζ7. 948b11	948b	11	no-corpus	
page-065-L:37	483. 1557a19	1557a	19	no-corpus	
page-065-L:39	πν8. 484a18	484a	18	no-corpus	
page-065-L:40	151. 1503b28	1503b	28	no-corpus	
page-065-L:45	29. 943a35	943a	35	no-corpus	
page-065-L:48	πδ12. 877b34	877b	34	no-corpus	
page-065-L:48	πβ8. 867a17	867a	17	no-corpus	
page-065-L:49	Ζικ2. 635a12	635a	12	no-corpus	
page-065-L:50	Ζμγ5. 668b5	668b	5	seam	
page-065-L:60	5. 940b23	940b	23	no-corpus	
page-065-R:15	πιε12. 912b34	912b	34	no-corpus	
page-065-R:16	πιθ37. 920b20	920b	20	no-corpus	
page-065-R:19	13. 294a1	294a	1	seam	
page-065-R:28	πλβ5. 960b23	960b	23	no-corpus	
page-065-R:33	377. 1540b36	1540b	36	no-corpus	
page-065-R:35	625. 1583b17	1583b	17	no-corpus	
page-065-R:42	12. 941b17	941b	17	no-corpus	
page-065-R:48	πν5. 483b24	483b	24	no-corpus	
page-065-R:58	Ζιθ30. 608a2	608a	2	seam	
page-066-L:1	πκ21. 925a26	925a	26	no-corpus	
page-066-L:5	πε6. 881a5	881a	5	no-corpus	
page-066-L:6	πε6. 881a11	881a	11	no-corpus	
page-066-L:24	πκε13. 939a35	939a	35	no-corpus	
page-066-L:28	θ1. 1045b28	1045b	28	seam	
page-066-L:31	ρ30. 1437b24	1437b	24	no-corpus	
page-066-L:31	ημβ11. 1211a3	1211a	3	no-corpus	
page-066-L:35	πλη8. 967b4	967b	4	no-corpus	
page-066-L:37	πε23. 883a26	883a	26	no-corpus	
page-066-L:38	γ13. 872b35	872b	35	no-corpus	
page-066-L:38	ια10. 900a7	900a	7	no-corpus	
page-066-L:40	ρ1. 1420a20	1420a	20	finding	1-8
page-066-L:40	ημα34. 1196a5	1196a	5	no-corpus	
page-066-L:44	240. 1522a22	1522a	22	no-corpus	
page-066-L:46	πι22. 893a18	893a	18	no-corpus	
page-066-L:48	φτα6. 821a3	821a	3	no-corpus	
page-066-L:52	Ζιβ1. 497 b30	497b	30	seam	
page-066-R:7	34. 944a27	944a	27	no-corpus	
page-066-R:9	πη18. 889a8	889a	8	no-corpus	
page-066-R:10	πκβ7. 930b18	930b	18	no-corpus	
page-066-R:12	φτβ3. 824b27	824b	27	no-corpus	
page-066-R:19	596. 1576a23	1576a	23	no-corpus	
page-066-R:20	521. 1563b17	1563b	17	no-corpus	
page-066-R:21	66. 1486 b44	1486b	44	no-corpus	
page-066-R:23	ρ2. 1423a6	1423a	6	no-corpus	
page-066-R:24	504. 1560b35	1560b	35	no-corpus	
page-066-R:40	πα38. 863b11	863b	11	no-corpus	
page-066-R:40	ζ9. 887b1	887b	1	no-corpus	
page-066-R:44	ηεγ1. 1228a27	1228a	27	seam	
page-066-R:44	ημα20. 1190b9	1190b	9	no-corpus	
page-066-R:46	γ1. 1228a26	1228a	26	seam	
page-066-R:49	πκζ5. 948a31	948a	31	no-corpus	
page-066-R:52	ημα20. 1190b22	1190b	22	no-corpus	
page-066-R:52	1191a17	1191a	17	no-corpus	
page-066-R:54	ημα20. 1190b28	1190b	28	no-corpus	
page-066-R:61	πκζ1. 947b11	947b	11	no-corpus	
page-066-R:61	11. 949a20	949a	20	no-corpus	
page-067-L:4	ημα20. 1191 a18	1191a	18	no-corpus	
page-067-L:6	ημα20. 1191a3	1191a	3	no-corpus	
page-067-L:9	Ζιι1. 605a35	605a	35	finding	1-31
page-067-L:11	ημα34. 1193b4	1193b	4	no-corpus	
page-067-L:13	πιδ8. 909b10	909b	10	no-corpus	
page-067-L:13	16. 910a39	910a	39	no-corpus	
page-067-L:14	κζ4. 948a13	948a	13	no-corpus	
page-067-L:15	516. 1562b4	1562b	4	no-corpus	
page-067-L:22	ημα9. 1186b7	1186b	7	no-corpus	
page-067-L:22	20. 1190b9	1190b	9	no-corpus	
page-067-L:32	πι45. 895b37	895b	37	no-corpus	
page-067-L:38	374. 1540b2	1540b	2	no-corpus	
page-067-L:38	377. 1540b35	1540b	35	no-corpus	
page-067-L:40	499. 1559a34	1559a	34	no-corpus	
page-067-L:43	563. 1570b37	1570b	37	no-corpus	
page-067-L:44	Ρβ12. 1274b23	1274b	23	seam	
page-067-L:49	πια34. 903a34	903a	34	no-corpus	
page-067-L:52	πκθ13. 951b3	951b	3	no-corpus	
page-067-L:55	Ηβ9. 1109b18	1109b	18	seam	
page-067-L:59	99. 1494a14	1494a	14	no-corpus	
page-067-R:6	πκγ29. 934b22	934b	22	no-corpus	
page-067-R:13	ρ37. 1442a13	1442a	13	no-corpus	
page-067-R:21	ημα25. 1192a8	1192a	8	no-corpus	
page-067-R:27	Μα3. 995a12	995a	12	seam	
page-067-R:30	21. 1477b23	1477b	23	no-corpus	
page-067-R:31	6. 914a26	914a	26	no-corpus	
page-067-R:49	940a18	940a	18	no-corpus	
page-067-R:49	947b9	947b	9	no-corpus	
page-067-R:56	28. 943a28	943a	28	no-corpus	
page-067-R:61	18. 942a22	942a	22	no-corpus	
page-068-L:1	23. 942b16	942b	16	no-corpus	
page-068-L:9	πκγ11. 932b29	932b	29	no-corpus	
page-068-L:16	πκα12. 928a29	928a	29	no-corpus	
page-068-L:19	πν5. 483b1	483b	1	no-corpus	
page-068-L:44	πιθ4. 917b36	917b	36	no-corpus	
page-068-L:44	πια22. 901b10	901b	10	no-corpus	
page-068-L:47	208. 1516a1	1516a	1	no-corpus	
page-068-R:4	Ζιδ11. 538b7	538b	7	seam	
page-068-R:17	πκ23. 925 b18	925b	18	no-corpus	
page-068-R:20	πκζ10. 949a2	949a	2	no-corpus	
page-068-R:27	πια41. 903b38	903b	38	no-corpus	
page-068-R:33	Ζικ5. 637b15	637b	15	no-corpus	
page-068-R:37	πγ7. 872a5	872a	5	no-corpus	
page-068-R:37	δ28. 880a13	880a	13	no-corpus	
page-068-R:37	25. 879a33	879a	33	no-corpus	
page-068-R:50	κ7. 637a22	637a	22	no-corpus	
page-068-R:51	Ζικ2. 634 b37	634b	37	no-corpus	
page-068-R:52	3. 636a6	636a	6	no-corpus	
page-068-R:52	5. 637a16	637a	16	no-corpus	
page-068-R:54	Ζικ2. 634b31	634b	31	no-corpus	
page-068-R:54	5. 635a34	635a	34	no-corpus	
page-068-R:54	636a11	636a	11	no-corpus	
page-068-R:55	6. 637b25	637b	25	no-corpus	
page-068-R:56	κ3. 635a37	635a	37	no-corpus	
page-068-R:56	Ζικ5. 637a16	637a	16	no-corpus	
page-068-R:57	Ζικ3. 635b17	635b	17	no-corpus	
page-068-R:58	Ζικ4. 636a39	636a	39	no-corpus	
page-068-R:59	Ζικ5. 636b24	636b	24	no-corpus	
page-068-R:59	Ζικ3. 635 b29	635b	29	no-corpus	
page-068-R:60	Ζικ4. 636b5	636b	5	no-corpus	
page-068-R:61	Ζικ3. 636a27	636a	27	no-corpus	
page-069-L:2	κ1. 633b11	633b	11	finding	1-8
page-069-L:2	4. 636 b8	636b	8	no-corpus	
page-069-L:3	5. 636b11	636b	11	no-corpus	
page-069-L:3	39, 637a3	637a	3	no-corpus	
page-069-L:27	529. 1566a2	1566a	2	no-corpus	
page-069-L:28	515. 1562a28	1562a	28	no-corpus	
page-069-L:29	555. 1569b44	1569b	44	no-corpus	
page-069-L:30	555. 1569 b44	1569b	44	no-corpus	
page-069-L:32	554. 1569b34	1569b	34	no-corpus	
page-069-L:34	555. 1570a1	1570a	1	no-corpus	
page-069-L:46	φτα3. 818a15	818a	15	no-corpus	
page-069-L:49	πιγ3. 907b33	907b	33	no-corpus	
page-069-L:51	πιβ2. 906a31	906a	31	no-corpus	
page-069-L:51	9. 907a25	907a	25	no-corpus	
page-069-R:3	554. 1569 b35	1569b	35	no-corpus	
page-069-R:13	πκδ3. 936a25	936a	25	no-corpus	
page-069-R:30	ρ8. 1428b4	1428b	4	no-corpus	
page-069-R:40	Ηθ16. 1163b24	1163b	24	seam	
page-069-R:43	πιθ48. 922b20	922b	20	no-corpus	
page-069-R:60	πιζ3. 916a28	916a	28	no-corpus	
page-070-L:19	πι45. 895b24	895b	24	no-corpus	
page-070-L:32	ρ6. 1427b34	1427b	34	no-corpus	
page-070-L:48	Ζμγ6. 669b5	669b	5	seam	
page-070-L:55	Ζιβ1. 497b21	497b	21	seam	
page-070-R:6	17. 497b1	497b	1	seam	
page-070-R:9	η1. 581a9	581a	9	seam	
page-070-R:22	Ζιβ1. 497b33	497b	33	seam	
page-070-R:22	Ζιβ1. 497b35	497b	35	seam	
page-070-R:26	πι46. 896a12	896a	12	no-corpus	
page-070-R:48	πι41. 895 a23	895a	23	no-corpus	
page-071-L:15	γ1. 749a31	749a	31	seam	
page-071-L:23	πι6. 891 b5	891b	5	no-corpus	
page-071-L:25	Ζιγ22. 523a15	523a	15	seam	
page-071-L:29	πι59. 897b34	897b	34	no-corpus	
page-071-L:44	πι48. 896a34	896a	34	no-corpus	
page-071-L:44	62. 898 a20	898a	20	no-corpus	
page-071-L:46	πι53. 896b29	896b	29	no-corpus	
page-071-L:48	πι29. 894a13	894a	13	no-corpus	
page-071-L:49	πι25. 893b17	893b	17	no-corpus	
page-071-L:57	πι7. 891b15	891b	15	no-corpus	
page-071-L:59	πι22. 893a24	893a	24	no-corpus	
page-071-L:61	πι23. 893a37	893a	37	no-corpus	
page-071-R:1	Ζγε1. 778a26	778a	26	seam	
page-071-R:2	πι5. 891b1	891b	1	no-corpus	
page-071-R:3	63. 898a31	898a	31	no-corpus	
page-071-R:8	πι33. 894b4	894b	4	no-corpus	
page-071-R:12	πι27. 893b29	893b	29	no-corpus	
page-071-R:13	πλη8. 967b6	967b	6	no-corpus	
page-071-R:14	πι11. 892a1	892a	1	no-corpus	
page-071-R:22	πι15. 892b4	892b	4	no-corpus	
page-071-R:26	πι11. 892a1	892a	1	no-corpus	
page-071-R:27	πλα27. 960a12	960a	12	no-corpus	
page-071-R:32	πι38. 895a4	895a	4	no-corpus	
page-071-R:33	πια1. 899a2	899a	2	no-corpus	
page-071-R:33	57. 905a30	905a	30	no-corpus	
page-071-R:34	πι40. 895a15	895a	15	no-corpus	
page-071-R:44	β1. 646a33	646a	33	seam	
page-071-R:54	πι47. 896a21	896a	21	no-corpus	
page-071-R:56	πι24. 893b10	893b	10	no-corpus	
page-072-L:1	πι41. 895a24	895a	24	no-corpus	
page-072-L:5	πι14. 892b1	892b	1	no-corpus	
page-072-L:8	Ζιη1. 581a9	581a	9	seam	
page-072-L:15	πι28. 894a8	894a	8	no-corpus	
page-072-L:22	πκ7. 923a36	923a	36	no-corpus	
page-072-L:24	πι10. 891b33	891b	33	no-corpus	
page-072-L:32	πι41. 895a20	895a	20	no-corpus	
page-072-L:37	πι56. 897b19	897b	19	no-corpus	
page-072-L:37	59. 897b36	897b	36	no-corpus	
page-072-L:41	φτα5. 820b5	820b	5	no-corpus	
page-072-L:54	πι1. 891a8	891a	8	no-corpus	
page-072-L:55	πι43. 895a37	895a	37	no-corpus	
page-072-L:55	πι5. 891a35	891a	35	no-corpus	
page-072-L:56	πι2. 891a13	891a	13	no-corpus	
page-072-L:57	πι18. 892b22	892b	22	no-corpus	
page-072-L:57	54. 897a1	897a	1	no-corpus	
page-072-L:58	λγ10. 962b8	962b	8	no-corpus	
page-072-L:58	πι54. 897b11	897b	11	no-corpus	
page-072-L:59	πι51. 896b8	896b	8	no-corpus	
page-072-R:3	πι48. 896a30	896a	30	no-corpus	
page-072-R:9	Ζιθ1. 588 a20	588a	20	seam	
page-072-R:17	ημβ5. 1200b10	1200b	10	no-corpus	
page-072-R:17	6. 1203 a19	1203a	19	no-corpus	
page-072-R:20	187. 1511a44	1511a	44	no-corpus	
page-072-R:24	πλ6. 956a11	956a	11	no-corpus	
page-072-R:24	3. 955b4	955b	4	no-corpus	
page-072-R:44	πκθ7. 950b32	950b	32	no-corpus	
page-072-R:48	22. 1478a7	1478a	7	no-corpus	
page-072-R:50	Ηη1. 1145a23	1145a	23	seam	
page-072-R:53	183. 1509b23	1509b	23	no-corpus	
page-073-L:21	ρ38. 1445b4	1445b	4	no-corpus	
page-073-L:23	Ηζ1. 1138b23	1138b	23	seam	
page-073-L:30	πα24. 862a31	862a	31	no-corpus	
page-073-L:31	42. 945a17	945a	17	no-corpus	
page-073-L:32	πκζ11. 949a11	949a	11	no-corpus	
page-073-L:33	πια15. 900b12	900b	12	no-corpus	
page-073-L:34	πβ1. 866b10	866b	10	no-corpus	
page-073-L:34	23. 868 b12	868b	12	no-corpus	
page-073-L:48	394. 1543b17	1543b	17	no-corpus	
page-073-L:55	πιβ3. 906b19	906b	19	no-corpus	
page-073-L:56	φτβ6. 826b36	826b	36	no-corpus	
page-073-R:7	Πε1. 1301a31	1301a	31	seam	
page-073-R:9	Πε1. 1301a35	1301a	35	seam	
page-073-R:20	ημβ11. 1210a7	1210a	7	no-corpus	
page-073-R:25	ρ30. 1436b1	1436b	1	no-corpus	
page-073-R:28	πιε9. 912a34	912a	34	no-corpus	
page-073-R:33	248. 1524a15	1524a	15	no-corpus	
page-073-R:37	πγ13. 873a2	873a	2	no-corpus	
page-073-R:39	Ζμγ14. 674b20	674b	20	seam	
page-073-R:40	278. 1528a1	1528a	1	no-corpus	
page-073-R:41	Ηγ15. 1119b11	1119b	11	seam	
page-073-R:50	89. 1492a12	1492a	12	no-corpus	
page-073-R:55	πβ23. 868b16	868b	16	no-corpus	
page-073-R:55	8. 867a14	867a	14	no-corpus	
page-073-R:55	ε7. 881a27	881a	27	no-corpus	
page-073-R:56	ια33. 903a23	903a	23	no-corpus	
page-073-R:56	λδ12. 964b11	964b	11	no-corpus	
page-073-R:57	Ζιβ1. 497 b17	497b	17	seam	
page-073-R:60	πδ26. 879b2	879b	2	no-corpus	
page-073-R:60	κδ10. 937a2	937a	2	no-corpus	
page-074-L:2	δ10. 689a1	689a	1	seam	
page-074-L:4	ρ2. 1423a7	1423a	7	no-corpus	
page-074-L:6	Πβ12. 1274b9	1274b	9	seam	
page-074-L:11	ρ37. 1443a22	1443a	22	no-corpus	
page-074-L:16	Ηι1. 1163b32	1163b	32	seam	
page-074-L:37	β1. 646a23	646a	23	seam	
page-074-L:38	δ1. 523a32	523a	32	seam	
page-074-L:50	ημβ11. 1210a13	1210a	13	no-corpus	
page-074-L:55	ημβ11. 1210a9	1210a	9	no-corpus	
page-074-L:61	ρ11. 1430a33	1430a	33	no-corpus	
page-074-R:6	Ζιβ1. 497b28	497b	28	seam	
page-074-R:17	250. 1524b24	1524b	24	no-corpus	
page-074-R:21	Ζικ1. 634b19	634b	19	no-corpus	
page-074-R:25	Ζικ3. 635b40	635b	40	no-corpus	
page-074-R:28	140. 1502a5	1502a	5	no-corpus	
page-074-R:32	Ζιγ21. 523a4	523a	4	seam	
page-074-R:44	ρ2. 1422a27	1422a	27	no-corpus	
page-074-R:44	19. 1433a32	1433a	32	no-corpus	
page-074-R:45	37. 1442b8	1442b	8	no-corpus	
page-074-R:54	438. 1550a29	1550a	29	no-corpus	
page-074-R:58	θ16. 1163 b14	1163b	14	seam	
page-074-R:60	θ16. 1163b14	1163b	14	seam	
page-075-L:2	4. 940b20	940b	20	no-corpus	
page-075-L:11	πκδ9. 936b35	936b	35	no-corpus	
page-075-L:15	πκγ6. 932a27	932a	27	no-corpus	
page-075-L:17	ρ9. 1430a11	1430a	11	no-corpus	
page-075-L:18	ημβ7. 1206b8	1206b	8	no-corpus	
page-075-L:22	ημα34. 1194a38	1194a	38	no-corpus	
page-075-L:32	πκγ3. 931 b12	931b	12	no-corpus	
page-075-L:33	13. 933a13	933a	13	no-corpus	
page-075-L:35	Οβ13. 294a19	294a	19	seam	
page-075-L:36	8. 915a2	915a	2	no-corpus	
page-075-L:40	ρ2. 1422a32	1422a	32	no-corpus	
page-075-L:48	ρ1. 1421a16	1421a	16	no-corpus	
page-075-L:50	πιθ24. 919b16	919b	16	no-corpus	
page-075-L:54	14. 674b22	674b	22	seam	
page-075-R:2	πλα3. 957b12	957b	12	no-corpus	
page-075-R:5	524. 1563b38	1563b	38	no-corpus	
page-075-R:9	399. 1544b3	1544b	3	no-corpus	
page-075-R:10	399. 1544b13	1544b	13	no-corpus	
page-075-R:17	Κ13. 14b34	14b	34	seam	
page-075-R:23	Κ13. 14b33	14b	33	seam	
page-075-R:24	ημβ11. 1210b18	1210b	18	no-corpus	
page-075-R:25	414. 1547 a19	1547a	19	no-corpus	
page-075-R:26	ρ37. 1442b6	1442b	6	no-corpus	
page-075-R:26	8, 1443b1	1443b	1	no-corpus	
page-075-R:27	ρ19. 1432 b37	1432b	37	no-corpus	
page-075-R:28	ρ8. 1428 b24	1428b	24	no-corpus	
page-075-R:42	τη1. 151b35	151b	35	seam	
page-075-R:46	τη1. 151 b35	151b	35	seam	
page-075-R:47	Κ10. 12b3	12b	3	seam	
page-075-R:61	ημα15. 1188b20	1188b	20	no-corpus	
page-076-L:1	ημα17. 1189a15	1189a	15	no-corpus	
page-076-L:1	34. 1195 b16	1195b	16	no-corpus	
page-076-L:2	ημα34. 1194a11	1194a	11	no-corpus	
page-076-L:2	1195b16	1195b	16	no-corpus	
page-076-L:2	β11. 1210a38	1210a	38	no-corpus	
page-076-L:3	ημα34. 1194a20	1194a	20	no-corpus	
page-076-L:7	πλγ1. 961b22	961b	22	no-corpus	
page-076-L:24	κ12. 1069a3	1069a	3	seam	
page-076-L:37	ε7. 17b16	17b	16	seam	
page-076-L:41	21, 52b15	52b	15	seam	
page-076-L:52	ε7. 17b20	17b	20	seam	
page-076-L:57	ρ27. 1435b28	1435b	28	no-corpus	
page-076-R:32	πκε2. 938a4	938a	4	no-corpus	
page-076-R:39	πκγ2. 931b5	931b	5	no-corpus	
page-076-R:46	πν1. 481a21	481a	21	no-corpus	
page-076-R:47	ημα14. 1188b6	1188b	6	no-corpus	
page-076-R:52	10. 1475b11	1475b	11	no-corpus	
page-076-R:54	ρ8. 1428b13	1428b	13	no-corpus	
page-076-R:56	ρ37. 1442b33	1442b	33	no-corpus	
page-076-R:61	202. 1514b26	1514b	26	no-corpus	
page-077-L:4	ημα17. 1189a27	1189a	27	no-corpus	
page-077-L:6	ρ34. 1439b3	1439b	3	no-corpus	
page-077-L:7	ρ3. 1425a6	1425a	6	no-corpus	
page-077-L:8	ρ38. 1445a32	1445a	32	no-corpus	
page-077-L:10	ρ7. 1428a7	1428a	7	no-corpus	
page-077-L:13	596. 1595b25	1595b	25	no-corpus	
page-077-L:14	65. 1486b28	1486b	28	no-corpus	
page-077-L:18	626. 1584a6	1584a	6	no-corpus	
page-077-L:23	65. 1486b32	1486b	32	no-corpus	
page-077-L:25	65. 1486b34	1486b	34	no-corpus	
page-077-L:33	πια29. 902b13	902b	13	no-corpus	
page-077-L:40	82. 1490a11	1490a	11	no-corpus	
page-077-L:42	ρ4. 1426a28	1426a	28	no-corpus	
page-077-L:50	ημα34. 1194a28	1194a	28	no-corpus	
page-077-R:6	πιδ3. 909a23	909a	23	no-corpus	
page-077-R:7	κδ8. 936b16	936b	16	no-corpus	
page-077-R:7	27. 943a11	943a	11	no-corpus	
page-077-R:8	πλγ1. 961b15	961b	15	no-corpus	
page-077-R:11	Ζμγ7. 670b10	670b	10	seam	
page-077-R:23	πβ16. 867b32	867b	32	no-corpus	
page-077-R:24	πλγ5. 962a2	962a	2	no-corpus	
page-077-R:25	πε30. 884a2	884a	2	no-corpus	
page-077-R:27	πλβ13. 961b3	961b	3	no-corpus	
page-077-R:28	13. 915b18	915b	18	no-corpus	
page-077-R:28	4. 940b18	940b	18	no-corpus	
page-077-R:30	φτβ4. 826a3	826a	3	no-corpus	
page-077-R:32	7. 940b34	940b	34	no-corpus	
page-077-R:33	φτβ4. 826a3	826a	3	no-corpus	
page-077-R:34	πζ2. 886a30	886a	30	no-corpus	
page-077-R:51	ρ19. 1433b1	1433b	1	no-corpus	
page-078-L:1	Ηκ1. 1172a29	1172a	29	seam	
page-078-L:5	Ζμγ7. 670b4	670b	4	seam	
page-078-L:6	πκα20. 929a39	929a	39	no-corpus	
page-078-L:7	πγ15. 873a20	873a	20	no-corpus	
page-078-L:8	πε39. 885 a10	885a	10	no-corpus	
page-078-L:9	κ32. 926b12	926b	12	no-corpus	
page-078-L:11	Ζικ1. 638a31	638a	31	no-corpus	
page-078-L:15	πκε22. 940a11	940a	11	no-corpus	
page-078-L:17	πι30. 894a19	894a	19	no-corpus	
page-078-L:31	πε25. 883b8	883b	8	no-corpus	
page-078-L:31	λ4. 955b15	955b	15	no-corpus	
page-078-L:35	10. 12 b22	12b	22	seam	
page-078-L:40	13. 15a5	15a	5	seam	
page-078-L:47	Κ12. 14b17	14b	17	seam	
page-078-L:48	ημα10. 1187b2	1187b	2	no-corpus	
page-078-R:4	52b8	52b	8	seam	
page-078-R:16	264a35	264a	35	tail	1-33
page-078-R:55	ημβ7. 1206a38	1206a	38	no-corpus	
page-079-L:24	πιθ15. 918b27	918b	27	no-corpus	
page-079-L:25	πιθ15. 918b13	918b	13	no-corpus	
page-079-L:26	πιθ15. 918b19	918b	19	no-corpus	
page-079-L:28	Ζμβ17. 661a27	661a	27	seam	
page-079-L:36	πη9. 888a20	888a	20	no-corpus	
page-079-L:37	πη9. 888a18	888a	18	no-corpus	
page-079-L:52	πε40. 885a36	885a	36	no-corpus	
page-079-L:53	πκ9. 923b27	923b	27	no-corpus	
page-079-R:1	κ12. 1069a3	1069a	3	seam	
page-079-R:19	ε7. 17b26	17b	26	seam	
page-079-R:26	ε7. 17b17	17b	17	seam	
page-079-R:39	596. 1576b31	1576b	31	no-corpus	
page-079-R:41	203. 1515 a23	1515a	23	no-corpus	
page-079-R:47	πκα20. 929a38	929a	38	no-corpus	
page-079-R:53	πκδ13. 937a32	937a	32	no-corpus	
page-079-R:60	131. 1500b19	1500b	19	no-corpus	
page-080-L:3	65. 1486b28	1486b	28	no-corpus	
page-080-L:4	πιθ13. 918b3	918b	3	no-corpus	
page-080-L:5	7. 918a7	918a	7	no-corpus	
page-080-L:5	17. 918b34	918b	34	no-corpus	
page-080-L:7	πιθ39. 921a8	921a	8	no-corpus	
page-080-L:8	πιθ16. 918b30	918b	30	no-corpus	
page-080-L:8	πιθ18. 919a7	919a	7	no-corpus	
page-080-L:9	πιθ18. 919a1	919a	1	no-corpus	
page-080-L:10	πιθ17. 918b39	918b	39	no-corpus	
page-080-L:11	πζ1. 886a24	886a	24	no-corpus	
page-080-L:11	2. 886 a31	886a	31	no-corpus	
page-080-L:12	6. 887a4	887a	4	no-corpus	
page-080-L:14	198. 1513b3	1513b	3	no-corpus	
page-080-L:22	276. 1527b33	1527b	33	no-corpus	
page-080-L:23	πκγ5. 932a2	932a	2	no-corpus	
page-080-L:25	πκγ5. 932a16	932a	16	no-corpus	
page-080-L:27	99. 1494a20	1494a	20	no-corpus	
page-080-L:28	99. 1494a16	1494a	16	no-corpus	
page-080-L:31	40. 1481b15	1481b	15	no-corpus	
page-080-L:33	ρ12. 1430b25	1430b	25	no-corpus	
page-080-L:38	64. 1486b23	1486b	23	no-corpus	
page-080-L:40	64. 1486b19	1486b	19	no-corpus	
page-080-L:42	πδ5. 877a5	877a	5	no-corpus	
page-080-L:52	371.1540a18	1540a	18	no-corpus	
page-080-R:25	Ζιδ11.538b2	538b	2	seam	
page-080-R:26	195. 1513a24	1513a	24	no-corpus	
page-080-R:33	πα41. 864a3	864a	3	no-corpus	
page-080-R:46	πιθ37. 920b19	920b	19	no-corpus	
page-080-R:46	3. 917a31	917a	31	no-corpus	
page-080-R:46	πιθ4. 917 b37	917b	37	no-corpus	
page-081-L:2	πο5. 1449 a35	1449a	35	seam	
page-081-L:5	πκγ4. 931b35	931b	35	no-corpus	
page-081-L:5	4. 913b14	913b	14	no-corpus	
page-081-L:8	Ζικ7. 638a7	638a	7	no-corpus	
page-081-L:24	68b54	68b	54	finding	1-41
page-081-L:30	πιθ6. 918a11	918a	11	no-corpus	
page-081-L:31	Ζιη1. 581 a18	581a	18	seam	
page-081-L:33	69a58	69a	58	finding	1-39
page-081-L:46	πε40. 885a15	885a	15	no-corpus	
page-081-L:46	1. 880a16	880a	16	no-corpus	
page-081-L:46	10. 881b19	881b	19	no-corpus	
page-081-L:46	23. 883 a23	883a	23	no-corpus	
page-081-L:52	Ζιη1. 581a18	581a	18	seam	
page-081-L:53	Ζικ1. 634a35	634a	35	no-corpus	
page-081-L:56	πλ1. 954b9	954b	9	no-corpus	
page-081-L:56	955a30	955a	30	no-corpus	
page-081-L:56	160. 1505a6	1505a	6	no-corpus	
page-081-L:57	ηεγ7. 1234b4	1234b	4	seam	
page-081-R:13	ψβ5. 417b32	417b	32	tail	1-31
page-081-R:25	3. 16b14	16b	14	seam	
page-081-R:31	πιγ5. 908a25	908a	25	no-corpus	
page-081-R:34	Ηδ1. 1119b26	1119b	26	seam	
page-081-R:35	πκθ14. 952a19	952a	19	no-corpus	
page-081-R:57	φτα1. 816a32	816a	32	no-corpus	
page-082-L:23	Πε1. 1301a34	1301a	34	seam	
page-082-L:26	Ρα15. 1377b9	1377b	9	seam	
page-082-R:16	342.1535b3	1535b	3	no-corpus	
page-082-R:17	κ2. 391b26	391b	26	finding	1-23
page-082-R:18	625. 1583b22	1583b	22	no-corpus	
page-082-R:35	ηεγ 23. 1191b25	1191b	25	no-corpus	
page-082-R:38	πιη7. 917b2	917b	2	no-corpus	
page-082-R:38	13. 941b26	941b	26	no-corpus	
page-082-R:40	Ζγδ10. 778a6	778a	6	seam	
page-082-R:41	13. 941b32	941b	32	no-corpus	
page-083-L:6	Μμ10. 1087a17	1087a	17	seam	
page-083-L:49	Ζμδ4. 678a1	678a	1	seam	
page-083-L:51	Ζμγ5. 668b20	668b	20	seam	
page-083-R:20	ρ31. 1438b10	1438b	10	no-corpus	
page-083-R:20	32. 1438b23	1438b	23	no-corpus	
page-083-R:21	37. 1442b30	1442b	30	no-corpus	
page-083-R:24	ρ31. 1438a4	1438a	4	no-corpus	
page-083-R:28	πκγ30. 934b28	934b	28	no-corpus	
page-083-R:29	ρ30. 1437b27	1437b	27	no-corpus	
page-083-R:32	Ηβ9. 1109b5	1109b	5	seam	
page-083-R:37	ρ2. 1422b14	1422b	14	no-corpus	
page-083-R:42	Ηθ16. 1163 b19	1163b	19	seam	
page-083-R:51	λ1. 955a8	955a	8	no-corpus	
page-083-R:53	460. 1553b28	1553b	28	no-corpus	
page-083-R:59	πιθ26. 919b23	919b	23	no-corpus	
page-083-R:59	46. 922b39	922b	39	no-corpus	
page-083-R:59	21. 919 a30	919a	30	no-corpus	
page-084-L:7	Αδ13. 97 b23	97b	23	seam	
page-084-L:16	Φη3. 246b19	246b	19	seam	
page-084-L:17	πκ1. 923a8	923a	8	no-corpus	
page-084-L:25	πγ8. 872a11	872a	11	no-corpus	
page-084-L:25	184. 1510a5	1510a	5	no-corpus	
page-084-L:42	πα35. 863a28	863a	28	no-corpus	
page-084-L:47	125. 1499b13	1499b	13	no-corpus	
page-084-L:55	89. 1492a11	1492a	11	no-corpus	
page-084-L:61	ρ2. 1422b8	1422b	8	no-corpus	
page-084-R:1	462. 1554a11	1554a	11	no-corpus	
page-084-R:12	φτα6. 821a23	821a	23	no-corpus	
page-084-R:13	φτα4. 819a10	819a	10	no-corpus	
page-084-R:17	400. 1544b26	1544b	26	no-corpus	
page-084-R:19	120. 1498a40	1498a	40	no-corpus	
page-084-R:22	πλα23. 959b26	959b	26	no-corpus	
page-084-R:28	πγ15. 873a14	873a	14	no-corpus	
page-084-R:28	ε22. 883a12	883a	12	no-corpus	
page-084-R:28	κη1. 949a31	949a	31	no-corpus	
page-084-R:29	151. 1503 b30	1503b	30	no-corpus	
page-084-R:37	ημβ6. 1202a3	1202a	3	no-corpus	
page-084-R:50	Ργ4. 1406b37	1406b	37	tail	1-36
page-084-R:53	πιθ50. 923a1	923a	1	no-corpus	
page-084-R:59	μ1. 1076a29	1076a	29	seam	
page-084-R:61	ρ19. 1432b17	1432b	17	no-corpus	
page-085-L:1	ρ37. 1444a28	1444a	28	no-corpus	
page-085-L:9	πιθ20. 919a21	919a	21	no-corpus	
page-085-L:20	Φγ8. 208a8	208a	8	seam	
page-085-L:21	πβ21. 868a33	868a	33	no-corpus	
page-085-L:22	πβ41. 870b16	870b	16	no-corpus	
page-085-L:23	πβ33. 869b38	869b	38	no-corpus	
page-085-L:29	ρ9. 1430a3	1430a	3	no-corpus	
page-085-L:30	φτα3. 818b4	818b	4	no-corpus	
page-085-L:33	ρ2. 1421b16	1421b	16	no-corpus	
page-085-L:46	πν4. 483a7	483a	7	no-corpus	
page-085-L:47	πι23. 893a39	893a	39	no-corpus	
page-085-L:50	Ζμδ2. 677a4	677a	4	seam	
page-085-L:54	πε22. 883 a15	883a	15	no-corpus	
page-085-L:57	ρ12. 1430b7	1430b	7	no-corpus	
page-085-R:1	φτβ3. 825a37	825a	37	no-corpus	
page-085-R:2	257. 1525a26	1525a	26	no-corpus	
page-085-R:3	πια27. 902a14	902a	14	no-corpus	
page-085-R:4	Φγ5. 205a32	205a	32	seam	
page-085-R:6	φτβ4. 825b23	825b	23	no-corpus	
page-085-R:9	248. 1523b40	1523b	40	no-corpus	
page-085-R:11	443. 1550b39	1550b	39	no-corpus	
page-085-R:28	Μθ10. 1052a2	1052a	2	seam	
page-085-R:41	Ρα15. 1377b5	1377b	5	seam	
page-085-R:42	596. 1575b14	1575b	14	no-corpus	
page-085-R:45	πλε6. 965a16	965a	16	no-corpus	
page-085-R:47	πι48. 896a34	896a	34	no-corpus	
page-085-R:47	κα12. 928 a20	928a	20	no-corpus	
page-085-R:48	πκ22. 925 a36	925a	36	no-corpus	
page-085-R:52	1. 250b14	250b	14	seam	
page-086-L:24	40. 1481a39	1481a	39	no-corpus	
page-086-L:34	πε25. 883b12	883b	12	no-corpus	
page-086-L:35	λ4. 955b19	955b	19	no-corpus	
page-086-L:51	η1. 242a30	242a	30	seam	
page-086-L:58	202. 1514b12	1514b	12	no-corpus	
page-086-R:17	Φγ1. 200b17	200b	17	seam	
page-086-R:26	πκα14. 929a1	929a	1	no-corpus	
page-086-R:29	Φθ1. 250b18	250b	18	seam	
page-086-R:48	η1. 242a19	242a	19	seam	
page-086-R:51	Μγ7. 1012b12	1012b	12	seam	
page-086-R:58	πια6. 899b16	899b	16	no-corpus	
page-086-R:59	Οβ13. 294a25	294a	25	seam	
page-087-L:3	ρ2. 1422b9	1422b	9	no-corpus	
page-087-L:4	ρ2. 1422b10	1422b	10	no-corpus	
page-087-L:6	πγ3. 871a21	871a	21	no-corpus	
page-087-L:6	22. 874a33	874a	33	no-corpus	
page-087-L:6	πκ34. 926b26	926b	26	no-corpus	
page-087-L:17	πδ12. 877b2	877b	2	no-corpus	
page-087-L:22	πε25. 883b13	883b	13	no-corpus	
page-087-L:23	λ4. 955b21	955b	21	no-corpus	
page-087-L:33	327. 1532b19	1532b	19	no-corpus	
page-087-L:42	πε8. 881b2	881b	2	no-corpus	
page-087-L:43	3. 885b29	885b	29	no-corpus	
page-087-L:46	πε40. 885b1	885b	1	no-corpus	
page-087-L:47	πλγ5. 962a8	962a	8	no-corpus	
page-087-L:48	φτβ2. 823b39	823b	39	no-corpus	
page-087-R:1	ρ3. 1425 a4	1425a	4	no-corpus	
page-087-R:9	385. 1542a23	1542a	23	no-corpus	
page-087-R:10	189. 1511b29	1511b	29	no-corpus	
page-087-R:21	ημα32. 1193a32	1193a	32	no-corpus	
page-087-R:31	Ζμγ5. 668b8	668b	8	seam	
page-087-R:33	πκ12. 924a11	924a	11	no-corpus	
page-087-R:36	πα25. 862b5	862b	5	no-corpus	
page-087-R:37	Ζμγ14. 674b34	674b	34	seam	
page-087-R:40	πλα23. 959b23	959b	23	no-corpus	
page-087-R:41	πλγ1. 963b12	963b	12	no-corpus	
page-087-R:43	πδ12. 877b36	877b	36	no-corpus	
page-087-R:43	ιγ4. 908a1	908a	1	no-corpus	
page-087-R:44	πα16. 861a11	861a	11	no-corpus	
page-087-R:45	πκβ13. 951a23	951a	23	no-corpus	
page-087-R:52	12. 941b17	941b	17	no-corpus	
page-087-R:53	238. 1521b25	1521b	25	no-corpus	
page-087-R:54	31. 943 b33	943b	33	no-corpus	
page-087-R:55	55. 946b24	946b	24	no-corpus	
page-087-R:55	1. 940a31	940a	31	no-corpus	
page-087-R:57	238. 1521b6	1521b	6	no-corpus	
page-087-R:60	527. 1565a9	1565a	9	no-corpus	
page-087-R:61	πια6. 899a24	899a	24	no-corpus	
page-087-R:61	πιθ11. 918a35	918a	35	no-corpus	
page-088-L:6	ρ30. 1437b31	1437b	31	no-corpus	
page-088-L:7	ρ8. 1429a10	1429a	10	no-corpus	
page-088-L:7	37. 1444a4	1444a	4	no-corpus	
page-088-L:8	στον 1443b28	1443b	28	no-corpus	
page-088-L:8	ρ31. 1438b2	1438b	2	no-corpus	
page-088-L:10	ρ16. 1431b21	1431b	21	no-corpus	
page-088-L:10	17. 1432a32	1432a	32	no-corpus	
page-088-L:18	πη4. 887b23	887b	23	no-corpus	
page-088-L:23	251. 1524b28	1524b	28	no-corpus	
page-088-L:28	ρ16. 1431b32	1431b	32	no-corpus	
page-088-L:29	ρ31. 1438b10	1438b	10	no-corpus	
page-088-L:33	ρ16. 1431b23	1431b	23	no-corpus	
page-088-L:34	ρ30. 1437b29	1437b	29	no-corpus	
page-088-L:34	37. 1443b28	1443b	28	no-corpus	
page-088-L:35	1444a4	1444a	4	no-corpus	
page-088-L:36	ρ17. 1432a20	1432a	20	no-corpus	
page-088-L:37	πα50. 865a37	865a	37	no-corpus	
page-088-L:43	24. 1478b12	1478b	12	no-corpus	
page-088-L:47	πκ13. 924a27	924a	27	no-corpus	
page-088-L:51	Ηγ15. 1119b8	1119b	8	seam	
page-088-R:7	4. 16b32	16b	32	seam	
page-088-R:8	ρ24. 1434b33	1434b	33	no-corpus	
page-088-R:12	ρ32. 1438b20	1438b	20	no-corpus	
page-088-R:17	Φβ1. 192b10	192b	10	seam	
page-088-R:18	γ1. 298 a29	298a	29	seam	
page-088-R:19	γ1. 424b30	424b	30	seam	
page-088-R:25	μδ1. 378 b32	378b	32	seam	
page-088-R:48	πκδ11. 937a19	937a	19	no-corpus	
page-088-R:53	Μζ1. 1028a31	1028a	31	seam	
page-088-R:57	Κ13. 14b24	14b	24	seam	
page-088-R:58	Ηζ13. 1145a1	1145a	1	seam	
page-089-L:1	ε11. 21 a19	21a	19	seam	
page-089-L:3	Πε1. 1301a29	1301a	29	seam	
page-089-L:5	182. 1502a16	1502a	16	no-corpus	
page-089-L:12	Αδ1. 89b33	89b	33	seam	
page-089-L:12	2. 89b39	89b	39	seam	
page-089-L:14	ε11. 21a5	21a	5	seam	
page-089-L:32	δ1. 1288b26	1288b	26	seam	
page-089-L:35	ημβ6. 1202b1	1202b	1	no-corpus	
page-089-L:46	6. 128b9	128b	9	seam	
page-089-L:47	ε1. 1301a36	1301a	36	seam	
page-089-L:60	Μμ1. 1076a27	1076a	27	seam	
page-089-R:15	ημα4. 1185a39	1185a	39	no-corpus	
page-089-R:20	ρ1. 1420a26	1420a	26	finding	1-8
page-089-R:22	ημα12. 1187b34	1187b	34	no-corpus	
page-089-R:24	168. 1506a29	1506a	29	no-corpus	
page-089-R:33	πιε5. 911b2	911b	2	no-corpus	
page-089-R:34	πι67. 898b24	898b	24	no-corpus	
page-089-R:35	πε9. 881b13	881b	13	no-corpus	
page-089-R:36	πλγ1. 961b21	961b	21	no-corpus	
page-089-R:36	5. 962a4	962a	4	no-corpus	
page-089-R:38	πλγ13. 962b31	962b	31	no-corpus	
page-089-R:39	36. 944b12	944b	12	no-corpus	
page-089-R:39	κε16. 939b10	939b	10	no-corpus	
page-089-R:44	πιγ8. 908b21	908b	21	no-corpus	
page-089-R:48	πο15. 1454b1	1454b	1	seam	
page-089-R:53	ημβ11. 1209a16	1209a	16	no-corpus	
page-090-L:8	3. 913a38	913a	38	no-corpus	
page-090-L:8	12. 915b10	915b	10	no-corpus	
page-090-L:11	ρ3. 1424 a15	1424a	15	no-corpus	
page-090-L:13	ρ3. 1424a27	1424a	27	no-corpus	
page-090-L:36	ρ9. 1429 b30	1429b	30	no-corpus	
page-090-L:40	πι21. 893a4	893a	4	no-corpus	
page-090-L:45	Φη3. 247a18	247a	18	seam	
page-090-L:48	ημβ6. 1201b3	1201b	3	no-corpus	
page-090-L:56	πια35. 903b5	903b	5	no-corpus	
page-090-L:57	πκγ5. 932 a9	932a	9	no-corpus	
page-090-L:58	κδ9. 936b31	936b	31	no-corpus	
page-090-R:4	β12. 1274b22	1274b	22	seam	
page-090-R:13	Φη3. 245b8	245b	8	seam	
page-090-R:13	22. 246b13	246b	13	seam	
page-090-R:13	247a5	247a	5	seam	
page-090-R:17	5. 940 b24	940b	24	no-corpus	
page-090-R:18	4. 940b18	940b	18	no-corpus	
page-090-R:25	40. 945a4	945a	4	no-corpus	
page-090-R:29	54. 946b17	946b	17	no-corpus	
page-090-R:32	Φη2. 245a14	245a	14	seam	
page-090-R:42	394. 1543b15	1543b	15	no-corpus	
page-090-R:42	396. 1544a1	1544a	1	no-corpus	
page-090-R:46	πα55. 866a21	866a	21	no-corpus	
page-090-R:48	πλα9. 958b7	958b	7	no-corpus	
page-090-R:49	πλα9. 958b6	958b	6	no-corpus	
page-090-R:51	215. 1517b27	1517b	27	no-corpus	
page-091-L:3	ρ16. 1431b27	1431b	27	no-corpus	
page-091-L:14	κ1. 1059a24	1059a	24	seam	
page-091-L:27	Μκ1. 1059a32	1059a	32	seam	
page-091-L:30	152. 1503b39	1503b	39	no-corpus	
page-091-R:51	400. 1544b23	1544b	23	no-corpus	
page-091-R:55	400. 1544b33	1544b	33	no-corpus	
page-091-R:58	Μα3. 995a13	995a	13	seam	
page-091-R:61	ρ5. 1427a25	1427a	25	no-corpus	
page-092-L:1	πιζ3. 916a30	916a	30	no-corpus	
page-092-L:2	ρ39. 1446b6	1446b	6	no-corpus	
page-092-L:5	πιζ3. 916a36	916a	36	no-corpus	
page-092-L:8	Μα3. 995a13	995a	13	seam	
page-092-L:11	Ζικ3. 635b6	635b	6	no-corpus	
page-092-L:13	πα13. 860b31	860b	31	no-corpus	
page-092-L:15	ρ14. 1431a18	1431a	18	no-corpus	
page-092-L:16	500. 1559b18	1559b	18	no-corpus	
page-092-L:18	192. 1512b5	1512b	5	no-corpus	
page-092-L:19	97. 1493b27	1493b	27	no-corpus	
page-092-L:27	443. 1550b39	1550b	39	no-corpus	
page-092-L:30	ρ37. 1445 a1	1445a	1	no-corpus	
page-092-L:33	16. 1163b20	1163b	20	seam	
page-092-L:35	πο15. 1454b10	1454b	10	seam	
page-092-L:36	ρ26. 1435a39	1435a	39	no-corpus	
page-092-L:44	Ζμγ7. 670b27	670b	27	seam	
page-092-L:46	πια27. 902a18	902a	18	no-corpus	
page-092-L:47	Ηβ1. 1103a27	1103a	27	seam	
page-092-L:49	πιθ7. 918a17	918a	17	no-corpus	
page-092-L:60	κ1. 1059 a27	1059a	27	seam	
page-092-R:5	ρ39. 1445b25	1445b	25	no-corpus	
page-092-R:18	πο15. 1454b10	1454b	10	seam	
page-092-R:31	πο15. 1454b5	1454b	5	seam	
page-092-R:32	τε1. 128b28	128b	28	seam	
page-092-R:48	ρ39. 1446a7	1446a	7	no-corpus	
page-092-R:48	31. 1438 a26	1438a	26	no-corpus	
page-092-R:54	πκθ2. 950a37	950a	37	no-corpus	
page-093-L:9	166. 1505b39	1505b	39	no-corpus	
page-093-L:18	πα25. 862a35	862a	35	no-corpus	
page-093-L:18	26. 862b8	862b	8	no-corpus	
page-093-L:20	ημα20. 1191a35	1191a	35	no-corpus	
page-093-L:21	πλη8. 967b5	967b	5	no-corpus	
page-093-L:27	66. 1486b40	1486b	40	no-corpus	
page-093-L:27	560. 1570 b2	1570b	2	no-corpus	
page-093-L:34	588. 1573b45	1573b	45	no-corpus	
page-093-L:37	πλα9. 958b5	958b	5	no-corpus	
page-093-L:38	πδ30. 880a32	880a	32	no-corpus	
page-093-L:46	Ζμδ2. 677a29	677a	29	seam	
page-093-L:48	πδ13. 878a7	878a	7	no-corpus	
page-093-L:54	3. 940b10	940b	10	no-corpus	
page-093-L:59	πη9. 888a17	888a	17	no-corpus	
page-093-R:2	πθ2. 889b25	889b	25	no-corpus	
page-093-R:3	ημβ7. 1204b37	1204b	37	no-corpus	
page-093-R:4	πθ4. 889b37	889b	37	no-corpus	
page-093-R:5	φτα6. 821a12	821a	12	no-corpus	
page-093-R:7	πκα12. 928a20	928a	20	no-corpus	
page-093-R:8	πγ26. 874b37	874b	37	no-corpus	
page-093-R:9	πκγ34. 935a25	935a	25	no-corpus	
page-093-R:10	Ηβ9. 1109b18	1109b	18	seam	
page-093-R:15	πκγ6. 932a35	932a	35	no-corpus	
page-093-R:18	ημβ7. 1204b36	1204b	36	no-corpus	
page-093-R:19	1205a4	1205a	4	no-corpus	
page-093-R:19	πη9. 888a17	888a	17	no-corpus	
page-093-R:24	609. 1580b38	1580b	38	no-corpus	
page-093-R:26	215. 1517b25	1517b	25	no-corpus	
page-093-R:28	ρ1. 1421a34	1421a	34	no-corpus	
page-093-R:29	154. 1504a10	1504a	10	no-corpus	
page-093-R:30	151. 1503b31	1503b	31	no-corpus	
page-093-R:32	πια49. 904b18	904b	18	no-corpus	
page-093-R:44	346. 1536a37	1536a	37	no-corpus	
page-093-R:59	πκζ6. 948b4	948b	4	no-corpus	
page-094-L:17	πε29. 883b35	883b	35	no-corpus	
page-094-L:24	Ζμδ2. 677a20	677a	20	seam	
page-094-L:34	πβ34. 870a14	870a	14	no-corpus	
page-094-R:3	πδ13. 878a23	878a	23	no-corpus	
page-094-R:13	πα50. 865a33	865a	33	no-corpus	
page-094-R:26	Ζγδ1. 756a36	756a	36	tail	1-34
page-094-R:32	πδ13. 878a23	878a	23	no-corpus	
page-094-R:34	ρ37. 1444b10	1444b	10	no-corpus	
page-094-R:41	Οβ13. 294a2	294a	2	seam	
page-094-R:43	πκθ11. 951a11	951a	11	no-corpus	
page-094-R:48	66. 1487a4	1487a	4	no-corpus	
page-094-R:52	πβ24. 868b27	868b	27	no-corpus	
page-094-R:53	ια44. 904a17	904a	17	no-corpus	
page-094-R:53	κε1. 937b37	937b	37	no-corpus	
page-094-R:54	πα51. 865b6	865b	6	no-corpus	
page-094-R:58	ρ2. 1421b15	1421b	15	no-corpus	
page-095-L:10	πιθ1. 917b19	917b	19	no-corpus	
page-095-L:18	πκη7. 950a1	950a	1	no-corpus	
page-095-L:34	μα14. 353a22	353a	22	seam	
page-095-L:40	Ογ8. 307b9	307b	9	seam	
page-095-L:43	Φη2. 243a27	243a	27	seam	
page-095-L:45	156. 1504a37	1504a	37	no-corpus	
page-095-L:49	ημα35. 1198a5	1198a	5	no-corpus	
page-095-L:56	ημβ11. 1209b23	1209b	23	no-corpus	
page-095-R:3	Ζικ7. 638b25	638b	25	no-corpus	
page-095-R:8	273. 1527b2	1527b	2	no-corpus	
page-095-R:10	πκδ11. 937a17	937a	17	no-corpus	
page-095-R:10	πκδ11. 937a14	937a	14	no-corpus	
page-095-R:11	φτβ9. 829a23	829a	23	no-corpus	
page-095-R:13	140. 1502a3	1502a	3	no-corpus	
page-095-R:17	πλβ11. 961a27	961a	27	no-corpus	
page-095-R:20	579. 1573a26	1573a	26	no-corpus	
page-095-R:21	604. 1579b44	1579b	44	no-corpus	
page-095-R:27	59. 1485b12	1485b	12	no-corpus	
page-095-R:27	343. 1535b37	1535b	37	no-corpus	
page-095-R:28	374. 1540a41	1540a	41	no-corpus	
page-095-R:28	375. 1540b19	1540b	19	no-corpus	
page-095-R:29	492. 1558a31	1558a	31	no-corpus	
page-095-R:30	447. 1551b14	1551b	14	no-corpus	
page-095-R:31	552. 1569b10	1569b	10	no-corpus	
page-095-R:38	238. 1521b17	1521b	17	no-corpus	
page-095-R:42	ρ37. 1441 b34	1441b	34	no-corpus	
page-095-R:44	ρ2. 1421 b10	1421b	10	no-corpus	
page-095-R:45	ρ5. 1426b27	1426b	27	no-corpus	
page-095-R:48	ρ30. 1437 b39	1437b	39	no-corpus	
page-095-R:50	ρ37. 1444b31	1444b	31	no-corpus	
page-095-R:51	ρ21. 1433b38	1433b	38	no-corpus	
page-095-R:51	1434a2	1434a	2	no-corpus	
page-096-L:1	πβ3. 866b25	866b	25	no-corpus	
page-096-L:5	πν4. 483a13	483a	13	no-corpus	
page-096-L:21	6, 497b22	497b	22	seam	
page-096-L:22	24, 661a10	661a	10	seam	
page-096-L:23	300. 1529b26	1529b	26	no-corpus	
page-096-L:24	πια27. 902a15	902a	15	no-corpus	
page-096-L:34	πια27. 902a22	902a	22	no-corpus	
page-096-L:36	φτα1. 816a33	816a	33	no-corpus	
page-096-L:37	φτβ6. 826b5	826b	5	no-corpus	
page-096-L:39	πκγ11. 932b34	932b	34	no-corpus	
page-096-L:41	πια6. 899b1	899b	1	no-corpus	
page-096-L:45	334. 1534a21	1534a	21	no-corpus	
page-096-L:48	πβ41. 870b23	870b	23	no-corpus	
page-096-L:49	φτα7. 821b14	821b	14	no-corpus	
page-096-L:50	β2. 823b37	823b	37	no-corpus	
page-096-L:50	824a39	824a	39	no-corpus	
page-096-L:50	10. 829b2	829b	2	no-corpus	
page-096-L:51	ρ1. 1420b16	1420b	16	no-corpus	
page-096-L:58	πι54. 897a31	897a	31	no-corpus	
page-096-L:59	πγ29. 875b7	875b	7	no-corpus	
page-096-L:59	32. 875b37	875b	37	no-corpus	
page-096-R:17	Ζμγ5. 668b18	668b	18	seam	
page-096-R:19	πκ21. 925a25	925a	25	no-corpus	
page-096-R:20	πγ17. 873b4	873b	4	no-corpus	
page-096-R:21	πθ14. 891a3	891a	3	no-corpus	
page-096-R:28	Ηβ9. 1109b11	1109b	11	seam	
page-096-R:31	270. 1527a6	1527a	6	no-corpus	
page-096-R:34	13. 915b26	915b	26	no-corpus	
page-096-R:36	πθ3. 889b28	889b	28	no-corpus	
page-096-R:37	κ3. 636a23	636a	23	no-corpus	
page-096-R:38	πλα21. 959b11	959b	11	no-corpus	
page-096-R:39	πκ31. 926a39	926a	39	no-corpus	
page-096-R:46	πλ1. 954b30	954b	30	no-corpus	
page-096-R:46	γ26. 874b29	874b	29	no-corpus	
page-096-R:47	πια54. 905a17	905a	17	no-corpus	
page-096-R:47	60. 905b36	905b	36	no-corpus	
page-096-R:48	πα9. 860a33	860a	33	no-corpus	
page-096-R:48	γ29. 875b7	875b	7	no-corpus	
page-096-R:48	32. 875b37	875b	37	no-corpus	
page-096-R:48	ζ8. 887a24	887a	24	no-corpus	
page-096-R:49	λ1. 954a23	954a	23	no-corpus	
page-096-R:52	πια7. 899b24	899b	24	no-corpus	
page-096-R:53	πο15. 1454b2	1454b	2	seam	
page-096-R:54	140. 1501b43	1501b	43	no-corpus	
page-096-R:59	8. 366a35	366a	35	tail	1-33
page-097-L:1	πκα5. 927b3	927b	3	no-corpus	
page-097-L:1	πκγ16. 933a27	933a	27	no-corpus	
page-097-L:2	30. 943b4	943b	4	no-corpus	
page-097-L:2	πκδ10. 937a7	937a	7	no-corpus	
page-097-L:8	30. 943b12	943b	12	no-corpus	
page-097-L:9	πα30. 863a7	863a	7	no-corpus	
page-097-L:18	ρ3. 1425 b17	1425b	17	no-corpus	
page-097-L:31	Μβ1. 995 a29	995a	29	seam	
page-097-L:33	ημβ6. 1200b21	1200b	21	no-corpus	
page-097-L:47	ρ1. 1421a2	1421a	2	no-corpus	
page-097-L:48	11. 915a39	915a	39	no-corpus	
page-097-L:52	1. 208a34	208a	34	seam	
page-097-L:60	Κ14. 15a18	15a	18	seam	
page-097-R:2	Φδ1. 208a33	208a	33	seam	
page-097-R:12	ημβ6. 1201b1	1201b	1	no-corpus	
page-097-R:26	Ζμδ2. 677a7	677a	7	seam	
page-097-R:28	Ζμδ2. 677a11	677a	11	seam	
page-097-R:35	πκ31. 926a35	926a	35	no-corpus	
page-097-R:39	πια12. 900a16	900a	16	no-corpus	
page-097-R:40	εται 22. 901a35	901a	35	no-corpus	
page-097-R:40	46. 904b1	904b	1	no-corpus	
page-097-R:40	ιθ3. 917b30	917b	30	no-corpus	
page-097-R:44	612. 1581a42	1581a	42	no-corpus	
page-097-R:45	πα29. 862b37	862b	37	no-corpus	
page-097-R:46	58. 947a20	947a	20	no-corpus	
page-097-R:49	πιγ5. 908a21	908a	21	no-corpus	
page-097-R:49	πβ22. 868a35	868a	35	no-corpus	
page-097-R:49	λ1. 955 a28	955a	28	no-corpus	
page-097-R:50	λζ1. 965b20	965b	20	no-corpus	
page-097-R:50	φτα1. 815a19	815a	19	no-corpus	
page-097-R:51	β9. 828b11	828b	11	no-corpus	
page-097-R:55	πκα24. 929b29	929b	29	no-corpus	
page-097-R:56	λη10. 967b22	967b	22	no-corpus	
page-097-R:58	πκγ20. 933b21	933b	21	no-corpus	
page-098-L:2	πα52. 865b30	865b	30	no-corpus	
page-098-L:2	ε34. 884a38	884a	38	no-corpus	
page-098-L:2	λζ3. 966a26	966a	26	no-corpus	
page-098-L:15	πο4. 1449a20	1449a	20	seam	
page-098-L:17	πλ1. 954b30	954b	30	no-corpus	
page-098-L:27	πδ8. 877a38	877a	38	no-corpus	
page-098-L:31	387. 1542b11	1542b	11	no-corpus	
page-098-L:31	388. 1542b17	1542b	17	no-corpus	
page-098-L:31	401. 1545a14	1545a	14	no-corpus	
page-098-L:47	πκ14. 924a37	924a	37	no-corpus	
page-098-L:51	πκ13. 924a26	924a	26	no-corpus	
page-098-L:51	κε18. 939b17	939b	17	no-corpus	
page-098-L:52	πλε4. 965a6	965a	6	no-corpus	
page-098-L:52	η10. 888a27	888a	27	no-corpus	
page-098-L:53	πκε21. 939b39	939b	39	no-corpus	
page-098-L:55	443. 1550b40	1550b	40	no-corpus	
page-098-R:4	Οβ13. 294a4	294a	4	seam	
page-098-R:9	3. 885b31	885b	31	no-corpus	
page-098-R:13	πκγ13. 933a11	933a	11	no-corpus	
page-098-R:14	πε19. 882b30	882b	30	no-corpus	
page-098-R:17	πβ12. 867b4	867b	4	no-corpus	
page-098-R:22	πη10. 888a28	888a	28	no-corpus	
page-098-R:23	ρ37. 1442b6	1442b	6	no-corpus	
page-098-R:24	ημα14. 1188 b6	1188b	6	no-corpus	
page-098-R:26	φτα1. 815b22	815b	22	no-corpus	
page-098-R:26	ξ2. 977a6	977a	6	seam	
page-098-R:30	πα33. 863a18	863a	18	no-corpus	
page-098-R:32	248. 1523b23	1523b	23	no-corpus	
page-098-R:33	πκδ9. 936b36	936b	36	no-corpus	
page-098-R:41	πιε6. 911b14	911b	14	no-corpus	
page-098-R:61	πγ20. 874a17	874a	17	no-corpus	
page-099-L:3	πγ20. 874a14	874a	14	no-corpus	
page-099-L:6	πλα17.959a17	959a	17	no-corpus	
page-099-L:14	πλ5. 955b31	955b	31	no-corpus	
page-099-L:35	Μγ1. 1003a24	1003a	24	seam	
page-099-L:41	385. 1542a22	1542a	22	no-corpus	
page-099-L:54	Πβ12. 1274b20	1274b	20	seam	
page-099-L:55	πκθ14. 952a20	952a	20	no-corpus	
page-099-L:56	374. 1540b2	1540b	2	no-corpus	
page-099-R:1	13. 294a4	294a	4	seam	
page-099-R:8	Ρβ18. 1391b33	1391b	33	tail	1-32
page-099-R:9	φτα 1. 815b18	815b	18	no-corpus	
page-099-R:10	2. 1421b9	1421b	9	no-corpus	
page-099-R:14	ρ2. 1421b21	1421b	21	no-corpus	
page-099-R:18	291. 1528b36	1528b	36	no-corpus	
page-099-R:24	ρ31. 1438a10	1438a	10	no-corpus	
page-099-R:25	ρ5. 1427a17	1427a	17	no-corpus	
page-099-R:25	ημβ7. 1205 a35	1205a	35	no-corpus	
page-099-R:34	πδ26. 879b7	879b	7	no-corpus	
page-099-R:48	Ζμδ1. 676a24	676a	24	seam	
page-100-L:10	Ζμγ6. 669b7	669b	7	seam	
page-100-L:29	ρ32. 1438b19	1438b	19	no-corpus	
page-100-L:29	35. 1439b29	1439b	29	no-corpus	
page-100-L:29	1440a11	1440a	11	no-corpus	
page-100-L:29	36. 1440b12	1440b	12	no-corpus	
page-100-L:30	37. 1442b31	1442b	31	no-corpus	
page-100-L:30	1445a13	1445a	13	no-corpus	
page-100-L:30	38.1445b15	1445b	15	no-corpus	
page-100-L:31	ρ1426a21	1426a	21	no-corpus	
page-100-L:31	35. 1440a25	1440a	25	no-corpus	
page-100-L:35	ε7. 17b2	17b	2	seam	
page-100-L:36	Πα13. 1260b23	1260b	23	seam	
page-100-L:37	δ1. 1288b35	1288b	35	seam	
page-100-L:53	ε7. 17b39	17b	39	seam	
page-100-R:2	ε7. 17 b5	17b	5	seam	
page-100-R:12	Κ10. 12 b8	12b	8	seam	
page-100-R:19	ε7. 17b38	17b	38	seam	
page-100-R:23	ρ16. 1432a6	1432a	6	no-corpus	
page-100-R:34	φτα1. 816a4	816a	4	no-corpus	
page-100-R:44	πβ34. 870a10	870a	10	no-corpus	
page-100-R:45	πβ24. 868b21	868b	21	no-corpus	
page-100-R:50	25, 509a17	509a	17	seam	
page-101-L:5	31. 943b31	943b	31	no-corpus	
page-101-L:6	394. 1543 b13	1543b	13	no-corpus	
page-101-L:7	395. 1543b35	1543b	35	no-corpus	
page-101-L:8	374. 1540b9	1540b	9	no-corpus	
page-101-L:9	πβ14. 867b13	867b	13	no-corpus	
page-101-L:15	Ργ1. 1403b16	1403b	16	seam	
page-101-L:23	πγ17. 873b4	873b	4	no-corpus	
page-101-L:29	φτβ6. 826b1	826b	1	no-corpus	
page-101-L:30	φτα1. 816a36	816a	36	no-corpus	
page-101-L:32	πα18. 861a36	861a	36	no-corpus	
page-101-L:33	πκθ14. 952b24	952b	24	no-corpus	
page-101-L:35	φτβ6. 826b2	826b	2	no-corpus	
page-101-L:36	Ζικ5. 637a13	637a	13	no-corpus	
page-101-L:42	πκθ13. 951b1	951b	1	no-corpus	
page-101-L:43	378. 1541a5	1541a	5	no-corpus	
page-101-L:47	πι44. 895b17	895b	17	no-corpus	
page-101-L:47	λγ15. 963a15	963a	15	no-corpus	
page-101-L:48	πκζ9. 948b26	948b	26	no-corpus	
page-101-L:50	πη17. 888b29	888b	29	no-corpus	
page-101-L:51	κγ18. 933b13	933b	13	no-corpus	
page-101-L:51	17. 942a21	942a	21	no-corpus	
page-101-L:51	λ1. 953b1	953b	1	no-corpus	
page-101-L:59	ηεβ11. 1228a6	1228a	6	seam	
page-101-L:60	πιθ48. 922b26	922b	26	no-corpus	
page-101-R:3	175. 1507b11	1507b	11	no-corpus	
page-101-R:10	ημβ6. 1203a30	1203a	30	no-corpus	
page-101-R:13	387. 1542b11	1542b	11	no-corpus	
page-101-R:25	Φζ1. 231a22	231a	22	seam	
page-101-R:26	1069 a10	1069a	10	seam	
page-101-R:29	Μβ5. 1003a34	1003a	34	seam	
page-101-R:35	πιε5. 911a27	911a	27	no-corpus	
page-101-R:37	Φη1. 242b25	242b	25	seam	
page-101-R:42	πγ9. 872a19	872a	19	no-corpus	
page-101-R:42	20. 874 a6	874a	6	no-corpus	
page-101-R:48	πδ29. 880 a28	880a	28	no-corpus	
page-101-R:58	ημα1. 1182 a23	1182a	23	no-corpus	
page-102-L:29	250. 1524b25	1524b	25	no-corpus	
page-102-L:29	πκ24. 925 b23	925b	23	no-corpus	
page-102-L:32	248. 1523b35	1523b	35	no-corpus	
page-102-L:33	πκα22. 929b11	929b	11	no-corpus	
page-102-L:35	πκε1. 937b4	937b	4	no-corpus	
page-102-L:40	13. 915b32	915b	32	no-corpus	
page-102-L:43	ρ37. 1442b22	1442b	22	no-corpus	
page-102-L:52	πιζ3. 916a26	916a	26	no-corpus	
page-102-L:52	πκθ14. 952b26	952b	26	no-corpus	
page-102-L:55	Φη2. 243a19	243a	19	seam	
page-102-L:55	Φη2. 243b15	243b	15	seam	
page-102-L:56	4. 913b16	913b	16	no-corpus	
page-102-R:7	ημα34. 1196a4	1196a	4	no-corpus	
page-102-R:12	πο4. 1449a7	1449a	7	seam	
page-102-R:13	πν2. 482a11	482a	11	no-corpus	
page-102-R:13	4. 483a18	483a	18	no-corpus	
page-102-R:15	πο4. 1449 a7	1449a	7	seam	
page-102-R:22	40. 1481a43	1481a	43	no-corpus	
page-102-R:24	πζ4. 886b7	886b	7	no-corpus	
page-102-R:32	Αδ1. 89b38	89b	38	seam	
page-102-R:45	ημα2. 1184a25	1184a	25	no-corpus	
page-102-R:45	17. 1189a5	1189a	5	no-corpus	
page-102-R:45	β6.1200b38	1200b	38	no-corpus	
page-102-R:45	8. 1207a6	1207a	6	no-corpus	
page-102-R:47	Φη4. 248a16	248a	16	seam	
page-102-R:48	πν2. 482a3	482a	3	no-corpus	
page-102-R:49	πν6. 484b7	484b	7	no-corpus	
page-102-R:49	9. 486a4	486a	4	tail	5-25
page-102-R:51	πιβ3. 906b19	906b	19	no-corpus	
page-102-R:52	πιγ4. 908a14	908a	14	no-corpus	
page-102-R:55	φτα3. 818a5	818a	5	no-corpus	
page-102-R:56	φτα4. 819b21	819b	21	no-corpus	
