class	column	line_id	line_idx	edits	subs	gt	model
letter	page-015-L	_d2ad834f-bd72-4ceb-9722-d864ee33c309	16	1	φ→ψ	806b23. — φαντάσματα ἀβέβαια (veluti λαμπάδες, δοκί-	806b23. — ψαντάσματα ἀβέβαια (veluti λαμπάδες, δοκί-
letter	page-015-L	_caf793d4-8a8b-4cd0-9ad2-5cb2f1e9ed02	37	1	M→I	cod Mb Fr).	cod Ib Fr).
letter	page-015-R	_ffeb9c4a-2c74-4af6-9cbe-8d2dd7700ca2	30	3	α→ᾳ ∅→ȣ ὰ→̀	ἀγαθῶν συστοιχία τὸ ἕν Ηα4. 1096b6. ἀγαθὸν κατὰ τὰς	ἀγαθῶν συστοιχίᾳ τὸ ἕν Ηα4. 1096b6. ἀγαθὸν κατὰ τȣ̀ς
letter	page-015-R	_c21628c2-bdec-4d93-884b-a74fbe44e832	35	1	e→ο	2. species τȣ͂ ἀγαθȣ͂ distinguuntur. τἀγαθὰ τὰ μὲν καθ'	2. spοcies τȣ͂ ἀγαθȣ͂ distinguuntur. τἀγαθὰ τὰ μὲν καθ'
letter	page-016-L	_b0c53820-59da-49d7-82d2-cb8f21eefefa	21	1	a→α	3. synonyma. τῷ ἀγαθῷ ϗ̀ κακῷ ἐν τῷ αὐτῷ γένει	3. synonymα. τῷ ἀγαθῷ ϗ̀ κακῷ ἐν τῷ αὐτῷ γένει
letter	page-016-L	_dfed0fbb-7a95-4b08-85cc-810547b00786	61	1	χ→κ	διελθεῖν ημβ11. 1208b7. ȣ̓ βέλτιον (i e ȣ̓χ ἀγαθόν) τι25.	διελθεῖν ημβ11. 1208b7. ȣ̓ βέλτιον (i e ȣ̓κ ἀγαθόν) τι25.
letter	page-016-R	_ac666bc3-3248-4cce-85e3-aea2e877ca95	16	1	f→l	ναιος f172. 1506b30. versus Homerici afferuntur τι4. 166	ναιος f172. 1506b30. versus Homerici alferuntur τι4. 166
letter	page-016-R	_87418ae9-867e-4769-8333-85beede02799	17	3	∅→B Β→   →∅	b7 (Β15. v l cf Wolf Prol p CLXVIII). Πγ16. 1287b14	b7 (B 15. vl cf Wolf Prol p CLXVIII). Πγ16. 1287b14
letter	page-016-R	_106d17bb-6f79-4ce0-9ab0-527ad2d4d2ca	18	6	Β→8 ∅→  Ι→I ∅→  ∅→   →∅	(Β372). Ργ11.1413a32 (Ι388). f144.1502b30 (Γ277).	(8372). Ργ11. 1413a32 (I388). f 144. 1502b30(Γ277).
letter	page-016-R	_08a1a2a1-8399-444e-8608-64a314b67fdf	22	1	v→ν	ἀγαμένως v. ἄγασθαι.	ἀγαμένως ν. ἄγασθαι.
letter	page-016-R	_d86614c4-cd69-4fb2-8b44-654907b301fd	51	1	ὁ→ἐ	πητὸν μεῖζον ἀγαθόν Ρα7. 1365b16, 19. τοῖς ὁρῶσι τὸ ὁρᾶν	πητὸν μεῖζον ἀγαθόν Ρα7. 1365b16, 19. τοῖς ἐρῶσι τὸ ὁρᾶν
letter	page-017-R	_429086dd-d123-47e3-ae6c-f3e3d7187e08	12	1	τ→κ	τετραπόδων ζῳοτοκȣ́ντων Ζιθ7. 595b15. 23. 604a13. ι50.	τετραπόδων ζῳοκοκȣ́ντων Ζιθ7. 595b15. 23. 604a13. ι50.
letter	page-017-R	_1a865f98-f35f-46eb-879f-d5a1bb6b5d0c	48	1	X→∅	Ἀγησίπολις ci Muretus Spgl Bk3 coll Xen Hell 4, 7, 2 pro	Ἀγησίπολις ci Muretus Spgl Bk3 coll en Hell 4, 7, 2 pro
letter	page-018-L	_9b839c99-6052-4ab9-9432-7804886e5281	21	1	Β→B	ἀγνοεῖ Ρα9. 1368b12. ἀγνοῶν ϗ̀ (ϗ̀ Βk3, ἢ Bk) ἄκων, ἑκὼν	ἀγνοεῖ Ρα9. 1368b12. ἀγνοῶν ϗ̀ (ϗ̀ Bk3, ἢ Bk) ἄκων, ἑκὼν
letter	page-018-L	_75d2bf40-45c7-4566-8160-10ff13c5ce46	30	1	e→c	(i e non intellexit) Γα1. 314a13. ὅσα εἰρημένα ἀγνοȣμενά	(i e non intcllexit) Γα1. 314a13. ὅσα εἰρημένα ἀγνοȣμενά
letter	page-018-L	_6216e138-4a9e-4b56-9a8c-338ee679dcaf	61	2	,→∅ ∅→ν	λοις Πε11. 1313b5. ἀγνῶτες, opp γνώριμοι, συνήθεις, syn	λοις Πε11. 1313b5. ἀγνῶτες opp γνώριμοιν, συνήθεις, syn
letter	page-018-R	_d832dc68-90fb-408f-a86d-eb6ebf9d9951	3	1	ι→∅	εὔνοια γίνεται ϗ̀ πρὸς ἀγνῶτας (cf θ2. 1155b35, an ἀγνιῶτας	εὔνοια γίνεται ϗ̀ πρὸς ἀγνῶτας (cf θ2. 1155b35, an ἀγνῶτας
letter	page-019-L	_8aef22d0-874d-4a01-a519-459205b1fd36	37	1	∅→ι	διαιρεῖσθαι Ζια1. 488a30. Ζμα3. 643b3. π45. 895b24.	διαιρεῖσθαι Ζια1. 488a30. Ζμα3. 643b3. πι45. 895b24.
letter	page-019-L	_3bd32e5d-a29a-4e99-895d-2dc96ec8fe40	44	2	∅→ι ∅→͂	1254b11. π45. 896a2. ἅπαξ τȣ ἐνιαυτȣ͂ τίκτει τὰ πολλὰ	1254b11. πι45. 896a2. ἅπαξ τȣ͂ ἐνιαυτȣ͂ τίκτει τὰ πολλὰ
letter	page-019-L	_0685a089-1021-4ab1-b524-5c182dac3e25	51	1	ω→∅	ϗ̀ αὐτὰ τὰ ἀγριώτατα Ζιι1. 608b35. ἡμερώτατον τῶν ἀγρίων	ϗ̀ αὐτὰ τὰ ἀγριώτατα Ζιι1. 608b35. ἡμερώτατον τῶν ἀγρίν
letter	page-019-L	_79327ca1-185a-4bc3-84f2-33943a6ed9b5	58	1	ρ→ο	b3. Ζγε3. 783a15. Ηγ13. 1118a22. τετράποδα ἄγρια, τε-	b3. Ζγε3. 783a15. Ηγ13. 1118a22. τετράποδα ἄγοια, τε-
letter	page-019-R	_ec083959-596a-401b-9de4-f7e9f4c62863	19	1	ἔ→ὄ	1193a13, 16). 1. proprie, ζῷα ἄγροικα, dist ἔρεια, συναν-	1193a13, 16). 1. proprie, ζῷα ἄγροικα, dist ὄρεια, συναν-
letter	page-021-L	_07215160-81ee-4829-a0b8-77802ba33c05	26	4	r→∅ u→m c→e ὐ→ὑ	structa cum dativo subiecti, veluti ὁ κριτὴς οἴεται οὐχ αὐτῷ	stmeta cum dativo subiecti, veluti ὁ κριτὴς οἴεται οὐχ αὑτῷ
letter	page-021-R	_a62346dd-475b-4f3c-b6e1-b49fb29cc150	4	2	H→Η ∅→ 	τὸν αὑτὸν ἀδικεῖν Hε15. 11. 1136a33. 12.1136b17. ημα34.	τὸν αὑτὸν ἀδικεῖν Ηε15. 11. 1136a33. 12. 1136b17. ημα34.
letter	page-021-R	_6808cd5e-3c4f-4718-bf77-9f8257d3f8ba	11	2	P→Ρ P→Ρ	κημάτων εἴδη Pα13. ἀδίκημα μεῖζον τί Pα14. 3. 1359a25.	κημάτων εἴδη Ρα13. ἀδίκημα μεῖζον τί Ρα14. 3. 1359a25.
letter	page-023-L	_b6e37aaa-7845-464e-b975-8b7fae2a21e7	41	2	τ→∅ ὸ→ὼ	τὸ εἰκὸς ȣ̓ τὸ ἀεὶ ἀλλὰ τὸ ὡς ἐπὶ τὸ πολύ Ρβ25. 1402	ὼ εἰκὸς ȣ̓ τὸ ἀεὶ ἀλλὰ τὸ ὡς ἐπὶ τὸ πολύ Ρβ25. 1402
letter	page-023-L	_609e9ffb-38ff-40b0-9528-c296786fedd2	50	1	ö→S	Göttling ad Pol p 303. — pro ἀεὶ Ρβ23. 1398a12 restituit	GSttling ad Pol p 303. — pro ἀεὶ Ρβ23. 1398a12 restituit
letter	page-023-L	_8fc8d4fb-09e5-4909-9c98-ba29931b4fd9	59	3	∅→I H→I ∅→f	ἀεικίζειν (Hom Ω54) Ρβ23. 1380b29.	ἀεικίζειν (IIom fΩ54) Ρβ23. 1380b29.
letter	page-023-R	_69306b67-6d51-40eb-88f8-15f046dc1da1	1	1	è→S	ἀεισκῶπες descr Ζιι28. 617b31-618a7. (espèce de petits	ἀεισκῶπες descr Ζιι28. 617b31-618a7. (espSce de petits
letter	page-023-R	_4bd872f5-0bfd-4ce3-8b52-073f6304c7c1	24	1	∅→γ	ζ6. 563b5, eorum nomina: πύγαργος (sive νεβροφόνος), πλά-	ζ6. 563b5, eorum nomina: πύγαργος (sive νεβροφόνος), πλάγ-
letter	page-023-R	_c21df72e-92d4-4fca-8613-b5b2a0f3ae0c	28	2	∅→α ά→ί	ἐκ τȣ͂ ζεύγȣς τῶν ἀετῶν θάτερον τῶν ἐγγόνων ἁλιάετος γίνεται	ἐκ τȣ͂ ζεύγȣς τῶν ἀετῶν θάτερον τῶν ἐγγόνων ἁλιαίετος γίνεται
letter	page-023-R	_74ad3c23-520f-498a-be37-2784df556407	51	2	∅→ȣ ὰ→̀	a23, 800a26. ἴδιον ἀηδόνι παρὰ τὰς ἄλλȣς ὄρνιθας τὸ μὴ ἔχειν	a23, 800a26. ἴδιον ἀηδόνι παρὰ τȣ̀ς ἄλλȣς ὄρνιθας τὸ μὴ ἔχειν
letter	page-024-L	_ed944a12-3579-43be-8fe9-955a7af1c346	30	1	∅→γ	διὰ τὴν πληγὴν τῇ κινήσει γίνεται πῦρ Οβ7. 289a27. —	διὰ τὴν πληγὴν τῇ κινήσει γίγνεται πῦρ Οβ7. 289a27. —
letter	page-024-R	_6ebdc5ee-61f6-42d5-8647-aed4b75e12b8	21	2	∅→ȣ ὰ→̀	περιτίθεμεν Πθ6. 1341b7. Ἀ. ἀπέβαλε τὰς αὐλȣ́ς Πθ6.	περιτίθεμεν Πθ6. 1341b7. Ἀ. ἀπέβαλε τȣ̀ς αὐλȣ́ς Πθ6.
letter	page-025-L	_67e28b32-3781-469a-9f3b-427cedcc0c44	5	3	∅→Φ Ἰ→Π Ἀ→Ἄ	οβ 1347a4. Τιμόθεος, Χαβρίας, Πυθοκλῆς, Ἰφικράτης Ἀθ.	οβ 1347a4. ΦΤιμόθεος, Χαβρίας, Πυθοκλῆς, Πφικράτης Ἄθ.
letter	page-025-L	_18a9503c-d6f1-4308-a827-3bc6070983bb	10	3	 →ν ν→  ȣ→̀	ἀθλητής, opp ἰδιώτης Ηγ11. 1116b13. κληρȣ͂ ντȣς ἀθλητάς	ἀθλητής, opp ἰδιώτης Ηγ11. 1116b13. κληρȣ͂ν τ̀ς ἀθλητάς
letter	page-025-L	_f5a977f5-d1c9-442c-ae82-7f04c78e254b	38	1	δ→θ	ἄθροισις ὑγρȣ͂, νεφῶν πδ1. 889b12. κϛ56. 946b35. αἱ τῶν	ἄθροισις ὑγρȣ͂, νεφῶν πθ1. 889b12. κϛ56. 946b35. αἱ τῶν
letter	page-025-R	_44496ffa-3131-47c6-b27b-5b719ff6e962	5	2	∅→ο ∅→ο	ἀθρωτέρα μα12. 348b22. ὄψις ἀθρωτέρα πλα16. 959a6.	ἀθροωτέρα μα12. 348b22. ὄψις ἀθροωτέρα πλα16. 959a6.
letter	page-025-R	_99e9b97b-3305-4aa0-a4b1-5d151c1fb20f	6	1	∅→ο	τὸ ἀθρώτερον ἥδιον ἢ πολλῷ κεκραμένον τῷ χρόνῳ πο26.	τὸ ἀθροώτερον ἥδιον ἢ πολλῷ κεκραμένον τῷ χρόνῳ πο26.
letter	page-025-R	_6e5dd389-3548-427a-ae8d-64a244707bcd	17	1	∅→ν	ἄθυμος. ἔθη ἄθυμα, opp ἔνθυμα Πη7. 1327b28, 30. ἀθύμȣ	ἄθυμος. ἔθνη ἄθυμα, opp ἔνθυμα Πη7. 1327b28, 30. ἀθύμȣ
letter	page-025-R	_061f5e71-ddca-44c0-b1bb-6bf192ec16ac	28	2	e→c Α→A	Αἴας, versus Hom affertur Ρβ9. 1387a34 (Λ 542). Αἴας	Αἴας, versus Hom affcrtur Ρβ9. 1387a34 (Λ 542). Aἴας
letter	page-026-L	_1f767efa-986f-40f9-9fbe-cc4fdb5f30e5	10	1	a→α	ἐπλήθυνaν f 432. 1549b24. Αἰγινητῶν πολιτεία f 432.	ἐπλήθυναν f 432. 1549b24. Αἰγινητῶν πολιτεία f 432.
letter	page-026-R	_1724b81b-5227-4757-8825-e998e1e6897a	20	1	ȣ→ὐ	a23. ȣ̓δὲν ὡς ἔτυχεν ȣ̓δ’ ἀπὸ ταȣτομάτȣ ἐν τοῖς ἀιδίοις	a23. ȣ̓δὲν ὡς ἔτυχεν ȣ̓δ’ ἀπὸ ταὐτομάτȣ ἐν τοῖς ἀιδίοις
letter	page-026-R	_3e28872a-b4bd-4261-9a6c-a0f8b6c21f7e	29	2	ί→ὶ a→α	ἀίδιον ἐπί). ἀίδιον τὸ πᾶν, τὸ ὅλον μβ3. 356b8. a14. 353	ἀίδιον ἐπὶ). ἀίδιον τὸ πᾶν, τὸ ὅλον μβ3. 356b8. α14. 353
letter	page-026-R	_caef636a-3342-444a-8a46-c7e11a01f80f	44	1	i→ί	αἰδοῖον. 1. notio. proprie αἰδοῖον usurpatur de membro geni-	αἰδοῖον. 1. notίo. proprie αἰδοῖον usurpatur de membro geni-
letter	page-027-R	_fbcecca6-4785-4ba4-b382-68894b26a4cd	52	1	Ι→I	b9 (chat C, felis, felis domesticus et catus S K Cr Su AZιΙ 63).	b9 (chat C, felis, felis domesticus et catus S K Cr Su AZιI 63).
letter	page-027-R	_7a21e949-6a70-42f2-bcf7-bd9f4142e915	58	1	μ→ι	Ζια1. 487a3. Ζμβ2. 647b12. ὑγρὸν ϗ̀ θερμὸν ἀεί, ἔχον τὸν	Ζια1. 487a3. Ζιβ2. 647b12. ὑγρὸν ϗ̀ θερμὸν ἀεί, ἔχον τὸν
letter	page-028-R	_0b0486da-e01e-4f57-ba48-2acdce83d4f2	46	1	ἷ→ὡ	891a13. ὁ πέλλος αἷμα υἷς φασὶν ἀφίησιν ἐκ τῶν ὀφθαλ-	891a13. ὁ πέλλος αἷμα υὡς φασὶν ἀφίησιν ἐκ τῶν ὀφθαλ-
letter	page-028-R	_a67725b2-7d67-4249-bbac-591301b1f092	53	1	ο→δ	συνορομὴ (εἰς τὸν πληγέντα τόπον) τὸ ἐρύθημά ἐστιν πθ3.	συνδρομὴ (εἰς τὸν πληγέντα τόπον) τὸ ἐρύθημά ἐστιν πθ3.
letter	page-029-L	_36a9e141-d4fc-4b59-8b7e-20d280fb1ab8	56	2	κ→ϗ .→̀	a1. η10. 587a31. Ζγδ1. 765b25. σὰρξ ἐρυθρὰ κ. αἱματώ-	a1. η10. 587a31. Ζγδ1. 765b25. σὰρξ ἐρυθρὰ ϗ̀ αἱματώ-
letter	page-029-R	_3a868663-01f3-45b0-9128-27053db6bce5	1	4	η→ῃ ς→ξ ’→' ὕ→ὔ	ϗ̀ γὰρ αὕτη αἱμορροΐς ἐστιν, ἀλλ’ ἐκεῖναι μὲν διὰ νόσον, αὕτη	ϗ̀ γὰρ αὕτῃ αἱμορροΐξ ἐστιν, ἀλλ' ἐκεῖναι μὲν διὰ νόσον, αὔτη
letter	page-029-R	_10512e7b-46eb-42c9-b46a-9503a737d90b	32	1	a→α	p 317. — a, (anatom et physiol) χρόα, χρόας μεταβολή	p 317. — α, (anatom et physiol) χρόα, χρόας μεταβολή
letter	page-029-R	_d3d006f4-c87e-4e58-b7c8-ff5127c19cc9	39	2	ι→∅ α→η	ἀναπνεῖν αἶγας κατὰ τὰ ὦτα Ζια11. 492a14. ἐν τοῖς μιαροῖς	ἀναπνεῖν αἶγας κατὰ τὰ ὦτα Ζια11. 492a14. ἐν τοῖς μηροῖς
letter	page-030-L	_171757dd-ecef-44f1-b545-16a0ab636c4e	25	1	o→ο	Αἰολίς oβ1351b19.	Αἰολίς οβ1351b19.
letter	page-030-R	_ccd3ea0b-5600-4674-9a69-6e8817944eff	1	1	Η→Μ	Ηα1. 1094a20, 19. καθ' αὐτὸ διώκει ϗ̀ αἱρεῖται Ηη10.	Μα1. 1094a20, 19. καθ' αὐτὸ διώκει ϗ̀ αἱρεῖται Ηη10.
letter	page-030-R	_4e64ce13-c991-4d1d-94f2-87f8ceec6f94	56	1	Ζ→Z	falconum species St Su p 100 n 13 AΖι I 93).	falconum species St Su p 100 n 13 AZι I 93).
letter	page-031-L	_528a0588-9852-4330-8f82-6e9a8b97584e	31	3	ὐ→ὑ ∅→ȣ ῷ→͂	απ. κ. λ. III 7). Ηι7. 1170a31. αὐτῷ (codd αὐτὸ) αἰσθά-	απ. κ. λ. III 7). Ηι7. 1170a31. αὑτȣ͂ (codd αὐτὸ) αἰσθά-
letter	page-032-L	_fe8e59e5-ee05-4680-9aef-90a810d72ab8	18	2	.→, l→d	σις. list φαντασία ψγ3. 428a5-16, 27. β2. 413b22. Μγ5.	σις, dist φαντασία ψγ3. 428a5-16, 27. β2. 413b22. Μγ5.
letter	page-033-L	_7c68777b-7e31-40d8-b485-24b8d68ac4ac	23	1	σ→ν	αἰσθάνεσθαι transfertur (cf ποίησις, πρᾶξις sim) ad ea quae	αἰσθάνενθαι transfertur (cf ποίησις, πρᾶξις sim) ad ea quae
letter	page-033-L	_bee91e05-8182-4843-92dd-4fd356b41be5	28	3	ᶜ→o  →∅ I→1	(αἰσθήσει cod Aᶜ, Vhl II, ἐσθῆτι Bk).	(αἰσθήσει cod Ao, Vhl1I, ἐσθῆτι Bk).
letter	page-034-L	_8f8c194d-6d55-4e2e-bc8c-061788a9a405	42	1	Δ→Λ	ὁ λογοποιὸς ηὐδοκίμει f 533. 1566b30, 34. οἱ Δελφοὶ ἀνε-	ὁ λογοποιὸς ηὐδοκίμει f 533. 1566b30, 34. οἱ Λελφοὶ ἀνε-
letter	page-034-R	_a9ca5392-4754-40cf-a2cd-4cb0ad43edf8	12	1	a→α	αἰτία, τὸ αἴτιον. a. αἴτια, dist σημεῖα, συμπτώματα μτ1.	αἰτία, τὸ αἴτιον. α. αἴτια, dist σημεῖα, συμπτώματα μτ1.
letter	page-034-R	_f597046f-0cc7-460c-be0d-48e5c35e9e7c	13	1	χ→ξ	462b27. τὸ καθὸ ἰσαχῶς ϗ̀ τὸ αἴτιον ὑπάρχει Μδ18. 1022	462b27. τὸ καθὸ ἰσαχῶς ϗ̀ τὸ αἴτιον ὑπάρξει Μδ18. 1022
letter	page-035-R	_c6afe103-f475-47f8-a1e5-f2ea2d13fdd3	25	2	ι→∅ '→’	ἀκαλήφη. καλȣ͂σιν οἱ μὲν κνίδας οἱ δ' ἀκαλήφας Ζμδ5. 681	ἀκαλήφη. καλȣ͂σν οἱ μὲν κνίδας οἱ δ’ ἀκαλήφας Ζμδ5. 681
letter	page-035-R	_52f14cdc-f32d-4c9a-ac8c-8b8e2ab10983	41	1	a→α	ἄκανθα. 1. μόριον τȣ͂ τῶν ζῴων σώματος. a. (vocabuli usus)	ἄκανθα. 1. μόριον τȣ͂ τῶν ζῴων σώματος. α. (vocabuli usus)
letter	page-036-L	_73d23758-1822-4e3c-b975-51bb4b1b4111	24	1	j→∅	a15, 18 (spinax Gazae C S, squalus acanthias Ζιζ10 et raja	a15, 18 (spinax Gazae C S, squalus acanthias Ζιζ10 et raa
letter	page-036-L	_6e6965f6-e299-455e-82b3-837ed0e67984	25	1	Ζ→Z	acanthias Ζιι37 St, squalus acanthias K Cr, acanthias vul-	acanthias Zιι37 St, squalus acanthias K Cr, acanthias vul-
letter	page-036-L	_22ff0665-b253-4725-9926-3840dbcf5a6d	31	1	v→ν	ἀκανθίς, avis. ἀκανθοφάγος, ἐπὶ ἀκανθῶν νέμεται, τίσι ζῴοις	ἀκανθίς, aνis. ἀκανθοφάγος, ἐπὶ ἀκανθῶν νέμεται, τίσι ζῴοις
letter	page-036-L	_7c947b42-8127-4647-bedd-e805c65469e6	38	1	ί→ύ	ἄκανθος. τῆς ἀκάνθȣ εἶδος περὶ τὴν Ἐρίθειαν διαποίκιλον τὴν	ἄκανθος. τῆς ἀκάνθȣ εἶδος περὶ τὴν Ἐρύθειαν διαποίκιλον τὴν
letter	page-036-L	_bafe2e4a-78b9-46e1-b6c6-ad6141fe64cf	39	1	L→D	χρόαν f 253. 1524b39 (Acacia vera W. cf Landsberg in Ja-	χρόαν f 253. 1524b39 (Acacia vera W. cf Dandsberg in Ja-
letter	page-036-L	_044b7181-2afb-42ea-9d3a-020e8666bf8a	49	1	θ→δ	τροφὴ ἀκανθώδης ϗ̀ ξυλικὴ τῶν πολυκοιλίων Ζμγ14. 674	τροφὴ ἀκανδώδης ϗ̀ ξυλικὴ τῶν πολυκοιλίων Ζμγ14. 674
letter	page-037-R	_76128c57-9ef9-46a1-984d-f3fb498f09eb	48	1	∅→γ	μοία γίνεται ακ803b8. ἀκοὴ δεξιά, ἀριστερά πλα29. 960	μοία γίγνεται ακ803b8. ἀκοὴ δεξιά, ἀριστερά πλα29. 960
letter	page-038-L	_cffa569e-207b-433e-8d02-b269ec3b264c	13	6	∅→ȣ ὰ→̀ ̔→̓ ῃ→η ∅→ȣ ὰ→̀	ἀκολȣθεῖν. μετὰ τὰς συνδέσμȣς, ȣ̔ς ἂν προείπῃς, ἀποδίδȣ τὰς	ἀκολȣθεῖν. μετὰ τȣ̀ς συνδέσμȣς, ȣ̓ς ἂν προείπης, ἀποδίδȣ τȣ̀ς
letter	page-038-L	_f0f130a7-7e18-40fd-bcc8-a86da769f770	40	2	 →∅ ἡ→∅	γέθει ἡ κίνησις· διὰ γὰρ τὸ τὸ μέγεθος εἶναι συνεχὲς ϗ̀ ἡ	γέθει ἡ κίνησις· διὰ γὰρ τὸ τὸ μέγεθος εἶναι συνεχὲς ϗ̀
letter	page-038-R	_e6c39a6a-b4f4-4a22-9169-0413f656f557	11	2	∅→͂ κ→χ	ρον λέγεται τὸ μὴ ἀντιστρέφον κατὰ τὴν τȣ εἶναι ἀκολȣ-	ρον λέγεται τὸ μὴ ἀντιστρέφον κατὰ τὴν τȣ͂ εἶναι ἀχολȣ-
letter	page-038-R	_d6f768dc-099b-4a3c-abba-837bf35cff1e	54	1	a→α	ἀκȣειν. ἅμα ἀκȣει ϗ̀ ἀκήκοε αι6. 446b2 (cf αἰσθάνεσθαι a).	ἀκȣειν. ἅμα ἀκȣει ϗ̀ ἀκήκοε αι6. 446b2 (cf αἰσθάνεσθαι α).
letter	page-039-L	_b4d17eb1-74f7-40c2-8f08-99cac0b3fb04	37	2	Ἀ→∅ Ἐ→∅	Ἀκραγαντῖνος Ἐμπεδοκλῆς Οα10. 279b16. Ἀκραγαντίνων	κραγαντῖνος μπεδοκλῆς Οα10. 279b16. Ἀκραγαντίνων
letter	page-039-R	_4e845d7b-3d8e-4c0a-babe-c4f118c8fea2	61	12	σ→V ε→c ς→ν ,→ν ῦ→θ σ→∅ β→θ ἔ→ἐ Ρ→P γ→0 ∅→. a→1	σεως, ἐνταῦθα ἥκιστα ἀκρίβεια ἔνι Ργ12. 1414a16. —	Vcωνν ἐνταθθα ἥκιτα ἀκρίθεια ἐνι P012.. 1414116. —
letter	page-040-L	_5c2edffd-e824-4951-86ea-6840d0edce12	50	2	∅→ȣ ὰ→̀	μένȣς Πη12. 1331b18. ἀκριβολογεῖσθαι, opp ἐκ παρόδȣ τὰς	μένȣς Πη12. 1331b18. ἀκριβολογεῖσθαι, opp ἐκ παρόδȣ τȣ̀ς
letter	page-041-R	_5a552dee-3fd6-4bc3-948a-b827963a5aa5	35	3	∅→ο ∅→π ȣ→ό	ἀκτὴ στενȣρος (apud Lycophronem cf h v) Ργ3. 1405b36.	ἀκτὴ στενοπόρος (apud Lycophronem cf h v) Ργ3. 1405b36.
letter	page-042-L	_fb74eeeb-c3e0-4f29-b772-66435422e01f	2	2	∅→̀ ύ→ȣ	ποιεῖν τȣς φαύλȣς νόμȣς ἀκύρȣς ρ37. 1443b28. ἄκυρον τὸ	ποιεῖν τȣ̀ς φαύλȣς νόμȣς ἀκȣρȣς ρ37. 1443b28. ἄκυρον τὸ
letter	page-043-L	_8ff573e1-097e-4ba9-b63b-f1dc5add64f2	8	1	M→l	mas L St K Cr AZι I 77 n 13 Su 137 n 106 M 299).	mas L St K Cr AZι I 77 n 13 Su 137 n 106 l 299).
letter	page-043-L	_a6fd8d0e-4293-41b8-a98c-ad4818632985	37	1	ύ→ώ	ᾠοῖς ἀλεύρα Ζγγ3. 754b8. — ἀλεωρὰν ἔχειν Ζμδ5. 679	ᾠοῖς ἀλεώρα Ζγγ3. 754b8. — ἀλεωρὰν ἔχειν Ζμδ5. 679
letter	page-043-R	_cd094cd3-d9b4-4f58-8e9a-0decf4699ca0	23	1	ὴ→∅	4. 17a3. 10. 20a34. Ηδ13. 1127a19. οἷς ἀληθεύει ἡ ψυχὴ	4. 17a3. 10. 20a34. Ηδ13. 1127a19. οἷς ἀληθεύει ἡ ψυχ
letter	page-044-R	_bd2eb5ba-df03-43a8-8e09-72a1e8195dcf	11	1	Ζ→Z	munis ad Ζι 32. 34 Su 106 n 30 AΖι I 77 n 1d).	munis ad Ζι 32. 34 Su 106 n 30 AZι I 77 n 1d).
letter	page-044-R	_c41d3349-48cb-499f-b28d-714557aa5816	37	4	ώ→ῴ ῃ→η Ι→I Β→B	ἀλίσκεσθαι. ἄστυ ἀλώῃ (Hom Ι 592) Ρα7. 1365a13. Βα-	ἀλίσκεσθαι. ἄστυ ἀλῴη (Hom I 592) Ρα7. 1365a13. Bα-
letter	page-045-L	_00a9ad65-fea6-4996-9b8c-e5bdc9dfa92a	2	1	τ→∅	1373b18. β23. 1397a11. exempla τȣ͂ ψυχρȣ͂ κατὰ τὴν	1373b18. β23. 1397a11. exempla τȣ͂ ψυχρȣ͂ καὰ τὴν
letter	page-045-L	_16990988-12bd-4754-9375-c70354460200	34	2	∅→I Π→I	φον ποικίλας ἀλκυόνος (Simonid fr 12) Ζιε8. 542b10. (? C Π	φον ποικίλας ἀλκυόνος (Simonid fr 12) Ζιε8. 542b10. (? C II
letter	page-045-L	_ec0f59d6-c83e-47c5-9739-51e1a10975b1	38	1	Ζ→Z	cedinis smyrnensis Su 133 n 98, alcedo ispida ΛΖι I 77	cedinis smyrnensis Su 133 n 98, alcedo ispida ΛZι I 77
letter	page-045-L	_92b4939c-1be2-4847-bbd8-906f6fedaad9	45	3	∅→ȣ ὰ→̀ ὰ→̀	1376a28. κἂν μὴ πρὸς τὰς ἐνδόξȣς, ἀλλὰ πρὸς τὰς ἄλλȣς	1376a28. κἂν μὴ πρὸς τȣ̀ς ἐνδόξȣς, ἀλλὰ πρὸς τ̀ς ἄλλȣς
letter	page-045-L	_dc02d0a5-efcf-4775-abb8-3e9faf2fe683	58	1	K→Κ	tatum Aristoteli, veluti K5. 3b19. Αγ6. 74b17. τα7. 103	tatum Aristoteli, veluti Κ5. 3b19. Αγ6. 74b17. τα7. 103
letter	page-045-L	_c8b3c2bc-49ad-4a7b-91aa-31963b1b4d06	61	26	1→C 0→' 3→2 5→6 a→2 8→2  →∅ π→2 ο→3 6→θ 5→6 a→' 5→. t→n e→n ∅→n u→m a→n  →∅ s→a f→∅ c→n t→' i→d o→n e→ι	10. 1135a18. πο16. 1455a5 al; interdum ad significationem	C'. 1126212.231θ. 1465'. al; innnrdnmm ndaigniina'dnnιm
letter	page-045-R	_6ada1a66-3e39-4447-9887-d02cdb130733	7	2	ὁ→θ ̔→̓	ὁ χρόνος ȣ̔͂τος τῆς κυήσεως ἢ μή ἐστιν, ȣ̓δέν πω συνȣ͂πται	θ χρόνος ȣ̓͂τος τῆς κυήσεως ἢ μή ἐστιν, ȣ̓δέν πω συνȣ͂πται
letter	page-045-R	_233a2a4b-59c6-46b9-b7df-0d5f0f01736c	49	2	∅→ι ὑ→̓	μένῳ ὑποδήματος ἀντὶ νομίσματος Πα9. 1257a10. — ἀλ-	μένιῳ ̓ποδήματος ἀντὶ νομίσματος Πα9. 1257a10. — ἀλ-
letter	page-045-R	_8783ffaa-5759-4de0-b969-bf8b04b3ede3	60	12	ἄ→Λ λ→. ε→a τ→ῖ ὁ→̓ δ→∅ ε→̓ ξ→ι ι→8 ι→Γ ∅→. 6→9	ἄλλεται ὁ δεξιός Ζιθ24. 604a27.	Λλ.aῖαι ̓ ̓ι8ός ΖΓθ24.. 904a27.
letter	page-046-L	_00077d3c-105d-489e-8f18-3abdd382bea7	26	1	ν→∅	ἀλλοῖα σπȣδάσαι f 170. 1506b2. ἐστὶ τινὰ αὐξανόμενα ἃ	ἀλλοῖα σπȣδάσαι f 170. 1506b2. ἐστὶ τινὰ αὐξαόμενα ἃ
letter	page-046-R	_0076a5e7-c77b-40e0-bd06-f63138f588b8	49	1	ὲ→ὶ	Γβ11. 338a18. ἄλλως ȣ̓δὲν ὄντα χρήσιμα Ζμγ2. 663b4.	Γβ11. 338a18. ἄλλως ȣ̓δὶν ὄντα χρήσιμα Ζμγ2. 663b4.
letter	page-046-R	_151f8d7d-a786-4e42-a263-4f401eb5ed07	52	3	e→s ᾽→' ,→∅	men᾽ ἐὰν ἡμίπυρον ᾖ, σφοδρὸν δὲ ἄλλως ϗ̀ ἀθρόον κ4.	msn' ἐὰν ἡμίπυρον ᾖ σφοδρὸν δὲ ἄλλως ϗ̀ ἀθρόον κ4.
letter	page-047-R	_eb0c53ec-5983-403f-9433-10afc766eb4d	2	4	 →ν ν→  ᾽→' ᾽→'	μηδὲν ἀξιȣ͂ νἀξίωμ᾽ ἄλογον, ἀλλ᾽ ἢ ἐπαγωγὴν ἢ ἀπόδειξιν	μηδὲν ἀξιȣ͂ν ἀξίωμ' ἄλογον, ἀλλ' ἢ ἐπαγωγὴν ἢ ἀπόδειξιν
letter	page-047-R	_a6d1a00c-44d4-4259-ac5e-3fa7e99f4aac	24	2	M→∅  →Μ	phytorum, alcyonia Cr, polyparium ignotum M 168, cf AZι	phytorum, alcyonia Cr, polyparium ignotum Μ168, cf AZι
letter	page-048-R	_93ef5863-c428-4e64-904d-4c48293f7e06	39	2	∅→ȣ ῆ→͂	γένεσις Ζιζ10. 565b1 πῶς βοηθῆσι πρὸς τὸ ἄγκιστρον Ζιι	γένεσις Ζιζ10. 565b1 πῶς βοηθȣ͂σι πρὸς τὸ ἄγκιστρον Ζιι
letter	page-049-L	_1d726357-2e0d-4f67-949e-9a6d6dc5fa33	14	1	Ι→I	ἀμαθύνει (Hom Ι 593) Ρα7. 1365a14.	ἀμαθύνει (Hom I 593) Ρα7. 1365a14.
letter	page-049-L	_e9633e77-0970-4d65-a9e6-7f9a75420f3e	44	2	ἁ→ἀ δ→ο	ἁμάρτημα. ἐν τοῖς ἀιδίοις ȣ̓δὲν ȣ̓́τε κακὸν ȣ̓́τε ἁμάρτημα	ἀμάρτημα. ἐν τοῖς ἀιδίοις ȣ̓οὲν ȣ̓́τε κακὸν ȣ̓́τε ἁμάρτημα
letter	page-049-R	_4c298902-cc97-472c-bde6-be4eef9c36e6	18	2	α→∅ υ→ȣ	ἀμαυρȣ͂ν. ἀμαυρȣ͂ται τὸ θερμόν μβ8. 367b28. Ζμγ4. 667a19.	ἀμαυρȣ͂ν. ἀμȣρȣ͂ται τὸ θερμόν μβ8. 367b28. Ζμγ4. 667a19.
letter	page-049-R	_e32692ee-d361-4ddc-8b11-ff1466a75641	41	1	Δ→Λ	ἀμβλυωπότερος ἐγένετο τὰς ὄψεις Διονύσιος f546. 1568	ἀμβλυωπότερος ἐγένετο τὰς ὄψεις Λιονύσιος f546. 1568
letter	page-050-R	_133a3661-ee2a-492a-b099-11dfb840291d	10	3	Ζ→Z  →∅ ∅→ 	ber sardo Ka Ζι adα1, pelamys sarda, bonite AΖι I121 n2).	ber sardo Ka Zι adα1, pelamys sarda, bonite AΖιI121 n 2).
letter	page-051-L	_4c89ce4b-6e9e-45d5-96ce-b435de0184a9	16	1	υ→ȣ	ἀμυργοὶ λαμπτῆρες (Emped 222, v l ἀμοργȣ́ς) αι2. 437b28.	ἀμȣργοὶ λαμπτῆρες (Emped 222, v l ἀμοργȣ́ς) αι2. 437b28.
letter	page-051-L	_98055d1f-a853-426a-880c-337501282fef	26	3	υ→ȣ ἦ→ἣ ∅→͂	ζων ἐκ τῆς ἀμπέλυ φτα3. 818b35. ἄμπελός τις ἦν καλȣσι	ζων ἐκ τῆς ἀμπέλȣ φτα3. 818b35. ἄμπελός τις ἣν καλȣ͂σι
letter	page-051-L	_330a6f27-bd55-4dbc-be4e-39c8704f45d0	27	1	Ὑ→∅	κάπνεον Ζγδ4. 770b20. ἄμπελος Ἀνθηδονιὰς ϗ̀ Ὑπερείας	κάπνεον Ζγδ4. 770b20. ἄμπελος Ἀνθηδονιὰς ϗ̀ περείας
letter	page-051-L	_6d34b9f5-74e3-4516-9995-99415d6915b8	40	2	 →∅ a→∅	τὰ ἀμύγδαλα χρησιμώτατα πρὸς τὸ μέλι ποιεῖν θ20. 832 a	τὰ ἀμύγδαλα χρησιμώτατα πρὸς τὸ μέλι ποιεῖν θ20. 832
letter	page-051-L	_790a0f96-78ec-4709-b1ba-6bc3eb6c1be2	41	1	∅→a	1. eorum amaritudo explicatur f 256. 1525b9. (drupa	a1. eorum amaritudo explicatur f 256. 1525b9. (drupa
letter	page-051-L	_b3d770c8-9e63-4377-8747-be64749bbc7a	58	2	∅→ȣ ῷ→͂	ἀμύλιον ἐκ τῷ σταιτός πδ21. 879a10.	ἀμύλιον ἐκ τȣ͂ σταιτός πδ21. 879a10.
letter	page-051-L	_50f21811-2fdd-4663-a121-2c556497b376	61	2	ύ→ΐ ι→∅	1384a22. ἀμύνεσθαι om obiecto Ζια1. 488b9. ι41. 628b5.	1384a22. ἀμΐνεσθαι om obiecto Ζα1. 488b9. ι41. 628b5.
letter	page-051-R	_00938988-1604-457e-9031-d3ae991a361b	3	1	Μ→M	ἀμύνεσθαι περὶ πάτρης (Hom Μ 243) Ρβ21. 1395a14. —	ἀμύνεσθαι περὶ πάτρης (Hom M 243) Ρβ21. 1395a14. —
letter	page-051-R	_58e641dd-73a1-4f02-858d-434d6ffb0584	54	2	ῳ→ȣ  →∅	Ἀμφίμαχος. ἐπίγραμμα ἐπὶ Ἀμφιμάχῳ f 596. 1576b7.	Ἀμφίμαχος. ἐπίγραμμα ἐπὶ Ἀμφιμάχȣ f596. 1576b7.
letter	page-052-L	_fea39d45-2fd9-4271-bc35-d75a2b2d6b9c	5	2	’→∅ ∅→δ	’νόματος al Πδ16. 1300b27, 22. 15. 1299a29. γ9. 1281	νόματος al Πδδ16. 1300b27, 22. 15. 1299a29. γ9. 1281
letter	page-053-L	_2b9065fe-ba36-4693-a2b3-56e17e783526	43	1	n→∅	particula ἄν suam vim retinet ad determinandum apodosis	particula ἄν suam vim retiet ad determinandum apodosis
letter	page-053-L	_3b9478ca-b7d2-48da-a046-2f36f75d0303	50	1	∅→o	Ηε1. 1129a17. — εἰ πάθοι ἂν sim in enunciatione in-	Ηε1. 1129a17. — εἰ πάθοι ἂν sim in enunciatione in-o
letter	page-054-R	_e33d18eb-4736-44fe-906a-e8d8b356dfbf	61	7	ο→α ͂→∅ γ→ν ν→∅ ,→ν ȣ→∅ έ→θ	4. τῶν μὲν ἕτερον αἴτιον τȣ͂ ἀναγκαῖα εἶναι, τῶν δὲ ȣ̓θέν	4. τῶν μὲν ἕτερον αἴτιαν τȣ ἀνανκαῖα εἶαιν τῶν δὲ ̓θθν
letter	page-056-L	_18dba835-306f-4e19-820e-ae7fb83fc988	5	1	ϛ→ς	γνωσιϛ Ργ12. 1414a18.	γνωσις Ργ12. 1414a18.
letter	page-056-R	_6fd58379-48cf-4fbe-b449-f176a2861ecc	44	5	∅→I [→∅ ?→∅ ]→' ∅→ 	ἀναιδὴς λᾶας (Hom [?]λ 598) Ργ11. 1411b34.— ἀναιδȣ͂ς ση-	ἀναιδὴς λᾶας (IHom 'λ 598) Ργ11. 1411b34. — ἀναιδȣ͂ς ση-
letter	page-056-R	_94e6e5e2-6e87-4758-881b-d3f832e91978	61	7	5→θ  →∅  →∅ .→∅ ∅→κ ∅→. ,→ι	54 n 1). — 2. ζῷα ἄναιμα, τὰ ἄναιμα. α. ὅτι ἐστὶ τῶν	θ4n1) —κ 2.. ζῷα ἄναιμαι τὰ ἄναιμα. α. ὅτι ἐστὶ τῶν
letter	page-057-R	_40f40ff9-e804-4e53-a877-5724fee26b55	44	1	ο→δ	φροσύνη Ηβ7. 1107b8. 8. 1109a4. ηεβ3. 1221a2. γ2.	φρδσύνη Ηβ7. 1107b8. 8. 1109a4. ηεβ3. 1221a2. γ2.
letter	page-057-R	_1def0798-298a-4d72-8770-e6b1d93324aa	47	2	ϗ→∅ ̀→ἢ	517b31. ὑστέραι πυκνότεραι ϗ̀ ἀναισθητότεραι Ζικ3. 635	517b31. ὑστέραι πυκνότεραι ἢ ἀναισθητότεραι Ζικ3. 635
letter	page-058-L	_ace71b67-2a97-4393-81ec-38be80bd9cff	26	1	Λ→Α	ἀναίτιος. τὸ ἀναίτιον, syn μὴ αἴτιον Λγ13. 78b12, a29. τι5.	ἀναίτιος. τὸ ἀναίτιον, syn μὴ αἴτιον Αγ13. 78b12, a29. τι5.
letter	page-058-R	_ca5452e5-422c-4f16-86d7-907d76d57396	2	2	ȣ→ο ̓→ύ	ἀνακλᾶσθαι. ἡ ἀνακλασθεῖσα σφαῖρα ȣ̓χ ὑπὸ τȣ͂ τοίχȣ ἐκι-	ἀνακλᾶσθαι. ἡ ἀνακλασθεῖσα σφαῖρα ούχ ὑπὸ τȣ͂ τοίχȣ ἐκι-
letter	page-058-R	_c78bf1ac-e29a-4b1d-bc7f-0d23480cdb62	23	1	ὄ→ἄ	τὴν ἀνάκλασιν ὀλίγῃ τῇ ὄψει θεωρȣ͂νται μγ4. 374b22. τὴν	τὴν ἀνάκλασιν ὀλίγῃ τῇ ἄψει θεωρȣ͂νται μγ4. 374b22. τὴν
letter	page-058-R	_6a0e0a25-7243-47df-b12b-7f7ace15d9c5	58	6	∅→' ’→᾽ ἡ→ἠ ∅→ν έ→ό 3→9	λαμβάνοντας τὸ ὅμοιον ἐκ τῶν παρ’ ἡμῖν γιγνομένων μα3.	λαμβάνοντας τὸ ὅμοιον ἐκ τῶν παρ'᾽ ἠμῖν γινγνομόνων μα9.
letter	page-059-R	_01a10178-83a8-4790-a299-9e818267bc76	20	1	ϛ→ς	ληψιϛ μνήμης, dist λῆψις μν2. 451a30.	ληψις μνήμης, dist λῆψις μν2. 451a30.
letter	page-060-R	_30c87a9e-112f-4f19-9fd7-d0ea95566df5	53	3	[→∅ ?→∅ ]→ὦ	ἀναμηρυκᾶσθαι. φασὶν αὐτὸν (τὸν υ[?]τον) τὴν τροφὴν ἀνα-	ἀναμηρυκᾶσθαι. φασὶν αὐτὸν (τὸν υὦτον) τὴν τροφὴν ἀνα-
letter	page-062-L	_e5aad6a7-2ce3-4808-bae2-9c9bdb28f0e8	14	1	e→c	Ἀναξίμανδρος. ipsa eius verba adhibentur: ϗ̀ ‘περιέχειν	Ἀναξίμανδρος. ipsa cius verba adhibentur: ϗ̀ ‘περιέχειν
letter	page-062-L	_4f906726-64fe-4df7-8118-21b53b16690c	15	1	ὰ→ὴ	ἅπαντα ϗ̀ κυβερνᾶν’, ὥς φασιν ὅσοι μὴ ποιȣ͂σι παρὰ τὸ	ἅπαντα ϗ̀ κυβερνᾶν’, ὥς φασιν ὅσοι μὴ ποιȣ͂σι παρὴ τὸ
letter	page-062-L	_5f8371d5-c197-4555-a641-91c443a1706b	58	2	b→p c→e	ἀνάπαλιν de qualibet conversione in contrarium usurpatur.	ἀνάπαλιν de qualipet conversione in eontrarium usurpatur.
digit	page-015-L	_9a0082ff-61a7-4006-82b9-3d85172bf9b9	19	4	2→3  →∅  →∅ -→∅	τερίας Bk2) Πε 11. 1315a3. hoc loco et οβ 1352b8 ἀβελ-	τερίας Bk3) Πε11. 1315a3. hoc loco et οβ1352b8 ἀβελ
digit	page-016-L	_b662cbb7-1b1e-4131-b9a3-8ede6a911be8	27	2	.→∅  →4	ηεη2. 1236a13. ημβ11. 1209a17. Αα1. 24a22. 40. 49	ηεη2. 1236a13. ημβ11. 1209a17. Αα1424a22. 40. 49
digit	page-023-R	_ecd15ba2-4016-47ac-988a-b62a11600f8a	40	1	1→l	numeratur Ζιε5. 540b18 (raia aquila K ad 11 cf C).	numeratur Ζιε5. 540b18 (raia aquila K ad 1l cf C).
digit	page-027-R	_f7977595-35f5-4086-a207-ef9ac95a0f64	45	3	9→∅ .→∅  →∅	σ9. 973a12.	σ973a12.
digit	page-028-R	_3d0ae3bb-7ef5-4646-b7bd-e8ec956c13b7	24	1	3→9	ἥπατι Ζμγ12. 673b26, ἐν νέφροις Ζια17. 497a10. Ζμγ9. 673	ἥπατι Ζμγ12. 673b26, ἐν νέφροις Ζια17. 497a10. Ζμγ9. 679
digit	page-030-L	_c560b2bc-746b-4b56-abac-3a2967235e80	14	1	c→0	(capra Angorensis St K Cr AZι I 63 n 2c). χίμαιρα (cf h v)	(capra Angorensis St K Cr AZι I 63 n 20). χίμαιρα (cf h v)
digit	page-036-L	_b944ecb2-854d-428d-9051-f006bcbbbc97	36	1	1→I	cimen I p 1 AZι I 86; sive fringilla carduelis Cr, sive frin-	cimen I p I AZι I 86; sive fringilla carduelis Cr, sive frin-
digit	page-036-L	_8c32c764-9980-492c-9f8e-47a335ed0d56	45	1	s→3	616a5 (serin C, parorum species, fort parus pendulinus sive	616a5 (serin C, parorum specie3, fort parus pendulinus sive
digit	page-036-R	_18d12815-768e-4176-8608-ae2d3859a196	32	1	5→9	ἄκεντρος. τῶν σφηκῶν οἱ κηφῆνες ἄκεντροι Ζιε22. 553b11	ἄκεντρος. τῶν σφηκῶν οἱ κηφῆνες ἄκεντροι Ζιε22. 593b11
digit	page-036-R	_4a217203-a07d-4cd8-8dba-001b74ec7ef7	37	1	6→0	ἀκέρατα ζῷα, opp κερατοφόρα Ζιβ1. 501a14. Ζμβ5. 651	ἀκέρατα ζῷα, opp κερατοφόρα Ζιβ1. 501a14. Ζμβ5. 051
digit	page-037-R	_9b0ad1c2-1883-4758-a4a6-f05de11be999	56	2	 →∅ 3→9	εἰς τὰς ἀκολασίας Ηδ1. 1119b31. 3. 1121b9.	εἰς τὰς ἀκολασίας Ηδ1. 1119b31.9. 1121b9.
digit	page-039-L	_45e65b53-3f4f-4a46-aa1f-23610c1c7ae7	53	1	0→9	ἀκράτεια def αρ1. 1250a1. 3. 1250a22 (cf ἀκρασία 6. 1251	ἀκράτεια def αρ1. 1250a1. 3. 1259a22 (cf ἀκρασία 6. 1251
digit	page-041-L	_aceec16f-1c18-43a0-989f-3b30a516490b	52	1	3→∅	πως ἄκρον Ηβ36. 1107a23. — ἄκρα termini proportionis	πως ἄκρον Ηβ6. 1107a23. — ἄκρα termini proportionis
digit	page-041-L	_3ff38fe5-b602-47ba-a7b2-ffa9c814030f	57	1	8→3	a18-22 Wz, τὸ ἄκρον Αα88. 49a26, 37. β8. 59b2. 23.	a18-22 Wz, τὸ ἄκρον Αα38. 49a26, 37. β8. 59b2. 23.
digit	page-043-R	_fa79dee3-44a3-4c02-b4f3-25a662466952	13	2	3→9  →∅	65a36. τα10. 104a32. θ3. 162b32. Γα 3. 318b28, 29.	65a36. τα10. 104a92. θ3. 162b32. Γα3. 318b28, 29.
digit	page-043-R	_2ba65299-94ef-45fb-9a53-feec553a3418	15	1	1→4	1431b4. δόξειεν ἂν ἔχειν ἀλήθειαν Πγ11. 1281a12. —	1431b4. δόξειεν ἂν ἔχειν ἀλήθειαν Πγ11. 1281a42. —
digit	page-044-L	_1548528e-a1ff-4370-a193-6a1dc3e91256	60	3	,→∅  →∅ 6→∅	ἀλῆτις, ᾆσμα ταῖς αἰώραις προσᾳδόμενον f 472. 1556a3, 6,	ἀλῆτις, ᾆσμα ταῖς αἰώραις προσᾳδόμενον f 472. 1556a3,
digit	page-047-R	_65c7215e-75e6-40b0-a110-13476ad6d336	59	8	ς→3 θ→1 5→9 ∅→. a→1 ∅→. ∅→. 9→2	λας). θ10. 596a21. πια26. 902a1. 42. 904a5, reliquis	λα3). 110. 996a21.. πια26. 90211.. 42.. 204a5, reliquis
digit	page-050-L	_caf2f567-e453-4960-a80b-ef8b32f10e33	11	1	ι→1	ἀμελέτητος, opp γεγυμνάσθαι τιι6. 175a26, 24.	ἀμελέτητος, opp γεγυμνάσθαι τι16. 175a26, 24.
digit	page-050-R	_83cebea9-6d45-4ec3-9974-b05a91582c14	8	2	8→β '→∅	138, 'putant scombrum amiam intelligi' S II 174, scomber	13β, putant scombrum amiam intelligi' S II 174, scomber
digit	page-053-R	_f01c78c6-590b-4df8-b9a7-f4d55a80be45	6	1	1→3	tentialem Πγ13. 1283b15. ζ8. 1322a35 (Bk1 utroque	tentialem Πγ13. 1283b15. ζ8. 1322a35 (Bk3 utroque
punct	page-016-L	_0ce186ae-27d2-43c7-9ed8-bbac4a266821	4	1	.→,	b17. ηεγ1. 1228b18. η2. 1235b31, 1236b26, 1237a27.	b17. ηεγ1. 1228b18. η2. 1235b31, 1236b26, 1237a27,
punct	page-016-L	_3cabeab4-398c-48c5-a1c0-2293819c0790	18	1	.→,	δικαιοσύνη Ηε3. 1130a3. ψευδῆ ἀγαθά Πδ12. 1297a11. —	δικαιοσύνη Ηε3, 1130a3. ψευδῆ ἀγαθά Πδ12. 1297a11. —
punct	page-016-L	_2ab04d1a-c77e-485a-861e-a2452e91dc76	37	1	∅→-	χὴς ἀλλ' ἀγαθὸς φαινέσθω φ3. 808a7. — ἀγαθός, syn σπȣ-	χὴς ἀλλ' ἀγαθὸς φαινέσθω φ3. 808a7. — ἀγαθός, syn σπȣ--
punct	page-018-L	_9b5e3005-3862-45cf-8455-5e235a668438	45	1	’→᾽	τῶν ἀνηκέστων δι’ ἄγνοιαν πο14. 1453b35. τὸ δι’ ἄγνοιαν	τῶν ἀνηκέστων δι’ ἄγνοιαν πο14. 1453b35. τὸ δι᾽ ἄγνοιαν
punct	page-018-L	_3f5efa8d-6b74-4dc7-a063-fc4027dca5a9	50	3	ἢ→ἡ ἢ→ἡ ’→'	a26. ἄγνοια ἡ ἐν τῇ προαιρέσει, ἢ καθόλȣ, ἢ καθ’ ἕκαστα	a26. ἄγνοια ἡ ἐν τῇ προαιρέσει, ἡ καθόλȣ, ἡ καθ' ἕκαστα
punct	page-018-L	_34b7fb77-18e4-4140-9ae4-01c0d9cf1ba3	55	1	’→'	θέμις ἀγνή f 624. 1583a26. ἁγνὲ θεῶν πρέσβισθ’ ἑκατηβόλε	θέμις ἀγνή f 624. 1583a26. ἁγνὲ θεῶν πρέσβισθ' ἑκατηβόλε
punct	page-019-L	_95aa55ab-3a1a-422d-be7a-89b79dae9c08	9	1	’→᾽	ἀγόρασμα. ἀποστέλλειν τινὰ ἐπ’ ἀγόρασμά τι οβ1352b4.	ἀγόρασμα. ἀποστέλλειν τινὰ ἐπ᾽ ἀγόρασμά τι οβ1352b4.
punct	page-019-L	_8159c0f9-6f7d-47e2-aadf-2d9f29f95942	41	1	’→'	ϗ̀ διὰ τὴν χρῆσιν ϗ̀ διὰ τὴν τροφήν, τῶν δ’ ἀγρίων τὰ	ϗ̀ διὰ τὴν χρῆσιν ϗ̀ διὰ τὴν τροφήν, τῶν δ' ἀγρίων τὰ
punct	page-019-L	_6062f336-5f19-4a04-abf2-af9025211676	50	1	’→'	τῇ Ἀσίᾳ Ζιθ28. 606b17. περὶ Αἴγυπτον μετ’ ἀλλήλων ζῶσι	τῇ Ἀσίᾳ Ζιθ28. 606b17. περὶ Αἴγυπτον μετ' ἀλλήλων ζῶσι
punct	page-019-R	_8356885a-f5c3-4344-8b64-13b4d0d551b6	48	2	∅→  ᾽→∅	Πδ5. 1292b14,16. ἐφ᾽ ὁποτέραν τὴν ἀγωγὴν τὸ δίκαιον ἐφαρ-	Πδ5. 1292b14, 16. ἐφ ὁποτέραν τὴν ἀγωγὴν τὸ δίκαιον ἐφαρ-
punct	page-020-L	_5ddad0ca-166a-4bec-85cb-ed1a46fc6c00	49	1	.→∅	Ἀδάμας. ἀπέστη Κότυος Πε10. 1311b22.	Ἀδάμας ἀπέστη Κότυος Πε10. 1311b22.
punct	page-021-L	_264903cb-7de7-4730-b485-93c1d765493b	17	2	’→᾽ ’→᾽	σιν Μδ6. 1016a18. ἀδιάφορα τῷ εἴδει, κατ’ εἶδος, κατ’	σιν Μδ6. 1016a18. ἀδιάφορα τῷ εἴδει, κατ᾽ εἶδος, κατ᾽
punct	page-021-L	_b515ef74-c987-4e09-98a7-77c21c95cf93	34	1	’→'	θόντα ὑφ’ ȣ̔͂ ȣ̓κ ἔδει Ηθ15. 1163a3 Fr.	θόντα ὑφ' ȣ̔͂ ȣ̓κ ἔδει Ηθ15. 1163a3 Fr.
punct	page-021-L	_a6123079-29ab-4261-ad95-c80fdb655c18	42	1	’→'	1427a36. 37. 1444a11. ἀδικεῖν ἐκ προνοίας, δι’ ἐπιθυμίαν	1427a36. 37. 1444a11. ἀδικεῖν ἐκ προνοίας, δι' ἐπιθυμίαν
punct	page-023-L	_2043c9e1-6648-4954-9ae4-1b9641678008	24	1	.→,	65b1. οἱ εἰς τὸ ἀδ. ἄγοντες συλλογισμοί. οἱ εἰς τὸ ἀδ. συλλο-	65b1. οἱ εἰς τὸ ἀδ. ἄγοντες συλλογισμοί, οἱ εἰς τὸ ἀδ. συλλο-
punct	page-023-R	_b5442531-fd1e-4b6f-be81-78c3f99062e2	56	1	'→᾽	28. (Ὅμηρος ποιεῖ) ȣ̓δὲν ἄηθες, ἀλλ' ἔχοντα ἤθη πο24. 1460	28. (Ὅμηρος ποιεῖ) ȣ̓δὲν ἄηθες, ἀλλ᾽ ἔχοντα ἤθη πο24. 1460
punct	page-024-L	_f7c5f527-637b-412e-b809-0f0dfc1042c0	1	1	∅→.	ἀῆναι ἀέντων (Emped 223) αι2. 437b29.	ἀῆναι. ἀέντων (Emped 223) αι2. 437b29.
punct	page-024-R	_548d4a8e-f68a-472c-b336-f2127a3960dc	41	2	'→᾽ ∅→.	1418a29. ἐπ' ἄρχοντος Ἀθ. Εὐκλέȣς sim μα6. 343b4. 7	1418a29. ἐπ᾽ ἄρχοντος Ἀθ. Εὐκλέȣς sim μα6. 343b4. 7.
punct	page-025-L	_638f0337-8c77-43e9-bfcb-4127695d7e7e	13	1	·→ 	ληταὶ·ἄχροοι, δύσριγοι, ὑγιεινῶς διακείμενοι πλη5. 967a13.	ληταὶ ἄχροοι, δύσριγοι, ὑγιεινῶς διακείμενοι πλη5. 967a13.
punct	page-026-R	_b955cecf-c738-4a03-a986-dfc2beb4c7dc	36	1	’→'	ἧττον περὶ τὰ ἀίδια ἢ τὰ ἐφ’ ἡμῖν Ηγ4. 1111b32. τῶν	ἧττον περὶ τὰ ἀίδια ἢ τὰ ἐφ' ἡμῖν Ηγ4. 1111b32. τῶν
punct	page-026-R	_66670bb4-a07c-4307-aedd-a332473688b7	42	1	’→'	τὸ τρίγωνον ἔχει δυσὶν ὀρθαῖς ἀεὶ τὰς γωνίας ἴσας, ἀλλ’	τὸ τρίγωνον ἔχει δυσὶν ὀρθαῖς ἀεὶ τὰς γωνίας ἴσας, ἀλλ'
punct	page-026-R	_93ec5340-aadf-4192-8b38-874273a8309b	48	2	.→, .→,	ἐλέφαντος. ἵππου, αἰγός, ταύρου, καμήλȣ. φώκης, γίννȣ.	ἐλέφαντος. ἵππου, αἰγός, ταύρου, καμήλȣ, φώκης, γίννȣ,
punct	page-028-L	_9441a07a-a338-473c-bb4e-bf4ba401ad52	14	1	.→,	ἀέρος. τὸ μὲν ἔχον αἷμα ἶνας μᾶλλον γῆς, τὰ δὲ μὴ ἔχοντα	ἀέρος, τὸ μὲν ἔχον αἷμα ἶνας μᾶλλον γῆς, τὰ δὲ μὴ ἔχοντα
punct	page-028-L	_d00cc194-b622-4f80-b05f-73d4b3755d14	34	1	.→,	ἰχὼρ γίνεται. ȣ̓χ αἷμα πν6. 484a34), quamvis ȣ̓ συνεχὲς τὸ	ἰχὼρ γίνεται, ȣ̓χ αἷμα πν6. 484a34), quamvis ȣ̓ συνεχὲς τὸ
punct	page-028-R	_47213291-ad0a-4b44-b250-299f09089ade	12	1	.→,	6. 652a6. γ5. 668a5, 20. δ4. 678a9. Ζγγ1. 751b1. δ1.	6. 652a6. γ5, 668a5, 20. δ4. 678a9. Ζγγ1. 751b1. δ1.
punct	page-028-R	_bbe50b9e-bb04-4967-83b7-3faa78762f1f	55	1	.→,	νος μὲν ἐκθνήσκȣσι. πολλȣ͂ δ' ἄγαν ἀποθνήσκȣσιν Ζιγ19. 521	νος μὲν ἐκθνήσκȣσι, πολλȣ͂ δ' ἄγαν ἀποθνήσκȣσιν Ζιγ19. 521
punct	page-029-L	_23ec1d4d-b983-46fd-9c3f-fe9429b33508	22	1	.→,	αἱματικός. αἱματικὴ θερμότης. φλεγμασία Ζμδ13. 697a29.	αἱματικός. αἱματικὴ θερμότης, φλεγμασία Ζμδ13. 697a29.
punct	page-029-R	_15d81652-e994-40cb-af33-1e023918b885	3	1	’→᾽	ἥ τ’ ἐν ταῖς ῥισὶ ϗ̀ ἡ περὶ τὴν ἕδραν ϗ̀ ἰξία Ζιγ19. 529a19.	ἥ τ᾽ ἐν ταῖς ῥισὶ ϗ̀ ἡ περὶ τὴν ἕδραν ϗ̀ ἰξία Ζιγ19. 529a19.
punct	page-029-R	_8fcf1f8e-d196-455d-8df9-e8cf6cbcc869	15	3	ὸ→ό ’→' ∅→͂	αἰνεῖν. ἀνδρὸς ὃν ȣ̓δ’ αἰνεῖν τοῖσι κακȣσι θέμις f 623. 1583a14.	αἰνεῖν. ἀνδρός ὃν ȣ̓δ' αἰνεῖν τοῖσι κακȣ͂σι θέμις f 623. 1583a14.
punct	page-029-R	_db00e90f-d912-4e01-af20-421972241483	36	1	’→'	674b8. Ζιι50. 632b2. χολὴν οἱ πλεῖστοι ἔχȣσιν, ἐνιαχȣ δ’	674b8. Ζιι50. 632b2. χολὴν οἱ πλεῖστοι ἔχȣσιν, ἐνιαχȣ δ'
punct	page-029-R	_be43b089-aecc-48f2-a266-c340cc114f30	49	1	,→.	i q τράγος (cf h v) Ζιζ13. 573b30. — b, (biologica) αἶγες	i q τράγος (cf h v) Ζιζ13. 573b30. — b. (biologica) αἶγες
punct	page-029-R	_46756659-abc8-40f1-9f8d-f9c404f73fea	56	1	’→'	θ10. 596b6. ἔχȣσι κρότωνας. φθεῖρας δ’ ȣ̓́ Ζιε31. 557a16.	θ10. 596b6. ἔχȣσι κρότωνας. φθεῖρας δ' ȣ̓́ Ζιε31. 557a16.
punct	page-031-L	_8a59b796-ab7a-4424-8f05-e80d3a2452f5	5	1	᾽→'	ὁπόταν βȣληται, αἰσθάνεσθαι δ᾽ ȣ̓κ ἐπ᾽ αὐτῷ· ἀναγκαῖον	ὁπόταν βȣληται, αἰσθάνεσθαι δ' ȣ̓κ ἐπ᾽ αὐτῷ· ἀναγκαῖον
punct	page-031-L	_00826c5f-f41f-435e-9e4a-715766a515ba	17	1	᾽→'	αἰσθητὰ καθ᾽ αὐτά, opp κατὰ συμβεβηκός ψβ6. 418a16,	αἰσθητὰ καθ' αὐτά, opp κατὰ συμβεβηκός ψβ6. 418a16,
punct	page-031-L	_8628adff-5935-421c-a35e-14e05f2870fa	36	1	᾽→'	Αγ31. 87b29, 37. τὰ αἰσθητὰ τῶν καθ᾽ ἕκαστα ψβ5. 417	Αγ31. 87b29, 37. τὰ αἰσθητὰ τῶν καθ' ἕκαστα ψβ5. 417
punct	page-031-L	_2b10e314-ed10-4d93-8eba-2a94373f1384	43	2	᾽→' ᾽→'	αἰσθάνεται μὲν τὸ καθ᾽ ἕκαστον, ἡ δ᾽ αἴσθησις τȣ͂ καθόλȣ	αἰσθάνεται μὲν τὸ καθ' ἕκαστον, ἡ δ' αἴσθησις τȣ͂ καθόλȣ
punct	page-034-L	_7be00b02-39fb-4a2d-bb94-8a4245e205ff	13	1	’→'	— περὶ καλȣ͂ ϗ̀ αἰσχρȣ͂ Ρα9. αἰσχρὰ κατ’ ἀλήθειαν, κατὰ	— περὶ καλȣ͂ ϗ̀ αἰσχρȣ͂ Ρα9. αἰσχρὰ κατ' ἀλήθειαν, κατὰ
punct	page-034-R	_b5bddb81-da32-45f3-a5ac-31bf7dc6d44a	27	1	'→᾽	δȣ͂ναι τὴν αἰτίαν Ζγε1. 779b21. ȣ̓ μικρὸν ἔργον τὸ ἀπ'	δȣ͂ναι τὴν αἰτίαν Ζγε1. 779b21. ȣ̓ μικρὸν ἔργον τὸ ἀπ᾽
punct	page-034-R	_d563ad25-2160-4e9d-9fea-fac3c0059e06	43	1	:→.	ἐν αὐτῷ, ἐντός, opp ἔξω, ἐκτός Φβ5. 197a2: 6. 197b36.	ἐν αὐτῷ, ἐντός, opp ἔξω, ἐκτός Φβ5. 197a2. 6. 197b36.
punct	page-035-R	_6103d1f2-2a33-4107-bef7-ae2fbab97332	13	1	.→∅	τὸ τὸν πάντα χρόνον ϗ̀ τὴν ἀπειρίαν. περιέχον τέλος αἰὼν	τὸ τὸν πάντα χρόνον ϗ̀ τὴν ἀπειρίαν περιέχον τέλος αἰὼν
punct	page-036-L	_1c25cf56-1d0c-4fcb-816a-90b8e6bf4a34	46	1	,→∅	caudatus St Cr, parus (aegithalus) pendulinus K Gloger I 2	caudatus St Cr parus (aegithalus) pendulinus K Gloger I 2
punct	page-037-R	_85f9a424-e11f-42b7-9957-67ed5f5eccfc	34	1	.→,	συμβάλλεται αι1. 437a5, 11, 13. cf ΜΑ1. 980a25, b23 Bz.	συμβάλλεται αι1. 437a5, 11, 13. cf ΜΑ1. 980a25, b23 Bz,
punct	page-038-R	_46bcb2a9-7496-4dbc-a5fd-67d742fc2900	2	1	.→,	χειν τινί, κατηγορεῖσθαί τινος (cf ἕπεσθαι. Steinthal p. 222)	χειν τινί, κατηγορεῖσθαί τινος (cf ἕπεσθαι, Steinthal p. 222)
punct	page-038-R	_83a75149-4fd8-49bb-9c20-c8ab0104928c	57	2	∅→́ ,→∅	904b11. 44. 904a16. τῶν ζῴων τίνα ȣ̓κ ἀκȣει, cf ἀκοή.	904b11. 44. 904a16. τῶν ζῴων τίνα ȣ̓κ ἀκȣ́ει cf ἀκοή.
punct	page-039-R	_36710a6b-c363-4615-b8d5-f0d5dfc43d30	11	1	.→,	τει Ηη5. 2. 1145b12. ὁ ἀκρατὴς μεταμελητικός, ἰατός. ἡμι-	τει Ηη5. 2. 1145b12. ὁ ἀκρατὴς μεταμελητικός, ἰατός, ἡμι-
punct	page-039-R	_653e96cb-3e0a-4b86-94c0-9124adf22a68	22	1	;→,	949b13, 14. ἀκρατὴς πρὸς τὸν οἶνον sim; περὶ τὰ πόματα	949b13, 14. ἀκρατὴς πρὸς τὸν οἶνον sim, περὶ τὰ πόματα
punct	page-039-R	_ed44708d-8a6e-4547-a858-0b620b2ac416	39	1	᾿→∅	ὀργή (cf ᾿Ἀλκιδάμας) Ργ3. 1406a10. λόγος ἄκρατος Μγ4.	ὀργή (cf Ἀλκιδάμας) Ργ3. 1406a10. λόγος ἄκρατος Μγ4.
punct	page-040-L	_36b0172d-10f2-4a4f-ae82-69456c3fb69e	25	1	.→,	ροι γενόμενοι. opp ἐξ ἀρχῆς τζ4. 142a4. — ἀκριβέσταται ἐπι-	ροι γενόμενοι, opp ἐξ ἀρχῆς τζ4. 142a4. — ἀκριβέσταται ἐπι-
punct	page-043-R	_f9ab2312-c25d-4a6d-b3d6-b3e53e239785	3	1	.→,	θείᾳ (i e ἀληθῶς. τῷ ὄντι) Ηε8. 1133a27, b19. οβ1350b1,	θείᾳ (i e ἀληθῶς, τῷ ὄντι) Ηε8. 1133a27, b19. οβ1350b1,
punct	page-043-R	_5caa44db-4001-4565-88a0-db95ac0bdb14	12	1	.→,	κῶς. φαίνεσθαι, αἴσθησις Αα27. 43b9. 30. 46a8, 10. β16.	κῶς, φαίνεσθαι, αἴσθησις Αα27. 43b9. 30. 46a8, 10. β16.
punct	page-043-R	_c4e82e9e-6a56-4296-b9c6-136246fd5f4a	54	1	᾽→'	τῶν ἐναντίων Ρα1. 1355a21, 37. καθ᾽ αὐτὸ τὸ μὲν ψεῦδος	τῶν ἐναντίων Ρα1. 1355a21, 37. καθ' αὐτὸ τὸ μὲν ψεῦδος
punct	page-044-L	_cb402cae-be76-4dbe-878a-9e915128fc54	12	3	ὲ→έ ∅→, ́→∅	ἄτοπον μβ3. 358a16. ἀληθὲς dist ἀληθὲς τȣ́τῳ Μγ6.	ἄτοπον μβ3. 358a16. ἀληθές, dist ἀληθὲς τȣτῳ Μγ6.
punct	page-044-R	_d6cef78a-a6b7-476f-b867-50de3c41eee9	59	1	'→᾽	b12. οἱ ἀπ' Ἀλκιβιάδȣ Ρβ15. 1390b29. Ἀλκ., exemplum	b12. οἱ ἀπ᾽ Ἀλκιβιάδȣ Ρβ15. 1390b29. Ἀλκ., exemplum
punct	page-045-L	_4e4c4a6d-91d0-468b-a58e-ffd8abe84a82	1	1	'→∅	'Αλκιδάμας Ρβ23. 1398b10. 'Α. ἐν τῷ Μεσσηνιακῷ Ρα13.	'Αλκιδάμας Ρβ23. 1398b10. Α. ἐν τῷ Μεσσηνιακῷ Ρα13.
punct	page-045-L	_3d7600d3-58d6-479b-9711-062acb8ce248	4	1	'→∅	'Αλκιμένης ὁ Συβαρίτης θ96. 838a15, 25.	Αλκιμένης ὁ Συβαρίτης θ96. 838a15, 25.
punct	page-045-L	_b376bafd-17e5-4706-9e67-aca6e9d4aa57	6	1	·→∅	Ζιι41. 628b6. ζῷα· τὰς ὄψεις ἀγριώτερα ϗ̀ ἀλκιμώτερα	Ζιι41. 628b6. ζῷα τὰς ὄψεις ἀγριώτερα ϗ̀ ἀλκιμώτερα
punct	page-045-L	_683efbdf-669f-4b7a-9ede-571329d04766	9	2	'→∅ Α→Ἀ	'Αλκίνȣ ἀπόλογος Ργ16. 1417a13. πο16. 1455a2. 'Αλκινόȣ	'Αλκίνȣ ἀπόλογος Ργ16. 1417a13. πο16. 1455a2. Ἀλκινόȣ
punct	page-045-L	_a2215365-ea85-4094-b47e-386246000aaf	11	3	Α→Ἄ '→∅ Α→Ἀ	'Αλκμαίων πο13. 1453a20. 14. 1453b24. — 'Α. Εὐριπίδȣ	'Ἄλκμαίων πο13. 1453a20. 14. 1453b24. — Ἀ. Εὐριπίδȣ
punct	page-045-L	_493203b9-73fe-4bad-86e1-9c0cba4dc097	12	2	'→∅ Α→Ἀ	Ηγ1. 1110a28 (cf fr 70). f 584. 1573a12. 'Α. 'Αστυδά-	Ηγ1. 1110a28 (cf fr 70). f 584. 1573a12. Α. 'Ἀστυδά-
punct	page-045-L	_b3ce8ff7-0119-4fd0-ae7c-dba1e7070188	15	1	'→∅	'Αλκμαίων ὁ Κροτωνιάτης ΜΑ5. 986a26. Ζιη1. 581a16.	Αλκμαίων ὁ Κροτωνιάτης ΜΑ5. 986a26. Ζιη1. 581a16.
punct	page-045-L	_9544079a-329a-4a39-80ae-82dd174234a3	23	2	'→∅ Α→Ἅ	'Αλκμὰν ὁ ποιητὴς τίνι νόσῳ διεφθάρη Ζιε31. 557a2.	Ἅλκμὰν ὁ ποιητὴς τίνι νόσῳ διεφθάρη Ζιε31. 557a2.
punct	page-045-L	_c9628961-bf73-447d-90a7-9b8c83f949a4	32	1	·→∅	ζῇ ἰχθυοφαγȣ͂σα· Ζιε8. 542b4, 12, 16. ι14. 616a14-34.	ζῇ ἰχθυοφαγȣ͂σα Ζιε8. 542b4, 12, 16. ι14. 616a14-34.
punct	page-045-L	_3b3292cd-6b94-4881-b70b-e118618a671c	55	1	.→∅	1323b36. ρ1. 1421a4. ἀλλὰ ... γὰρ Πγ1. 1275b13. —	1323b36. ρ1. 1421a4. ἀλλὰ .. γὰρ Πγ1. 1275b13. —
punct	page-045-R	_9b196e56-4a22-4afc-8920-b1167b995324	6	1	᾽→’	1384a25. φτβ3. 825a15 (Wz ad Κ 6. 5b10). εἰ δ᾽ ἐστὶν	1384a25. φτβ3. 825a15 (Wz ad Κ 6. 5b10). εἰ δ’ ἐστὶν
punct	page-045-R	_ffd3bf85-9205-4449-8507-2d8a93f0a253	14	2	᾽→' ᾽→'	quoties ἀλλὰ usurpatur, ubi ἀλλ᾽ ἢ exspectes, ἡδέα δ᾽ ȣ̓κ	quoties ἀλλὰ usurpatur, ubi ἀλλ' ἢ exspectes, ἡδέα δ' ȣ̓κ
punct	page-045-R	_68d8742a-2dc1-4cb8-a626-4c6fff5cff12	16	1	᾽→’	δ᾽ ȣ̓δὲ τῷδε (sc αἱρεταί εἰσιν) ἀλλὰ ποτὲ ϗ̀ ὀλίγον χρόνον	δ’ ȣ̓δὲ τῷδε (sc αἱρεταί εἰσιν) ἀλλὰ ποτὲ ϗ̀ ὀλίγον χρόνον
punct	page-045-R	_892aa1f1-ad78-4765-bcb3-2abb76b23e76	24	1	᾽→'	ἀλλ᾽ ἢ τὸ μὲν σχιζόπȣν τὸ δ᾽ ἄσχιστον Μζ12. 1038a14.	ἀλλ᾽ ἢ τὸ μὲν σχιζόπȣν τὸ δ' ἄσχιστον Μζ12. 1038a14.
punct	page-045-R	_78fea5c8-4ef2-4509-9b14-4178630eab18	44	2	 →∅ -→.	b23, a35. ἀλλαγή τινος, dist χρεία Πα9. 1257a13, 25. ποι-	b23,a35. ἀλλαγή τινος, dist χρεία Πα9. 1257a13, 25. ποι.
punct	page-046-L	_1ae33c27-ef5b-4b8d-b4cd-27ff183cc24b	16	1	᾽→'	b4). μγ4. 375a7. ἢ καθ᾽ αὐτὰ λέγοντες ἢ πρὸς ἄλληλα	b4). μγ4. 375a7. ἢ καθ' αὐτὰ λέγοντες ἢ πρὸς ἄλληλα
punct	page-046-R	_37b03fd0-5d9a-4af8-b7f4-f6df61c57298	1	2	᾽→' ὑ→ὐ	λοίωσις, ὅσα καθ᾽ αὑτὰ λέγεται πάσχειν ὑπὸ τῶν αἰσθητῶν	λοίωσις, ὅσα καθ' αὐτὰ λέγεται πάσχειν ὑπὸ τῶν αἰσθητῶν
punct	page-046-R	_59e2da6b-cc69-46bf-8ada-4636dc3845b8	22	1	᾽→'	ἕξεις ϗ̀ τὴν φύσιν ψβ5. 417b14. ἀλλοίωσις ȣ̓δ᾽ αὔξησις	ἕξεις ϗ̀ τὴν φύσιν ψβ5. 417b14. ἀλλοίωσις ȣ̓δ' αὔξησις
punct	page-046-R	_ef2e871b-d0ce-4ec4-bfce-1179afe5132c	23	1	᾽→'	ȣ̓δὲ γένεσις ȣ̓κ εἰσὶν ὁμαλεῖς (ἰσοταχεῖς), φορὰ δ᾽ ἐστίν	ȣ̓δὲ γένεσις ȣ̓κ εἰσὶν ὁμαλεῖς (ἰσοταχεῖς), φορὰ δ' ἐστίν
punct	page-046-R	_4e3c3827-bdac-4786-9ede-a49895fc9e99	37	1	᾽→∅	4. 342a6. β3. 357b30 (aliter δ᾽9. 386b7). ȣ̓δὲν ἄλλο πλήν,	4. 342a6. β3. 357b30 (aliter δ9. 386b7). ȣ̓δὲν ἄλλο πλήν,
punct	page-047-R	_d48537f7-0333-4da0-b710-bdbc13034b44	26	1	.→,	ἀλȣργής. ἀλȣργές saepe exhibetur in libro de coloribus χ2.	ἀλȣργής, ἀλȣργές saepe exhibetur in libro de coloribus χ2.
punct	page-047-R	_ccb82e16-e4a3-403d-8a38-2d23be9e63b9	45	1	.→ 	a1. ἅλες μᾶλλον λίτρȣ ὀσμώδεις αι5. 443a13. ἅλες.χον-	a1. ἅλες μᾶλλον λίτρȣ ὀσμώδεις αι5. 443a13. ἅλες χον-
punct	page-049-R	_a04ef295-eee2-4544-b31f-3aaa7553fe29	36	1	᾽→'	γὰρ ὀξὺ οἷον κεντεῖ, τὸ δ᾽ ἀμβλὺ οἷον ὠθεῖ ψβ8. 420b2.	γὰρ ὀξὺ οἷον κεντεῖ, τὸ δ' ἀμβλὺ οἷον ὠθεῖ ψβ8. 420b2.
punct	page-050-L	_4b639fcd-1872-421d-83db-caca0b1066f5	16	2	ἄ→ἆ '→’	ἔχον μέγεθος Φζ10. 240b12. 1. 231b3. θ10. 266a10. ἄρ'	ἔχον μέγεθος Φζ10. 240b12. 1. 231b3. θ10. 266a10. ἆρ’
punct	page-050-R	_e8e7efc9-48e6-478f-984e-d814f4df6c2f	27	2	᾽→∅ ∅→ 	᾽Αμιναῖος οἶνος f453. 1552a32, 36, 39.	Αμιναῖος οἶνος f 453. 1552a32, 36, 39.
punct	page-050-R	_cefff17d-deb2-4fd9-af08-c6526908b509	32	4	᾽→∅ Α→Ἀ ᾽→∅ Α→Ἀ	᾽Αμισός Ζιε22. 554b15. οβ1350b27. ᾽Αμισηνὸς σίδηρος	Ἀμισός Ζιε22. 554b15. οβ1350b27. Ἀμισηνὸς σίδηρος
punct	page-050-R	_f24a255c-3b1e-47dd-b7d9-1e3403bcbaaa	49	1	᾽→∅	᾽Αμμωνία χώρα μα14. 352b32.	Αμμωνία χώρα μα14. 352b32.
punct	page-050-R	_9df2f6b3-689d-437b-bd0f-fbea1bd9f87d	50	3	᾽→∅ ὰ→ά ∅→ 	᾽Αμμωνιάς, τριήρης ἱερὰ f403. 1545b4, 18.	Αμμωνιάς, τριήρης ἱερά f 403. 1545b4, 18.
punct	page-052-L	_b53a2b8b-c619-4968-af6b-7fd93098419c	60	1	∅→᾽	ὁ δ’ ἄκυρος f 426. 1548b31, 39.	ὁ δ’᾽ ἄκυρος f 426. 1548b31, 39.
punct	page-053-L	_8f139ee0-d979-487c-a002-7383264a7128	30	1	,→∅	653b32. 9. 655b18. Ζπ7. 707a21, ubi aliquot codd κἂν	653b32. 9. 655b18. Ζπ7. 707a21 ubi aliquot codd κἂν
punct	page-053-R	_678716d9-629b-4bae-8843-51d41b1d024d	2	1	´→∅	b22 (cf γ11. 1116b36 v l) Πβ7. 1267a39. ´γ9. 1280a36.	b22 (cf γ11. 1116b36 v l) Πβ7. 1267a39. γ9. 1280a36.
punct	page-053-R	_04a1d2c8-5fb4-4268-bed6-01dfcef00b7c	12	1	,→.	ἄν πκε14. 939b2. κϛ12. 941a39, 48. 945b30 (ubivis fa-	ἄν πκε14. 939b2. κϛ12. 941a39. 48. 945b30 (ubivis fa-
punct	page-054-R	_cb08e066-96c7-47af-93c2-3825d06c7d88	14	1	᾽→'	τῇ ὕλῃ τὸ ἀναγκαῖον, τὸ δ᾽ ȣ̔͂ ἕνεκα ἐν τῷ λόγῳ Φβ9.	τῇ ὕλῃ τὸ ἀναγκαῖον, τὸ δ' ȣ̔͂ ἕνεκα ἐν τῷ λόγῳ Φβ9.
punct	page-054-R	_4ceb631c-6c20-4cb1-acbe-ac11c6e5424b	17	1	᾽→'	βέλτιστον, ἀλλ᾽ ὡς ἀναγκαῖον διὰ τὸν ἴδιον λόγον τῆς ȣ̓σίας	βέλτιστον, ἀλλ' ὡς ἀναγκαῖον διὰ τὸν ἴδιον λόγον τῆς ȣ̓σίας
punct	page-056-L	_d2f94943-6513-47b2-b127-a451add9ddbc	21	1	.→,	— ἐξ ἀναγωγῆς. opp συνεχῶς Ζιε18. 550b11, 13.	— ἐξ ἀναγωγῆς, opp συνεχῶς Ζιε18. 550b11, 13.
punct	page-056-L	_cfcc7b98-9b30-47d1-9713-526fa29e094c	36	1	.→,	ἀναδύνειν. ποταμοί, ἂν ἀφανισθῶσιν εἰς τὴν γῆν, πάλιν ἀνα-	ἀναδύνειν, ποταμοί, ἂν ἀφανισθῶσιν εἰς τὴν γῆν, πάλιν ἀνα-
punct	page-057-R	_5641db49-346b-4f05-bf60-83eeaed4ff51	32	3	ῄ→ή ,→. ῄ→ή	ρεθήσονται, ἀνῄρηται, ἀνῄρητο, ἀνῃρημένον ἔσται Μκ8. 1065	ρεθήσονται, ἀνήρηται. ἀνήρητο, ἀνῃρημένον ἔσται Μκ8. 1065
punct	page-058-L	_bfcd77c9-75b0-4562-9fb4-0bd292703787	36	1	’→᾽	φορὰ ἐπ’ ἀρχὴν ἀνακάμπτει ψα3. 407a30. ὁ καικίας ἀνα-	φορὰ ἐπ᾽ ἀρχὴν ἀνακάμπτει ψα3. 407a30. ὁ καικίας ἀνα-
punct	page-058-L	_75db6caa-004b-4092-9fef-83e193813ca2	50	1	’→᾽	πάλιν ἐπ’ ἀρχήν, opp εὐθυπορεῖν ψα3. 407a28.	πάλιν ἐπ᾽ ἀρχήν, opp εὐθυπορεῖν ψα3. 407a28.
punct	page-058-R	_cf7b50bd-7d75-4308-9919-31f5753e549a	3	1	’→'	νήθη ἀλλ’ ὑπὸ τȣ͂ βάλλοντος Φθ4. 255b27. γραμμαὶ ἀνα-	νήθη ἀλλ' ὑπὸ τȣ͂ βάλλοντος Φθ4. 255b27. γραμμαὶ ἀνα-
punct	page-058-R	_83e3609b-f56f-4d99-b4d2-575fd142f198	27	1	’→'	ἅπαντα γὰρ ταῦτα ἀνάκλασις, ἀλλ’ εἴδει ἕτερα Αδ15. 98	ἅπαντα γὰρ ταῦτα ἀνάκλασις, ἀλλ' εἴδει ἕτερα Αδ15. 98
punct	page-058-R	_843891b9-6b70-4262-8325-926ac4a83b9f	39	1	’→'	quasi absolute et tituli instar: τὰ δ’ ἐν αὐτοῖς ζῳοτοκȣ͂ντα,	quasi absolute et tituli instar: τὰ δ' ἐν αὐτοῖς ζῳοτοκȣ͂ντα,
punct	page-058-R	_c9f5a392-bad7-4267-826d-29a06747338a	46	1	’→'	ὅτι πόρρω λίαν τȣ͂ νῦν Φδ13. 222b11. καθ’ ἕκαστον μὲν	ὅτι πόρρω λίαν τȣ͂ νῦν Φδ13. 222b11. καθ' ἕκαστον μὲν
punct	page-059-L	_f65ad749-b427-41ec-8721-2a552034006f	26	1	.→∅	ἀνάκρισις θεσμοθετῶν,. def f 374. 1540a40. 375. 1540b14,	ἀνάκρισις θεσμοθετῶν, def f 374. 1540a40. 375. 1540b14,
punct	page-059-R	_7ba36347-fff4-430b-a642-30378a66d0e9	5	1	᾽→'	b7. νῦν δ᾽ ἀναληπτέον ὑπὲρ αὐτῶν υ3. 465b6. — (τὸ ἐξ ἀρ-	b7. νῦν δ' ἀναληπτέον ὑπὲρ αὐτῶν υ3. 465b6. — (τὸ ἐξ ἀρ-
punct	page-059-R	_9296e162-d18c-4aaa-8f1f-6f3783203cd6	6	2	ἀ→α '→∅	χῆς δόξεεν ἀναλαμβάνεσθαι, l δόξειεν ἂν λαμβάνεσθαι ἀπ'	χῆς δόξεεν ἀναλαμβάνεσθαι, l δόξειεν ἂν λαμβάνεσθαι απ
punct	page-059-R	_bd4a65d9-aeb9-425b-9e34-4e5685e14fc5	24	1	᾽→'	λῶσαι Ρβ3. 1380b11. — δι᾽ ἀδυναμίαν ȣ̓ πέττȣσι (τὸ	λῶσαι Ρβ3. 1380b11. — δι' ἀδυναμίαν ȣ̓ πέττȣσι (τὸ
punct	page-059-R	_652161cc-fd4d-43e2-9db6-9eb156877f83	29	1	᾽→'	776a27, 32. ὅταν ὑφ᾽ ἧς ἔχει θερμότητος ἀναλωθῇ τὸ ὑγρόν	776a27, 32. ὅταν ὑφ' ἧς ἔχει θερμότητος ἀναλωθῇ τὸ ὑγρόν
punct	page-059-R	_52d1243e-fbb0-4a0f-9127-67935b48877e	55	1	᾽→'	λογίαν ἐν ταὐτῷ πάντα μδ9. 387b3. καθ᾽ ὁμοιότητα ϗ̀	λογίαν ἐν ταὐτῷ πάντα μδ9. 387b3. καθ' ὁμοιότητα ϗ̀
punct	page-060-L	_84d0b236-ac78-478e-9f8c-eb123b44b9ea	34	1	’→'	δ’ ἀναίμοις τὸ ἀνάλογον τῇ καρδίᾳ, τὸ ἀνάλογον τῷ στήθει,	δ' ἀναίμοις τὸ ἀνάλογον τῇ καρδίᾳ, τὸ ἀνάλογον τῷ στήθει,
punct	page-060-R	_fc76f400-0078-4cac-9b75-dbcc08af8041	33	1	᾽→∅	στήμης ϗ̀ τῆς περὶ τὰ ἤθη πολιτικῆς Ρα4. 1359b10. δι᾽	στήμης ϗ̀ τῆς περὶ τὰ ἤθη πολιτικῆς Ρα4. 1359b10. δι
punct	page-062-L	_f652be44-d480-436a-bf0c-23996a617d58	8	1	,→∅	ἀναξηραίνεται ὕδωρ, οἶνος, ἰκμάς μβ2. 355b26, 3,2. δ10.	ἀναξηραίνεται ὕδωρ, οἶνος, ἰκμάς μβ2. 355b26, 32. δ10.
punct	page-062-L	_aa5082cc-e21c-4a8f-9b82-72e6604ccad4	16	2	.→, ’→'	ἄπειρον ἄλλας αἰτίας. οἷον νȣ͂ν ἢ φιλίαν· ϗ̀ τȣ͂τ’ εἶναι τὸ	ἄπειρον ἄλλας αἰτίας, οἷον νȣ͂ν ἢ φιλίαν· ϗ̀ τȣ͂τ' εἶναι τὸ
punct	page-062-L	_0aae1091-864a-4b30-a2f0-fb76145f34ab	26	1	’→'	οἱ δ’ ἐκ τȣ͂ ἑνὸς ἐνȣ́σας τὰς ἐναντιότητας ἐκκρίνεσθαι, ὥσπερ	οἱ δ' ἐκ τȣ͂ ἑνὸς ἐνȣ́σας τὰς ἐναντιότητας ἐκκρίνεσθαι, ὥσπερ
punct	page-062-L	_dc322148-84dd-40ef-810f-401ca761c7b9	40	1	.→,	referri apparet coll Φα4. 187a12, 20. Zeller I 163 sqq.—	referri apparet coll Φα4. 187a12, 20. Zeller I 163 sqq,—
punct	page-062-R	_f5e72643-a2a4-4a3e-b567-16b6dda5756b	39	1	’→'	παύσεις μεθ’ ἡδονῆς Ηθ11. 1160a24. coni ῥαθυμίαι, ἀμέ-	παύσεις μεθ' ἡδονῆς Ηθ11. 1160a24. coni ῥαθυμίαι, ἀμέ-
mark	page-015-R	_6a24620b-ceb8-4fa2-b4be-e86a99bc411d	18	2	∅→  ἢ→ἡ	φύσει Κ12.14b4. βέλτιον ϗ̀ θειότερον ἡ ἀρχὴ ἢ κινȣ͂σα Ζγβ1.	φύσει Κ12. 14b4. βέλτιον ϗ̀ θειότερον ἡ ἀρχὴ ἡ κινȣ͂σα Ζγβ1.
mark	page-015-R	_a063a5d5-b1b9-4ba6-8e09-403ea3cfd32e	22	2	∅→  ι→ῖ	a16. β1.731b23, 21. 4. 738b1. cf φύσις 2 c. ἀεὶ τὸ χει-	a16. β1. 731b23, 21. 4. 738b1. cf φύσις 2 c. ἀεὶ τὸ χεῖ-
mark	page-015-R	_04fa9bda-1d25-4431-9ab4-70d58e7bb94b	36	1	η→ῃ	αὐτά, ἕτερα δὲ διὰ ταῦτα· τὰ μέν ἐστι τέλη, τὰ δ' ȣ̓ τέλη	αὐτά, ἕτερα δὲ διὰ ταῦτα· τὰ μέν ἐστι τέλῃ, τὰ δ' ȣ̓ τέλη
mark	page-016-L	_32492434-1c38-4aa6-9ac3-6d05e7380e67	22	1	ό→ὸ	τὸ ἀληθὲς ϗ̀ τὸ ψεῦδος ψγ7.431b11. τὸ ἀγαθόν, dist τὸ	τὸ ἀληθὲς ϗ̀ τὸ ψεῦδος ψγ7.431b11. τὸ ἀγαθὸν, dist τὸ
mark	page-016-L	_8b11fe76-2133-4cba-9ac0-2e7cdd81fa37	36	1	ὢ→ὤ	ὢν (Eur fr 183) Ρα11. 1371b33. ὁ εὔθυμος μὴ ἐπισπερ-	ὤν (Eur fr 183) Ρα11. 1371b33. ὁ εὔθυμος μὴ ἐπισπερ-
mark	page-016-L	_3d0e6473-d3d9-481c-aab7-ba0ea6f6b59e	45	1	η→ῃ	a7. γνώμη ἀρίστη τί ἐστι Ρα15. 1375a30, b17, 1376a19.	a7. γνώμη ἀρίστῃ τί ἐστι Ρα15. 1375a30, b17, 1376a19.
mark	page-016-R	_d8f8f8ad-37f1-4853-b3b7-64058030afa1	12	1	ἀ→ἄ	ἄγαλμα, coni γραφή Πη17. 1336b15. τὸ τῆς Ἀθηνᾶς ἀ-	ἄγαλμα, coni γραφή Πη17. 1336b15. τὸ τῆς Ἀθηνᾶς ἄ-
mark	page-017-R	_a616931d-52d6-4596-93fe-c89c1232f7ce	20	2	ι→ί ό→ο	τῇ ἀνελευθεριότητι αρ7. 1251b16.	τῇ ἀνελευθερίοτητι αρ7. 1251b16.
mark	page-017-R	_0b7de346-c45a-4894-be9e-c5acbb7b60cd	38	2	ἀ→ἄ έ→ε	ϗ̀ τȣ́των τὸ ἔσχατον ἀγέννητον (ἀγένητον?) Μβ4. 999b7.	ϗ̀ τȣ́των τὸ ἔσχατον ἄγεννητον (ἀγένητον?) Μβ4. 999b7.
mark	page-017-R	_115aeaae-e9fb-4068-a08d-87653f48e5f8	41	2	∅→͂ ∅→͂	a30. cf 9. 421b8. — act ἄγευστοι ἡδονῆς ἐλευθερίȣ, τȣ καλȣ	a30. cf 9. 421b8. — act ἄγευστοι ἡδονῆς ἐλευθερίȣ, τȣ͂ καλȣ͂
mark	page-017-R	_8bc94ae2-ba90-4760-bca4-8f03fce1a715	52	2	υ→ὑ ἱ→ι	γος f 530. 1566a42, 15. Ἀγαπήνωρ, Ἀγκαίȣ υἱός f 596.	γος f 530. 1566a42, 15. Ἀγαπήνωρ, Ἀγκαίȣ ὑιός f 596.
mark	page-018-L	_2256ab2c-0de4-4b68-a6d8-5092fc73efea	22	1	∅→͂	ϗ̀ εἰδώς Ρα13. 1373b34. ἀγνοȣντες ἁμαρτάνȣσιν Ρα15.	ϗ̀ εἰδώς Ρα13. 1373b34. ἀγνοȣ͂ντες ἁμαρτάνȣσιν Ρα15.
mark	page-018-L	_3df72ece-f94d-4f28-99e8-85a6c20fb2b1	24	1	ἀ→ἄ	ἀγνοȣντες φαίνονται ἀνδρεῖοι εἶναι Ηγ11. 1117a22-28. —	ἀγνοȣντες φαίνονται ἄνδρεῖοι εἶναι Ηγ11. 1117a22-28. —
mark	page-018-L	_779ea62b-9e54-428d-8f06-bff899948ed4	31	2	 →∅ ∅→͂	ἐστιν Ργ 10. 1410b24. — ὁμοδοξία ϗ̀ ἀγνοȣσιν ἀλλήλȣς	ἐστιν Ργ10. 1410b24. — ὁμοδοξία ϗ̀ ἀγνοȣ͂σιν ἀλλήλȣς
mark	page-018-L	_b32c51fe-d622-47bf-a632-4ee9d6814551	32	1	ἂ→ἄ	ὑπάρξειεν ἂν Ηι6. 1167a23. — ἀγνοȣντως τβ9. 114b10.	ὑπάρξειεν ἄν Ηι6. 1167a23. — ἀγνοȣντως τβ9. 114b10.
mark	page-018-R	_8d4901a6-1744-44e1-8f99-5266591e6844	22	1	η→ῃ	ὕδατος κ4. 394a20. ἡ ὁμίχλη νεφέλη ἄγονος μα9. 346b35.	ὕδατος κ4. 394a20. ἡ ὁμίχλη νεφέλῃ ἄγονος μα9. 346b35.
mark	page-018-R	_58ce61cd-1b78-4241-9401-7335c9865879	46	1	∅→̀	θέρα Πη12. 1331a31, b1, 11. οἱ παρέχοντες σφᾶς αὐτȣς πᾶ-	θέρα Πη12. 1331a31, b1, 11. οἱ παρέχοντες σφᾶς αὐτȣ̀ς πᾶ-
mark	page-018-R	_381e00ab-6a7a-4f72-93eb-2f21beab2297	53	1	ᾶ→ά	ρᾶσαι Φβ4. 196a5.	ράσαι Φβ4. 196a5.
mark	page-018-R	_cc669685-953f-4e72-ac11-0bad2166a658	58	2	∅→̀ ∅→͂	1289b33. ἀγοραῖος ὄχλος Πζ4. 1319a36. τȣς ναυκληρȣντας	1289b33. ἀγοραῖος ὄχλος Πζ4. 1319a36. τȣ̀ς ναυκληρȣ͂ντας
mark	page-019-L	_684d6dbf-6624-470a-8a4c-46cfe958105a	15	1	͂→∅	ἀγράμματος. δηλȣ͂σί τι ϗ̀ οἱ ἀγράμματοι ψόφοι, οἷον θη-	ἀγράμματος. δηλȣσί τι ϗ̀ οἱ ἀγράμματοι ψόφοι, οἷον θη-
mark	page-019-L	_be3d8b5d-0788-4f5c-a9e4-93d8a1e7cf8e	19	1	∅→͂	ἀγραυλεῖν. οἱ ἀγραυλȣντες θ11. 831a29.	ἀγραυλεῖν. οἱ ἀγραυλȣ͂ντες θ11. 831a29.
mark	page-019-L	_4850eecf-821b-4939-bd91-73c2b415b511	33	1	∅→̀	ἄγριος. τῶν ζῴων διαφοραὶ κατὰ τȣς βίȣς ϗ̀ τὰς πράξεις, τὰ	ἄγριος. τῶν ζῴων διαφοραὶ κατὰ τȣ̀ς βίȣς ϗ̀ τὰς πράξεις, τὰ
mark	page-019-R	_dc4344f8-88e1-48eb-bc3c-f8399da0f927	47	1	∅→̀	ἀγωγῇ ϗ̀ τοῖς ἔθεσιν ὀλιγαρχεῖσθαι, dist κατὰ τȣς νόμȣς	ἀγωγῇ ϗ̀ τοῖς ἔθεσιν ὀλιγαρχεῖσθαι, dist κατὰ τȣ̀ς νόμȣς
mark	page-019-R	_50289cf3-d6ac-4274-9fbb-af5b6ca83318	51	1	Ὀ→Ο	ἀγών Φγ6. 206a22, 31 (Ὀλύμπια). ἀγῶνες γυμνικοί Ηγ12.	ἀγών Φγ6. 206a22, 31 (Ολύμπια). ἀγῶνες γυμνικοί Ηγ12.
mark	page-020-L	_7edfc63b-99ba-4c6a-94f2-0e5e9024f6da	16	1	∅→͂	ἀγωνία 1. i q ἀγών. μελετᾶν πρὸς ἡντινȣν ἀγωνίαν Ηγ7. 1114.	ἀγωνία 1. i q ἀγών. μελετᾶν πρὸς ἡντινȣ͂ν ἀγωνίαν Ηγ7. 1114.
mark	page-020-L	_8bcd602d-28a9-48ad-ac2e-962f7c062ee6	24	1	∅→͂	ἀγωνίζεσθαι. στεφανȣνται οἱ ἀγωνιζόμενοι Ηα9. 1099a5.	ἀγωνίζεσθαι. στεφανȣ͂νται οἱ ἀγωνιζόμενοι Ηα9. 1099a5.
mark	page-020-L	_afe1ebf6-df66-43b4-bfd8-547501454c9c	28	1	∅→͂	cialibus: αὐτοῖς ἀγωνίζεσθαι τοῖς πράγμασιν, opp τὰ ἔξω τȣ	cialibus: αὐτοῖς ἀγωνίζεσθαι τοῖς πράγμασιν, opp τὰ ἔξω τȣ͂
mark	page-020-L	_579635bf-3c46-4986-bdad-39efa0c28da8	31	1	ύ→υ	re scenica: ἑκατὸν τραγῳδίας ἀγωνίζεσθαι, πρὸς κλεψύδραν	re scenica: ἑκατὸν τραγῳδίας ἀγωνίζεσθαι, πρὸς κλεψυδραν
mark	page-020-L	_f20f924a-c5cb-4bd0-9079-04be726b4eaf	34	1	∅→͂	rum) αὐτοὶ μὲν δι' ὅλȣ ἀγωνίζονται, μιμȣνται δ' ὀλίγα πο24.	rum) αὐτοὶ μὲν δι' ὅλȣ ἀγωνίζονται, μιμȣ͂νται δ' ὀλίγα πο24.
mark	page-020-L	_7b8ec024-f11b-4092-9df7-2b4ef9f4be26	43	1	ὴ→ή	b21-26. δύναμις ἀγωνιστικὴ Ρα5. 1361a4, 1360b22. —	b21-26. δύναμις ἀγωνιστική Ρα5. 1361a4, 1360b22. —
mark	page-020-R	_01949b0c-7b36-4c77-b7af-bb8ecb41fdb4	8	1	∅→͂	ἀδελφικός. ἡ ἀδελφικὴ φιλία τῇ ἑταιρικῇ ὁμοιȣται Ηθ14.	ἀδελφικός. ἡ ἀδελφικὴ φιλία τῇ ἑταιρικῇ ὁμοιȣ͂ται Ηθ14.
mark	page-020-R	_7a887562-e7ca-43ce-a3c4-2316db94800e	20	1	ἀ→ἄ	1551b6. ἐν πολλῷ πλήθει ἄδηλον μβ1. 354a9. — ȣ̓κ ἀδη-	1551b6. ἐν πολλῷ πλήθει ἄδηλον μβ1. 354a9. — ȣ̓κ ἄδη-
mark	page-020-R	_b12d2219-2d3a-4388-b856-4b048ddd1c89	28	2	Ἅ→Ἄ ∅→ 	ᾅδης. τῷ κακῷ δαίμονι ὄνομα εἶναι Ἅιδης ϗ̀ Ἀρειμάνιος f8.	ᾅδης. τῷ κακῷ δαίμονι ὄνομα εἶναι Ἄιδης ϗ̀ Ἀρειμάνιος f 8.
mark	page-020-R	_db9e322b-6af4-4e8f-bb37-2877b89a8453	35	1	∅→͂	διαιρετόν ψγ2. 427a5. syn ἁπλȣν Μδ3. 1014b5. syn ἀμε-	διαιρετόν ψγ2. 427a5. syn ἁπλȣ͂ν Μδ3. 1014b5. syn ἀμε-
mark	page-021-L	_8b492f85-b479-44ee-bb5f-25cad3ee731d	5	1	∅→̀	Ζιβ10. 503a4. ἐλέφας τὰ περὶ τȣς δακτύλȣς ἀδιαρθρωτό-	Ζιβ10. 503a4. ἐλέφας τὰ περὶ τȣ̀ς δακτύλȣς ἀδιαρθρωτό-
mark	page-021-R	_153857dd-b546-4954-b297-ca06386d0e0f	22	1	ὑ→ὐ	ἀδικία ȣ̓κ ἔστι πρὸς αὑτόν, πρὸς τὰ αὑτȣ ἁπλῶς Ηε10. 1134	ἀδικία ȣ̓κ ἔστι πρὸς αὑτόν, πρὸς τὰ αὐτȣ ἁπλῶς Ηε10. 1134
mark	page-021-R	_3f3a2b3f-63bf-4d96-bbda-2d790dcff72e	41	1	∅→͂	χειν ἢ μή, ἄνευ τȣ καθόλȣ ἢ κατὰ μέρος, dist καθόλȣ, ἐν	χειν ἢ μή, ἄνευ τȣ͂ καθόλȣ ἢ κατὰ μέρος, dist καθόλȣ, ἐν
mark	page-021-R	_b671e40f-d3d8-4d67-994c-0420182e06d2	44	1	∅→͂	28b28. 7. 29a28. δεικτέον ἐκ τȣ ἀδιορίστȣ Αα5. 27b20	28b28. 7. 29a28. δεικτέον ἐκ τȣ͂ ἀδιορίστȣ Αα5. 27b20
mark	page-022-L	_b46eaee1-7ae3-4a4c-ad29-ef0e70ad12db	31	1	ϊ→ι	Κάϊκον Μυσίας κέκληται ἀπὸ Ἀδραμύτȣ κτιστȣ͂ f 507. 1561	Κάικον Μυσίας κέκληται ἀπὸ Ἀδραμύτȣ κτιστȣ͂ f 507. 1561
mark	page-022-L	_6c2feab2-2b71-4419-baad-9263127c3df7	42	1	ἀ→ἁ	ἀδρότερον τὸ ᾠόν Ζιζ2. 559b11. ἄλφιτα ἀδρά πκα26. 929	ἀδρότερον τὸ ᾠόν Ζιζ2. 559b11. ἄλφιτα ἁδρά πκα26. 929
mark	page-023-L	_9f929047-eadf-4ffe-991e-5547a882c921	31	1	ι→ί	φησὶ (Plato) τὸν ȣ̓ρανὸν γενέσθαι μέν, ȣ̓ μὴν ἀλλ' ἔσεσθαι	φησὶ (Plato) τὸν ȣ̓ρανὸν γενέσθαι μέν, ȣ̓ μὴν ἀλλ' ἔσεσθαί
mark	page-023-L	_45977250-1cda-4da7-8281-244bcdd63cdb	32	1	∅→͂	γε τὸν ἀεὶ χρόνον Οα10. 280a31. τȣ ἀεὶ ϗ̀ ἀπείρȣ ȣ̓κ εἶναι	γε τὸν ἀεὶ χρόνον Οα10. 280a31. τȣ͂ ἀεὶ ϗ̀ ἀπείρȣ ȣ̓κ εἶναι
mark	page-023-L	_3c7dfccc-377e-4e9c-91ea-dcd9794569e5	38	2	∅→͂ ∅→͂	Γβ11. 337b35. Με2. 1026b27. ἵνα τȣ ἀεὶ ϗ̀ τȣ θείȣ με-	Γβ11. 337b35. Με2. 1026b27. ἵνα τȣ͂ ἀεὶ ϗ̀ τȣ͂ θείȣ με-
mark	page-023-R	_c91fc66a-0394-4df9-87f2-083a0bd04da8	18	1	∅→́	ἀερώδης. ὑπὸ τῆς τȣ͂ πλεύμονος κινήσεως ȣ̓σης ἀερώδȣς ϗ̀	ἀερώδης. ὑπὸ τῆς τȣ͂ πλεύμονος κινήσεως ȣ̓́σης ἀερώδȣς ϗ̀
mark	page-023-R	_f6785efd-1bb5-4216-a96d-8ec8f98aaaa6	26	1	́→∅	κνόπτερος (ὀρειπέλαργος, ὑπάετος), ἁλιάετος, οἱ καλȣ́μενοι γνή-	κνόπτερος (ὀρειπέλαργος, ὑπάετος), ἁλιάετος, οἱ καλȣμενοι γνή-
mark	page-023-R	_ef75e99d-be77-493b-afa2-e8f62435a161	37	1	́→∅	Ζιζ6. 563a17, 27. πῶς τρέφει τȣ̀ς νεοττȣ́ς Ζιζ6. 563a17,	Ζιζ6. 563a17, 27. πῶς τρέφει τȣ̀ς νεοττȣς Ζιζ6. 563a17,
mark	page-024-L	_96cb42b6-1556-4ebe-86da-91edd3449bfe	9	1	η→ῃ	331a5. τὸ μὲν ὕδωρ ὕλη ἀέρος, ὁ δ' ἀὴρ οἷον ἐνέργειά τις	331a5. τὸ μὲν ὕδωρ ὕλῃ ἀέρος, ὁ δ' ἀὴρ οἷον ἐνέργειά τις
mark	page-024-L	_d068f219-0b56-4ec1-b8d5-2280c389895a	34	1	ἡ→ἢ	χρᾶς ϗ̀ πολλῆς ἀτμίδος μβ8. 367a34. πᾶσα ἡ γεώδης ἀτμὶς	χρᾶς ϗ̀ πολλῆς ἀτμίδος μβ8. 367a34. πᾶσα ἢ γεώδης ἀτμὶς
mark	page-024-L	_d2e5c448-a281-445e-abf5-e575dbbab730	59	1	́→∅	ἀίδιος Οβ3. 286a9, dist ζωὴ ἀίδιος τδ5. 126b35. βȣ́λησις	ἀίδιος Οβ3. 286a9, dist ζωὴ ἀίδιος τδ5. 126b35. βȣλησις
mark	page-024-R	_643a1ec5-bcd6-4b51-b732-b91b01aec170	5	1	ΐ→ί	ὁ ποιητικὸς νȣς ἀθάνατον ϗ̀ ἀΐδιον ψγ5. 430a23. ψυχὴ βελ-	ὁ ποιητικὸς νȣς ἀθάνατον ϗ̀ ἀίδιον ψγ5. 430a23. ψυχὴ βελ-
mark	page-024-R	_34279a5b-6059-4e8d-9a30-ee1ffe39563c	28	1	ἰ→ἱ	f 402. 1545a31. ἱερὰ τῆς Ἀθηνᾶς Ἑλληνίας (Εἰλενίας coni	f 402. 1545a31. ἱερὰ τῆς Ἀθηνᾶς Ἑλληνίας (Εἱλενίας coni
mark	page-024-R	_48a53eaf-c76e-491c-a1f7-48fbca35142d	29	1	ί→ΐ	Osann) θ108. 840a28, 34, Ἀχαίας θ109. 840b2.— Ἀθη-	Osann) θ108. 840a28, 34, Ἀχαΐας θ109. 840b2.— Ἀθη-
mark	page-024-R	_b98e3150-c390-49d1-9929-47fe8dc1bba9	56	1	Ὁ→Ο	a40. 372. 1540a27. 380. 1541b3. 386. 1542b2. Ἀ. Ὁ-	a40. 372. 1540a27. 380. 1541b3. 386. 1542b2. Ἀ. Ο-
mark	page-024-R	_67354a32-4170-4e03-80c0-34a1a25aa725	58	1	∅→͂	— Ἀ. καλȣσι δήμȣς, πράττειν, οἱ Πελοποννήσιοι κώμας, δρᾶν	— Ἀ. καλȣ͂σι δήμȣς, πράττειν, οἱ Πελοποννήσιοι κώμας, δρᾶν
mark	page-025-L	_92cd2720-8626-4fdb-8fdf-7dc7c4b1fb9f	8	1	∅→͂	ἄθλαστος. περὶ τȣ ἀθλάστȣ μδ8. 385a15. 9. 386a17-26.	ἄθλαστος. περὶ τȣ͂ ἀθλάστȣ μδ8. 385a15. 9. 386a17-26.
mark	page-025-L	_b0eb4946-be5b-4fd9-aeb2-af7e50c0bdc3	14	1	∅→̀	η4. 887b22. α28. 862b21. — αὐτȣς ἀθλητὰς τῶν ἔργων	η4. 887b22. α28. 862b21. — αὐτȣ̀ς ἀθλητὰς τῶν ἔργων
mark	page-025-L	_fc293135-2754-49ef-a1ff-8fba2be2279b	29	1	∅→͂	πιστὸν ȣ̓κ ἐκ τῶν φαινομένων ἀθρȣσιν, ἀλλὰ μᾶλλον ἐκ τῶν	πιστὸν ȣ̓κ ἐκ τῶν φαινομένων ἀθρȣ͂σιν, ἀλλὰ μᾶλλον ἐκ τῶν
mark	page-025-R	_e481b53d-13d0-4cb3-b547-9444cb14bf68	34	2	∅→͂ ∅→ 	1455b34. — Αἴας ὁ Ὀιλέως, ἐπιτάφιον ἐπ᾽ αὐτȣ f596	1455b34. — Αἴας ὁ Ὀιλέως, ἐπιτάφιον ἐπ᾽ αὐτȣ͂ f 596
mark	page-025-R	_e80bc019-1cf8-4362-8f16-c0fbc18cfffe	49	1	η→ῃ	a8. αἰγιθαλῶν εἴδη τρία Ζιθ3. 592b17-21 (parus C S St K	a8. αἰγιθαλῶν εἴδῃ τρία Ζιθ3. 592b17-21 (parus C S St K
mark	page-026-L	_d0a24183-4a6e-43a1-acd9-cc2ed4d74b7c	45	1	∅→̀	292a8. μα6. 343b10, 28. ὃ τȣς ἀφισταμένȣς Α. ἀποκρί-	292a8. μα6. 343b10, 28. ὃ τȣ̀ς ἀφισταμένȣς Α. ἀποκρί-
mark	page-026-L	_faf4d7f5-df4a-4add-9c22-3507fe5fc2a7	61	2	ά→α η→ὴ	κατάπληξ ὁ πάντα αἰδȣμενος Ηβ7. 1108a34. κόρη αἰδε-	καταπλὴξ ὁ πάντα αἰδȣμενος Ηβ7. 1108a34. κόρη αἰδε-
mark	page-027-R	_deadf037-646a-4e6e-8046-722e88c91e34	27	1	ο→ὸ	αἴθρη ἀνέφελος (Hom ζ44) κ6. 400a13.	αἴθρη ἀνέφελὸς (Hom ζ44) κ6. 400a13.
mark	page-028-L	_07fc1dc2-7f4a-49c8-bdf7-7528240b37f4	4	1	ü→u	ὑδάτων ἔκρυσις χ5. 796a15, cf Prantl, Arist über d Farben	ὑδάτων ἔκρυσις χ5. 796a15, cf Prantl, Arist uber d Farben
mark	page-028-L	_5cc6dcdc-9262-40e0-b166-66d0529d0266	7	1	́→∅	cari ci J B Meyer). ἀναγκαῖον ἢ ἔχειν αἷμα ἢ τὸ τȣ́τῳ τὴν	cari ci J B Meyer). ἀναγκαῖον ἢ ἔχειν αἷμα ἢ τὸ τȣτῳ τὴν
mark	page-028-L	_12602f5c-41b4-42a5-b8f6-b92048397492	26	1	η→ῃ	λοθεν (sanguinis circuitus ignotus Aristoteli)· αὕτη γάρ ἐστιν	λοθεν (sanguinis circuitus ignotus Aristoteli)· αὕτῃ γάρ ἐστιν
mark	page-028-L	_314e16b5-f94e-4dcb-9557-872875d05e55	27	1	∅→͂	ἀρχὴ ϗ̀ πηγὴ τȣ αἵματος ἢ ὑποδοχὴ πρώτη Ζμγ4. 666a1-	ἀρχὴ ϗ̀ πηγὴ τȣ͂ αἵματος ἢ ὑποδοχὴ πρώτη Ζμγ4. 666a1-
mark	page-029-L	_2aafccc4-6347-47f5-a369-6c0d2819aeb0	7	1	ῶ→ῷ	τὸ χρῶζον ἡμῶν τὰ σώματα φυσικῶς πλη9. 967b17. ἕλκειν,	τὸ χρῷζον ἡμῶν τὰ σώματα φυσικῶς πλη9. 967b17. ἕλκειν,
mark	page-029-L	_043b4ecc-956a-4e36-bfaf-1c6d39888ad7	28	1	ὴ→ή	Ζγγ11. 762b26. εὐπεψία αἱματικὴ Ζμγ9. 672a4. ἶνες αἱ-	Ζγγ11. 762b26. εὐπεψία αἱματική Ζμγ9. 672a4. ἶνες αἱ-
mark	page-029-R	_395f7d2e-0b68-4dda-86a9-18cf1ba05b58	2	1	ΐ→ῖ	δὲ φυσικὴ Ζγα20. 728a23. νενοσηκότος αἵματος αἱμορροΐς	δὲ φυσικὴ Ζγα20. 728a23. νενοσηκότος αἵματος αἱμορροῖς
mark	page-029-R	_ef440b58-3a34-4c23-abb7-c760acee872d	5	1	́→∅	συμβαίνῃ τȣ́των, τὰ καταμήνια χείρω Ζιγ19. 521a29. cf η11.	συμβαίνῃ τȣτων, τὰ καταμήνια χείρω Ζιγ19. 521a29. cf η11.
mark	page-029-R	_0baaf287-b738-4a4d-9935-824c81e155d0	20	3	∅→͂ υ→ύ ά→α	εὐδοκιμȣν Ργ2. 1405b1. νέων ἀνδρῶν αἴνιγμα φυλάξαι (apud	εὐδοκιμȣ͂ν Ργ2. 1405b1. νέων ἀνδρῶν αἴνιγμα φύλαξαι (apud
mark	page-029-R	_8693160d-c6bd-4bac-9adb-a3db35efcfcd	34	1	ὶ→ί	codd ὄρυγγος, κρύγγος), οἷον θρὶξ Ζιι3. 610b29. ἀντὶ ὀνύχων	codd ὄρυγγος, κρύγγος), οἷον θρίξ Ζιι3. 610b29. ἀντὶ ὀνύχων
mark	page-029-R	_eb17fc92-9abd-4a6a-a136-a66fb7f20ee7	50	1	∅→͂	ποηφάγοι, πῶς τὴν νομὴν ποιȣνται Ζιθ10. 596a13. φυσιω-	ποηφάγοι, πῶς τὴν νομὴν ποιȣ͂νται Ζιθ10. 596a13. φυσιω-
mark	page-030-L	_3592047d-deef-432a-b079-14b44acd361f	9	2	ῃ→η ∅→ 	Κρήτῃ· ἐν Λιβύῃ ȣ̓κ ἔστιν αἲξ ἄγριος Ζιι6. 612a3. θ28.606a7.	Κρήτῃ· ἐν Λιβύη ȣ̓κ ἔστιν αἲξ ἄγριος Ζιι6. 612a3. θ28. 606a7.
mark	page-030-L	_beefefda-8b6e-4342-bcb1-f56636bceaf4	50	1	ὐ→ὑ	εἰ μὴ πάντα δι' ἕτερον αἱρȣ́μεθα, syn δι' αὐτὸ βȣλόμεθα	εἰ μὴ πάντα δι' ἕτερον αἱρȣ́μεθα, syn δι' αὑτὸ βȣλόμεθα
mark	page-030-R	_de9ae46f-223b-4cf5-a801-f8eda623c594	24	1	ὑ→ὐ	a35. αἱρετὸν μὲν τὸ ἁπλῶς ἀγαθόν, αὑτῷ δὲ τὸ αὑτῷ (l	a35. αἱρετὸν μὲν τὸ ἁπλῶς ἀγαθόν, αὐτῷ δὲ τὸ αὑτῷ (l
mark	page-030-R	_0927fc8f-c871-4469-9665-b9930ebad0f3	25	1	ὑ→ὐ	αὑτῷ) ἀγαθόν ηεη2. 1237a1. αἱρεταὶ καθ' αὑτὰς σοφία ϗ̀	αὐτῷ) ἀγαθόν ηεη2. 1237a1. αἱρεταὶ καθ' αὑτὰς σοφία ϗ̀
mark	page-031-L	_d96b1475-9503-4c9a-9d7a-5006bcc35656	33	1	ῷ→ῶ	ζῷα διὰ τὸν ἐγκέφαλον ζ3. 469a22. Ζγε3. 783b31. τὸ	ζῶα διὰ τὸν ἐγκέφαλον ζ3. 469a22. Ζγε3. 783b31. τὸ
mark	page-031-R	_eaee22de-e0a6-449c-b673-4f81e758c7ec	30	1	͂→∅	τȣ͂ ἐν τῇ ἐνεργείᾳ αἰσθήματος εν3. 461b22. τὰ φαντά-	τȣ ἐν τῇ ἐνεργείᾳ αἰσθήματος εν3. 461b22. τὰ φαντά-
mark	page-032-L	_1f60f901-6275-481e-9d44-f87927d6e9f3	1	1	́→∅	ἐνεργȣ́σης Ηκ4. 1174b14. ȣ̓ μόνον πάσχει αλλα ϗ̀ ἀντι-	ἐνεργȣσης Ηκ4. 1174b14. ȣ̓ μόνον πάσχει αλλα ϗ̀ ἀντι-
mark	page-032-L	_62a5fe6f-56ca-49fb-a3da-e3b484f0056e	50	1	η→ῃ	πᾶσι τοῖς ζῴοις ὑπάρχει κοινὴ ἡ ἀναγκαιοτάτη αἴσθησις, ἁφή	πᾶσι τοῖς ζῴοις ὑπάρχει κοινὴ ἡ ἀναγκαιοτάτῃ αἴσθησις, ἁφή
mark	page-033-L	_28b14934-be7d-4e7a-8f75-e5fe683c2beb	14	1	∅→͂	τῷ κινεῖσθαι τὸ μεταξὺ τῆς αἰσθήσεως ὑπὸ τȣ αἰσθητȣ γί-	τῷ κινεῖσθαι τὸ μεταξὺ τῆς αἰσθήσεως ὑπὸ τȣ͂ αἰσθητȣ γί-
mark	page-033-L	_d9c383c5-ea0e-4642-b01a-04eee0feb869	24	1	∅→͂	sensibus percipiuntur. ὁ ὁποιανȣν εὑρὼν τέχνην παρὰ τὰς	sensibus percipiuntur. ὁ ὁποιανȣ͂ν εὑρὼν τέχνην παρὰ τὰς
mark	page-033-L	_8078d4e5-b07f-4a5a-8ad8-96ac1fb56ba8	26	1	∅→͂	λȣθȣσαι αἰσθήσεις τῇ ποιητικῇ πο15. 1454b17 (Bernays	λȣθȣ͂σαι αἰσθήσεις τῇ ποιητικῇ πο15. 1454b17 (Bernays
mark	page-033-L	_7e7d5dc7-1dd9-4b2d-95c0-01c4a59bee62	33	1	ἀ→ἁ	ἀπτόμενον τȣ αἰσθητηρίȣ ποιεῖ τὴν αἴσθησιν ψβ7. 419a26,	ἁπτόμενον τȣ αἰσθητηρίȣ ποιεῖ τὴν αἴσθησιν ψβ7. 419a26,
mark	page-034-L	_0fb34111-d0c7-420a-bd6f-698632a390e8	27	1	∅→̀	νονται ϗ̀ πρὸς ποίȣς ϗ̀ πῶς ἔχοντες Ρβ6. ȣ̓δεὶς ταὐτὰ τȣς	νονται ϗ̀ πρὸς ποίȣς ϗ̀ πῶς ἔχοντες Ρβ6. ȣ̓δεὶς ταὐτὰ τȣ̀ς
mark	page-034-R	_39bbc331-9412-4ec2-992c-4103ef039ec8	6	1	η→ῃ	opp ἀνάγκη Αδ13. 97a21. coni ὑπόθεσις, πρότασις Αγ25.	opp ἀνάγκῃ Αδ13. 97a21. coni ὑπόθεσις, πρότασις Αγ25.
mark	page-034-R	_1f66d7ba-0e45-4157-9d3c-e7e9a6b5b5d5	32	1	ἔ→ἐ	ἔστι, τὸ τί ἦν εἶναι, ἡ ȣ̓σία ϗ̀ τὸ τί ἦν εἶναι, ὁ λόγος ὁ τȣ͂ τί ἦν	ἐστι, τὸ τί ἦν εἶναι, ἡ ȣ̓σία ϗ̀ τὸ τί ἦν εἶναι, ὁ λόγος ὁ τȣ͂ τί ἦν
mark	page-035-L	_53fcf14d-5313-4d9b-ab16-e7d8f971e8d5	42	1	ι→ί	αἰτιατέον τὴν τῶν ἀεὶ κινȣμένων δύναμιν μα2. 339a32.	αἰτίατέον τὴν τῶν ἀεὶ κινȣμένων δύναμιν μα2. 339a32.
mark	page-035-L	_7734a219-a234-4af3-ae91-7d68da5ace2e	44	1	∅→͂	ȣ̔ αἴτιον τὸ αἴτιον Φβ3. 195b7. Μδ2. 1014a10). αἰτιατὸν ϗ̀	ȣ̔͂ αἴτιον τὸ αἴτιον Φβ3. 195b7. Μδ2. 1014a10). αἰτιατὸν ϗ̀
mark	page-035-R	_84d90f8e-b3d4-4d0a-b63a-c09516f0d5f1	29	1	η→ῃ	a36. γένη τῶν ἀκαληφῶν ἐστὶ δύο Ζιδ6. 531b10. Ἀριστο-	a36. γένῃ τῶν ἀκαληφῶν ἐστὶ δύο Ζιδ6. 531b10. Ἀριστο-
mark	page-036-R	_fe3ae3d7-9344-4206-850d-9d937a20643c	47	1	́→∅	ἢ Φε4. 228b3. ᾧ ἡ κίνησις ὑπάρχει, τȣ́τῳ ἡ ἀκινησία ἠρε-	ἢ Φε4. 228b3. ᾧ ἡ κίνησις ὑπάρχει, τȣτῳ ἡ ἀκινησία ἠρε-
mark	page-037-R	_5811f8a7-bec4-44e0-95ca-b43a2a7cedbf	23	1	ἔ→ἕ	ἡ ἀκοὴ λόγος τις, διὰ τȣ͂το φθείρει ἔκαστον ὑπερβάλλον τὴν	ἡ ἀκοὴ λόγος τις, διὰ τȣ͂το φθείρει ἕκαστον ὑπερβάλλον τὴν
mark	page-037-R	_265d3e27-4bc0-47c2-82c2-cbff9c493727	33	1	ὐ→ὑ	αὐτήν, πρὸς δὲ νῦν ϗ̀ κατὰ συμβεβηκὸς ἡ ἀκοὴ πλεῖστον	αὑτήν, πρὸς δὲ νῦν ϗ̀ κατὰ συμβεβηκὸς ἡ ἀκοὴ πλεῖστον
mark	page-038-L	_2e3a0d83-869c-4942-91c0-6dde76b7d748	15	1	ί→ι	ὁρμῇ τῆς ἀρχῆς μβ8. 366a7. cf γ1. 370b14. οἱ νέοι οἷοί	ὁρμῇ τῆς ἀρχῆς μβ8. 366a7. cf γ1. 370b14. οἱ νέοι οἷοι
mark	page-038-L	_93b699dd-0e13-401e-94c9-d3bd32608e27	23	1	ῳ→ω	οἰόμεθα ἀκολȣθεῖν Ηζ12. 1143b8. ἡ ἐποποιία τῇ τραγῳδίᾳ	οἰόμεθα ἀκολȣθεῖν Ηζ12. 1143b8. ἡ ἐποποιία τῇ τραγωδίᾳ
mark	page-038-L	_61d04574-3a38-4c42-80d7-e52485efe4a2	28	2	ὐ→ὕ ὴ→ῃ	γένεσις ἀκολȣθεῖ ϗ̀ ταύτης ἕνεκά ἐστιν, ȣ̓χ αὐτὴ τῇ γενέσει	γένεσις ἀκολȣθεῖ ϗ̀ ταύτης ἕνεκά ἐστιν, ȣ̓χ αὕτῃ τῇ γενέσει
mark	page-038-L	_6219bb39-b931-4c04-ab1d-d4f16db3bed7	31	1	∅→͂	777b35. ἐκ τȣ͂ ἀκολȣθȣντος προτρέπειν ἢ ἀποτρέπειν Ρβ23.	777b35. ἐκ τȣ͂ ἀκολȣθȣ͂ντος προτρέπειν ἢ ἀποτρέπειν Ρβ23.
mark	page-038-L	_e581cee8-09e9-4459-9c65-0f0fada15efe	37	1	∅→͂	τῷ ζῴῳ γίνεσθαι τȣτο τὸ μόριον Ζγδ1. 764a28. ἀκολȣθεῖν	τῷ ζῴῳ γίνεσθαι τȣ͂το τὸ μόριον Ζγδ1. 764a28. ἀκολȣθεῖν
mark	page-038-L	_775f6869-8f04-420a-83b3-a6e3eb8a8aa2	46	1	́→∅	τȣ́τοις (τῷ φαύλῳ ϗ̀ τῷ σπȣδαίῳ) ἀκολȣθεῖ μόνοις· κακία	τȣτοις (τῷ φαύλῳ ϗ̀ τῷ σπȣδαίῳ) ἀκολȣθεῖ μόνοις· κακία
mark	page-038-L	_f097f4d1-de21-49a1-a66e-34bd784636c1	52	1	́→∅	νομένοις, dist προιȣ́σης τῆς ἡλικίας γίνεσθαι Ζγε1. 778a27.	νομένοις, dist προιȣσης τῆς ἡλικίας γίνεσθαι Ζγε1. 778a27.
mark	page-038-L	_54388aa2-ce0f-4b4b-a728-b2340f157e11	57	1	∅→͂	a29. τὰ ἀκολȣθȣντα (sc ταῖς αἰσθήσεσι) ϗ̀ κοινά, οἷον κίνησις	a29. τὰ ἀκολȣθȣ͂ντα (sc ταῖς αἰσθήσεσι) ϗ̀ κοινά, οἷον κίνησις
mark	page-038-R	_7d9da549-ead8-480f-8e72-2fa01e948c78	14	1	ἐ→ἑ	ἀκολȣθήσεις ε13. 22a14. ἡ τῶν ἐπομένων ἀκολȣθησις τι28.	ἀκολȣθήσεις ε13. 22a14. ἡ τῶν ἑπομένων ἀκολȣθησις τι28.
mark	page-039-L	_d0094fba-b9c0-4ef4-8730-63c9e2949251	1	1	́→∅	μᾶλλον ἑνὸς ἀκȣ́οντες συνίεμεν ἢ πολλῶν ἅμα ταὐτὰ λε-	μᾶλλον ἑνὸς ἀκȣοντες συνίεμεν ἢ πολλῶν ἅμα ταὐτὰ λε-
mark	page-039-L	_76ec9179-bfc0-4ec2-8ee8-ef2e438fd9d6	4	1	́→∅	μὲν ὡς τὸ αὐτὸ ἀκȣ́ει ὁ πρῶτος ϗ̀ ὁ ὕστερος, ἔστι δ' ὡς	μὲν ὡς τὸ αὐτὸ ἀκȣει ὁ πρῶτος ϗ̀ ὁ ὕστερος, ἔστι δ' ὡς
mark	page-039-L	_a77e343f-aed4-4ebe-83a4-c6b98b9742b9	11	2	́→∅ ́→∅	ἀκȣ́ων Αγ24. 85b22. — ἀκȣ́ειν i q λέγεσθαι. Ἀγαμέμνων	ἀκȣων Αγ24. 85b22. — ἀκȣειν i q λέγεσθαι. Ἀγαμέμνων
mark	page-039-L	_fc4165ea-06bb-446a-84e7-199f4f9215fc	12	1	́→∅	κακῶς ἀκȣ́ων ἠνείχετο Ππ14. 1285a11. ἀρχὴν ταύτην ἄξιον	κακῶς ἀκȣων ἠνείχετο Ππ14. 1285a11. ἀρχὴν ταύτην ἄξιον
mark	page-039-L	_beccbe55-f7fd-446a-8f42-c2dc3c8093bd	21	1	́→∅	1109b35. τὰ βίᾳ ϗ̀ ἀπάτῃ ἀκȣσια Ρα15. 1377b5. ἀκȣ́-	1109b35. τὰ βίᾳ ϗ̀ ἀπάτῃ ἀκȣσια Ρα15. 1377b5. ἀκȣ-
mark	page-039-L	_5024e1d1-2f49-49fe-8381-d3fd3583278b	30	1	́→∅	ἀκȣ́σματα ϗ̀ ὁράματα ἀνελευθερίας Πη17. 1336b2.	ἀκȣσματα ϗ̀ ὁράματα ἀνελευθερίας Πη17. 1336b2.
mark	page-039-R	_d952add2-efac-4573-83a7-f774a37f0ff2	19	1	∅→͂	κατὰ μέρος sive κατὰ πρόσθεσιν, veluti θυμȣ, τιμῆς, κέρ-	κατὰ μέρος sive κατὰ πρόσθεσιν, veluti θυμȣ͂, τιμῆς, κέρ-
mark	page-039-R	_f6075459-4cad-40d5-8152-b65a40f767ad	47	1	ι→ί	ρωθεν ἀκρίβεια τῶν αἰσθήσεων, ἡ περὶ τὰς διαφορὰς ἀκρι-	ρωθεν ἀκρίβεια τῶν αἰσθήσεων, ἡ περὶ τὰς διαφορὰς ἀκρί-
mark	page-039-R	_300d83e8-c949-4173-a313-dd7eaf3504e1	54	1	α→ᾳ	αν16. 478b1. εἰς ἀκρίβειαν Πη11. 1331a2. τῇ ἀκριβεία	αν16. 478b1. εἰς ἀκρίβειαν Πη11. 1331a2. τῇ ἀκριβείᾳ
mark	page-040-L	_5a5d7f71-6937-4a43-bd06-50293a12d438	7	1	∅→͂	ἀμαυρῶς Οα9. 279a29. νῦν μὲν ἱκανῶς πρὸς τὴν παρȣσαν	ἀμαυρῶς Οα9. 279a29. νῦν μὲν ἱκανῶς πρὸς τὴν παρȣ͂σαν
mark	page-040-L	_2e16c08b-d36f-4b17-99be-2952fbdfb298	14	1	∅→͂	— τὸ τȣ ἀριθμȣ μέτρον ἀκριβέστατον Μα1. 1053a1. κι-	— τὸ τȣ ἀριθμȣ͂ μέτρον ἀκριβέστατον Μα1. 1053a1. κι-
mark	page-040-L	_252c9bc6-728f-4543-8c68-d0c1ce27e5b3	26	2	 →∅ ἱ→ὶ	στῆμαι Ογ7. 306a27. Ηζ7. 1141a16. Ρα1. 1355a24. αἱ ἀκρι-	στῆμαι Ογ7. 306a27. Ηζ7. 1141a16. Ρα1.1355a24. αὶ ἀκρι-
mark	page-040-L	_9ffa025c-a188-4f37-b780-64fc51acb63a	28	1	ἢ→ἡ	ἀπόδειξις ἢ μᾶλλον ἐξ ἀρχῆς Αγ24. 86a17. ἀκριβεστέρα ἐπι-	ἀπόδειξις ἡ μᾶλλον ἐξ ἀρχῆς Αγ24. 86a17. ἀκριβεστέρα ἐπι-
mark	page-040-L	_b97ad02c-fb48-4de9-972c-16919830c482	36	2	ἐ→ε ἡ→ἢ	ἐν τῇ δημηγορικῇ τὰ ἀκριβῆ περίεργα, ἡ δὲ δικανικὴ ἀκρι-	εν τῇ δημηγορικῇ τὰ ἀκριβῆ περίεργα, ἢ δὲ δικανικὴ ἀκρι-
mark	page-040-L	_596c0f58-f8bb-4622-b57b-476402478998	60	1	∅→͂	ἀκριβȣν. ἡ διάμετρος βȣλεται μὲν κατὰ τὸν διὰ παντὸς εἶναι	ἀκριβȣ͂ν. ἡ διάμετρος βȣλεται μὲν κατὰ τὸν διὰ παντὸς εἶναι
mark	page-040-R	_170d8916-708d-4358-a4f7-8a9c45b85fe3	4	1	ῃ→η	ἀκριβȣ͂ν, syn πταίειν, σφάλλεσθαι τῇ γλώττῃ πγ31. 875	ἀκριβȣ͂ν, syn πταίειν, σφάλλεσθαι τῇ γλώττη πγ31. 875
mark	page-040-R	_d4152489-1ef9-4334-9c48-f9b40b19a1ef	48	1	͂→∅	ϗ̀ τὰ τοιαῦτα b20). ἔσμα ὁ αὐχὴν τȣ͂ καρπȣ͂ τῶν ἀκρο-	ϗ̀ τὰ τοιαῦτα b20). ἔσμα ὁ αὐχὴν τȣ͂ καρπȣ τῶν ἀκρο-
mark	page-041-R	_04323516-26f1-451d-9548-32f86fef9165	12	2	∅→͂ ∅→͂	ἀκροστήθιον τὸ ἀπὸ τȣ ὀμφαλȣ πρὸς τὸ ἀκροστήθιον, τὸ	ἀκροστήθιον τὸ ἀπὸ τȣ͂ ὀμφαλȣ͂ πρὸς τὸ ἀκροστήθιον, τὸ
mark	page-041-R	_691fb0a0-433f-45d1-987d-ed69e3a020ae	14	1	∅→͂	τὰς ἀκρότητας φτβ9. 829a10. — ἡ ἀκρότης τȣ παρόντος	τὰς ἀκρότητας φτβ9. 829a10. — ἡ ἀκρότης τȣ͂ παρόντος
mark	page-041-R	_0786718d-c897-46ce-824d-a4afb6a742e4	22	1	∅→͂	630a24. ἄρκτος τῷ στόματι τὴν ἀκρωμίαν δακȣσα κατα-	630a24. ἄρκτος τῷ στόματι τὴν ἀκρωμίαν δακȣ͂σα κατα-
mark	page-041-R	_804a6120-d002-4f32-86a3-24016bdd3906	27	2	ω→ώ ή→η	extremae, ἡ κύλιξ κολοβός, ἂν τρυπηθῇ τὸ ȣ̓͂ς ἢ ἀκρωτή-	extremae, ἡ κύλιξ κολοβός, ἂν τρυπηθῇ τὸ ȣ̓͂ς ἢ ἀκρώτη-
mark	page-041-R	_b48fb2a4-7d5f-408b-8542-8373b173ba5d	41	1	∅→͂	βανομένων τῶν τȣ ἡλίȣ ἀκτίνων μβ9. 369b14. ἢ ἐπαλλάτ-	βανομένων τῶν τȣ͂ ἡλίȣ ἀκτίνων μβ9. 369b14. ἢ ἐπαλλάτ-
mark	page-042-L	_27b1bd07-9b7a-4937-a0cf-f6833a8f1d1c	5	2	ο→ό έ→ε	αἱ τῶν ἀκυροτέρων περίοδοι ἀκολȣθȣ͂σι ταῖς τῶν κυριωτέρων	αἱ τῶν ἀκυρότερων περίοδοι ἀκολȣθȣ͂σι ταῖς τῶν κυριωτέρων
mark	page-042-L	_ee64ad1b-340f-463e-88ed-04cf3f2b5f3a	37	2	∅→̀ ∅→ 	ἀλγήματα περὶ τὸν νῶτον, περὶ τȣς ὄρχεις Ζιγ3. 512b18,25.	ἀλγήματα περὶ τὸν νῶτον, περὶ τȣ̀ς ὄρχεις Ζιγ3. 512b18, 25.
mark	page-043-L	_e8f00d47-037b-45ca-84d2-1781a8c886b9	11	1	ϊ→ῖ	Ἀλεξαμενὸς ὁ Στυρεὺς ἢ Τήϊος πρῶτος ἔγραψε διαλόγȣς	Ἀλεξαμενὸς ὁ Στυρεὺς ἢ Τήῖος πρῶτος ἔγραψε διαλόγȣς
mark	page-043-L	_141ff029-c113-40b5-a08e-738a92b83881	24	1	Ἠ→Ἡ	Ἄλεξις ϗ̀ Ἐπειός, Ἠλείȣ υἱοί f 595. 1575a16.	Ἄλεξις ϗ̀ Ἐπειός, Ἡλείȣ υἱοί f 595. 1575a16.
mark	page-043-L	_92f6c2ce-ad47-42b1-b210-701378e8badf	25	1	η→ῃ	ἀλεπίδωτα τὰ σελάχη Ζμδ13. 697a7.	ἀλεπίδωτα τὰ σελάχῃ Ζμδ13. 697a7.
mark	page-043-L	_db154a1d-fe30-4aad-a4a3-b17c93a1e295	29	1	ἐ→ἑ	ἄλευρον. ἄλευρα καταπάσαντες Ζιι40. 627b19. τῶν ἐφθῶν	ἄλευρον. ἄλευρα καταπάσαντες Ζιι40. 627b19. τῶν ἑφθῶν
mark	page-043-L	_d72f331f-b121-4309-a9e9-0995a8551c56	42	1	ὄ→ὂ	τὸ ὄν et τὴν ȣ̓σίαν, modo ad cognitionem et scientiam vergit.	τὸ ὂν et τὴν ȣ̓σίαν, modo ad cognitionem et scientiam vergit.
mark	page-043-L	_3fa3411f-4bfa-4057-84d5-ec908ee1224c	49	1	ἢ→ἡ	φεῖν, ἀποφήνασθαι περὶ τῆς ἀληθείας, ἢ περὶ τῆς ἀληθείας	φεῖν, ἀποφήνασθαι περὶ τῆς ἀληθείας, ἡ περὶ τῆς ἀληθείας
mark	page-043-R	_ec02615f-d8ec-4dbe-9db9-c225457ee72c	30	1	∅→͂	δόξα τȣ ἀληθεύειν al Ηη10. 1151b20. Ρα11. 1371a10, 14.	δόξα τȣ͂ ἀληθεύειν al Ηη10. 1151b20. Ρα11. 1371a10, 14.
mark	page-043-R	_515555f6-3222-4519-a5cf-00a1255e759e	40	1	ῄ→ή	κατηγορίαι διῄρηνται Αα37. 49a6.	κατηγορίαι διήρηνται Αα37. 49a6.
mark	page-044-L	_ab7a57ff-1258-4334-8509-1825bc070366	33	1	ὐ→ὑ	ρωνος ημα33. 1193a33. ἀποδεῖξαι αὐτὸν μὲν ἀληθῆ, τὸν δὲ	ρωνος ημα33. 1193a33. ἀποδεῖξαι αὑτὸν μὲν ἀληθῆ, τὸν δὲ
mark	page-044-R	_7d34c1e5-b768-475c-9b53-c4722f883dd7	16	1	ἀ→ἁ	ἁλιεύς. οἱ ἁλιεῖς Πδ4. 1291b23. οἱ ἀλ. τὰ δελέατα ἀπο-	ἁλιεύς. οἱ ἁλιεῖς Πδ4. 1291b23. οἱ ἁλ. τὰ δελέατα ἀπο-
mark	page-044-R	_aa6f179d-ea0d-4100-9aab-3d6e9c5f2f24	26	2	ἀ→ἁ ί→ι	ἀλίζειν. ἄρτοι ἠλισμένοι, opp ἄναλοι πκα5. 927a36. ἀλίζο-	ἁλίζειν. ἄρτοι ἠλισμένοι, opp ἄναλοι πκα5. 927a36. ἀλιζο-
mark	page-044-R	_d4697317-cf40-44ab-863f-297c3c4ddce4	34	1	́→∅	μὲν ȣ̓͂ν τοιȣ́των ἅλις Ηκ1. 1172b7. περὶ μὲν τȣ́των ἅλις	μὲν ȣ̓͂ν τοιȣ́των ἅλις Ηκ1. 1172b7. περὶ μὲν τȣτων ἅλις
mark	page-044-R	_e42010b8-6e9c-46a0-bb30-c654ea5a2107	39	1	ἔ→ἕ	f 518. 1562b36. ἀλίσκεσθαι ἔρκεσιν Ζιι26. 617b24. —	f 518. 1562b36. ἀλίσκεσθαι ἕρκεσιν Ζιι26. 617b24. —
mark	page-044-R	_95fc562f-7261-4ceb-ba15-65d746ee3474	45	1	ἀ→ἁ	1444a32. οἱ ξενίας ἀλόντες f 451. 1545a13.	1444a32. οἱ ξενίας ἁλόντες f 451. 1545a13.
mark	page-045-R	_9d493f0f-6d92-4713-a7bd-b0be9a7b8633	18	1	η→ῃ	ἐν ȣ̓δεμιᾷ τέχνη ἀλλ᾽ ἐν ῥητορικῇ ϗ̀ ἐριστικῇ Ρβ24. 1402	ἐν ȣ̓δεμιᾷ τέχνῃ ἀλλ᾽ ἐν ῥητορικῇ ϗ̀ ἐριστικῇ Ρβ24. 1402
mark	page-045-R	_7f002d13-42ff-4a50-8077-1994ab2dd646	23	1	∅→͂	ἐάνπερ λέγη καλῶς, ἀλλὰ διὰ τὸ ἀδυνατεῖν ποιήσει τȣτο·	ἐάνπερ λέγη καλῶς, ἀλλὰ διὰ τὸ ἀδυνατεῖν ποιήσει τȣ͂το·
mark	page-045-R	_e45f9216-8411-403f-93dc-569a4dbf615c	58	1	ἁ→ἀ	λονται πλεῖον ἔχοντες τȣ̀ς ἁλτῆρας ἢ μὴ ἔχοντες Ζπ3. 705	λονται πλεῖον ἔχοντες τȣ̀ς ἀλτῆρας ἢ μὴ ἔχοντες Ζπ3. 705
mark	page-046-L	_0ab7be29-3bb2-48d7-8e8a-dcf7bc9fb9a8	37	3	ἅ→ᾅ ῶ→̀ ῶ→ῷ	ἀλλοιȣ͂ν. τὸ ἀλλοιȣ́μενον ἅπαν ἀλλοιȣ͂ται ὑπὸ τῶν αἰσθητῶν	ἀλλοιȣ͂ν. τὸ ἀλλοιȣ́μενον ᾅπαν ἀλλοιȣ͂ται ὑπὸ τ̀ν αἰσθητῷν
mark	page-046-L	_12016472-7c85-4d82-962b-4121f9810c2d	60	1	ὐ→ὑ	σθητȣ͂ ὄντος, μεταβάλλῃ ἐν τοῖς αὐτȣ͂ πάθεσιν, ἢ ἐναντίοις	σθητȣ͂ ὄντος, μεταβάλλῃ ἐν τοῖς αὑτȣ͂ πάθεσιν, ἢ ἐναντίοις
mark	page-046-R	_107c1700-ffca-44f0-b7fc-6853c16f95a7	10	1	η→ῃ	ἀναιρεῖσθαι ἀνάγκη τοῖς ȣ̔́τω (Emped) λέγȣσιν ΜΑ8. 989	ἀναιρεῖσθαι ἀνάγκῃ τοῖς ȣ̔́τω (Emped) λέγȣσιν ΜΑ8. 989
mark	page-046-R	_66c6a87f-ead0-4853-92e6-d4aa9810fb9d	48	1	η→ῃ	a16. — ϗ̀ ἄλλως ἄτοπον, ϗ̀ ἄλλως ἐφάνη Φβ4. 196b2.	a16. — ϗ̀ ἄλλως ἄτοπον, ϗ̀ ἄλλως ἐφάνῃ Φβ4. 196b2.
mark	page-047-R	_7bc33ec4-ec41-47b0-8ff1-8149439e7650	4	1	͂→∅	ὅμοιον Οβ6. 289a6. τȣ͂το δ᾽ ἄλογον, συμβαίνει ἄλογον sim	ὅμοιον Οβ6. 289a6. τȣτο δ᾽ ἄλογον, συμβαίνει ἄλογον sim
mark	page-047-R	_e0461434-cdd1-48fd-8431-fc41cc094745	19	1	Ἀ→Ἄ	Ἀλόπη Καρκίνȣ Ηη8. 1150b10 (Nck fr tr p 619).	Ἄλόπη Καρκίνȣ Ηη8. 1150b10 (Nck fr tr p 619).
mark	page-047-R	_ebd95ae7-9035-44bf-9217-7afa4777cba7	20	1	ἁ→ἀ	ἁλοσάχνη. ἡ τῆς ἁλκυόνος νεοττιὰ παρομοία ταῖς καλȣμέναις	ἁλοσάχνη. ἡ τῆς ἀλκυόνος νεοττιὰ παρομοία ταῖς καλȣμέναις
mark	page-047-R	_001dae43-0b18-4d67-9d5e-b7812f09cefb	58	2	ἁ→ἀ ἅ→ἄ	— sing ἅλς, ἁλός εν3. 461b16. Ζιζ27. 580b31 (v l ἅλ-	— sing ἅλς, ἀλός εν3. 461b16. Ζιζ27. 580b31 (v l ἄλ-
mark	page-048-L	_c33f41f9-9631-4a46-8c7b-39fd3a920537	18	1	ὰ→ά	a9. 19. 873b37. τὰ ἁλυκὰ τῶν γλυκέων ἧττον ψυχρὰ πκγ	a9. 19. 873b37. τὰ ἁλυκὰ τῶν γλυκέων ἧττον ψυχρά πκγ
mark	page-048-L	_9e99c5c7-cb26-4326-a550-00c8c2c63e52	28	2	ὕ→ὐ η→ὴ	1126b14. αὕτη ἡ δειλία ἄλυπος Ηγ15. 1119a29. ἄλυπος	1126b14. αὐτὴ ἡ δειλία ἄλυπος Ηγ15. 1119a29. ἄλυπος
mark	page-048-L	_f87db34b-b08b-4590-9c58-9b53577a5281	42	2	Ἅ→Ἄ Ἅ→Ἄ	Ἅλυς. Κροῖσος Ἅλυν διαβὰς Ργ5. 1407a38.	Ἄλυς. Κροῖσος Ἄλυν διαβὰς Ργ5. 1407a38.
mark	page-048-L	_8fe1fdcc-06ce-4d77-ab98-c12812a5f3aa	43	2	ἄ→ἅ ἀ→ἁ	ἄλυσις. ὅσα ὥσπερ αἱ ἀλύσεις σύγκειται τῶν σωμάτων μδ9.	ἅλυσις. ὅσα ὥσπερ αἱ ἁλύσεις σύγκειται τῶν σωμάτων μδ9.
mark	page-048-R	_dbf4be00-95e0-41ac-af31-a3011e6d34d5	28	1	́→∅	κυνοραϊστὰς πολλȣ̀ς ἐχȣ́σης Ρβ20. 1393b24 (renard C, de	κυνοραϊστὰς πολλȣ̀ς ἐχȣσης Ρβ20. 1393b24 (renard C, de
mark	page-048-R	_1b351117-cbb0-43e9-bb50-faa871f00549	54	2	ὅ→̓ ε→ὲ	a4 (ὅθεν αὐτῶν μεταξύ ἐστιν). ἅμα κατὰ χρόνον def Φδ10.	a4 (̓θὲν αὐτῶν μεταξύ ἐστιν). ἅμα κατὰ χρόνον def Φδ10.
mark	page-049-L	_02ba8f27-cacf-4e84-b748-d8b3473a515a	13	1	ῃ→η	ἀμαθία παρακολȣθεῖ τῇ ἀφροσύνῃ αρ6. 1251a2.	ἀμαθία παρακολȣθεῖ τῇ ἀφροσύνη αρ6. 1251a2.
mark	page-049-L	_659d81cd-5e0d-4736-b9b9-bdf5b589840a	20	1	ἀ→ἁ	ἀμαρτάνειν, opp κατορθȣ͂ν Ηβ6. 1107a15 al. ρ30. 1437	ἁμαρτάνειν, opp κατορθȣ͂ν Ηβ6. 1107a15 al. ρ30. 1437
mark	page-049-L	_230e20b3-489b-49a3-bb51-95b574bb467c	23	1	́→∅	cf Ργ2. 1405a27. ἁμαρτάνειν τῆς προστάξεως, τȣ́τȣ Ηη7.	cf Ργ2. 1405a27. ἁμαρτάνειν τῆς προστάξεως, τȣτȣ Ηη7.
mark	page-049-L	_58831713-a094-40c0-b82d-ef1a96fbd2b8	34	1	∅→͂	φίλοις ἐπιτρέπειν Ηθ10. 1159b7. ὁ ἑκὼν ἁμαρτάνων πȣ αἱ-	φίλοις ἐπιτρέπειν Ηθ10. 1159b7. ὁ ἑκὼν ἁμαρτάνων πȣ͂ αἱ-
mark	page-049-L	_3c816e2e-acf1-4c35-8b26-71a58fc19def	36	1	ὲ→έ	βολὴ ἁμαρτάνεται, τὸ δὲ μέσον κατορθȣ͂ται Ηβ5. 1106b25.	βολὴ ἁμαρτάνεται, τὸ δέ μέσον κατορθȣ͂ται Ηβ5. 1106b25.
mark	page-049-R	_70b3d6ce-93e1-457f-a9e9-fa782b4931ac	2	1	ὴ→ή	πο13. 1453a10. ρ5. 1427a34. — ἁμαρτία φυσικὴ ημβ6.	πο13. 1453a10. ρ5. 1427a34. — ἁμαρτία φυσική ημβ6.
mark	page-049-R	_c2124aea-3e53-444f-87ba-f78e46205383	3	1	ἀ→ἁ	1202a26. ἀμαρτίαι Ηγ10. 1115b15. Πβ8. 1269a16. ἔχειν	1202a26. ἁμαρτίαι Ηγ10. 1115b15. Πβ8. 1269a16. ἔχειν
mark	page-049-R	_1c4cebae-ed49-4696-9bfb-4c0191351af1	4	1	ἀ→ἁ	τὰς παρεκβάσεις καὶ τὰς ἀμαρτίας τὰς παρ᾽ ἀμφοτέρων	τὰς παρεκβάσεις καὶ τὰς ἁμαρτίας τὰς παρ᾽ ἀμφοτέρων
mark	page-049-R	_ea7aab9c-2cf8-4863-bc6a-088e75587d9d	5	1	ἀ→ἁ	Πε10. 1310b6. ἀμαρτίαι παιδικαί Ηγ15. 1119a34.	Πε10. 1310b6. ἁμαρτίαι παιδικαί Ηγ15. 1119a34.
mark	page-049-R	_89ed5426-1c19-420a-9758-65e39f173643	6	2	ἀ→ἁ ἀ→ἁ	ἀμαρτωλός. τῶν ἄκρων τὸ μέν ἐστιν ἀμαρτωλότερον Ηβ9.	ἁμαρτωλός. τῶν ἄκρων τὸ μέν ἐστιν ἁμαρτωλότερον Ηβ9.
mark	page-050-L	_6c9c6c79-aa53-4b2e-aa6d-b9e49cbaab82	21	2	ἡ→ἢ ὴ→ή	ἀδιαίρετος Μλ7. 1073a6. εἰ μεριστὴ ἡ ἀμερὴς ἡ ψυχὴ ψα1.	ἀδιαίρετος Μλ7. 1073a6. εἰ μεριστὴ ἢ ἀμερὴς ἡ ψυχή ψα1.
mark	page-050-R	_663a6049-1ef8-4e25-9aaf-9631c2fbbbf3	4	2	∅→̀ ̀→́	ἐμβάλλȣσιν εἰς τὸν Πόντον, ἀναπλέȣσιν εἰς τȣς ποταμȣ̀ς	ἐμβάλλȣσιν εἰς τὸν Πόντον, ἀναπλέȣσιν εἰς τȣ̀ς ποταμȣ́ς
mark	page-050-R	_34d81685-0154-41f8-bd75-d436e8f60509	11	1	ἀ→ἁ	ἀμιγής. ὁ νȣ͂ς ἀμιγής (Anaxag), coni ἀπλȣ͂ς, καθαρός, ἀπα-	ἀμιγής. ὁ νȣ͂ς ἀμιγής (Anaxag), coni ἁπλȣ͂ς, καθαρός, ἀπα-
mark	page-050-R	_555372ce-d062-4b93-8640-06e11c358084	43	2	́→∅ ∅→ 	Ἀμμȣ́ς i q Ζεύς f487. 1557b21.	Ἀμμȣς i q Ζεύς f 487. 1557b21.
mark	page-051-L	_0f9c7158-d254-4ce2-af55-108d7092deaa	10	1	ἐ→ε	ἀμόργης. τῆς ἐλαίας ὁ ἀμόργης χ5. 796a27.	ἀμόργης. τῆς ελαίας ὁ ἀμόργης χ5. 796a27.
mark	page-051-L	_d3deb05d-b693-47fd-93ff-7726302de40e	17	1	ὑ→ὐ	ἀμȣσία ϗ̀ μȣσική, πάθος καθ' αὑτόν Γα4. 319b27.	ἀμȣσία ϗ̀ μȣσική, πάθος καθ' αὐτόν Γα4. 319b27.
mark	page-052-L	_48df9d30-3465-4474-9b18-bdc82084418a	1	1	ᾴ→ά	ἐποίκȣς Πε3. 1303b2. 6. 1306a2. — ἡ Θρᾴκη ἡ ὑπὲρ Ἀμ-	ἐποίκȣς Πε3. 1303b2. 6. 1306a2. — ἡ Θράκη ἡ ὑπὲρ Ἀμ-
mark	page-052-L	_6061c9d5-2591-4162-82da-627be99c893e	12	1	́→∅	παράδοξα). τὰ ἀμφισβητȣ́μενα ϗ̀ διαπορȣ́μενα ηεα4. 1215	παράδοξα). τὰ ἀμφισβητȣ́μενα ϗ̀ διαπορȣμενα ηεα4. 1215
mark	page-052-L	_18e24bbf-1e1c-4530-9960-1bdbfe415989	35	1	ή→η	302a17. Πβ9. 1270b89. ἀμφισβητήσιμα ἀγαθά, opp ὁμο-	302a17. Πβ9. 1270b89. ἀμφισβητησιμα ἀγαθά, opp ὁμο-
mark	page-054-R	_692d5ef7-6bf6-4dcb-a105-95b4c81f8676	18	1	́→∅	Ζμδ9. 685a18. ȣ̔͂ ἕνεκεν ϗ̀ βέλτιον, opp τὸ τȣ́τȣ ἕνεκεν ϗ̀	Ζμδ9. 685a18. ȣ̔͂ ἕνεκεν ϗ̀ βέλτιον, opp τὸ τȣτȣ ἕνεκεν ϗ̀
mark	page-054-R	_cc9373de-eedc-4e88-a9d3-e85014a3305d	34	1	́→∅	κεφαλαιȣ́μενοι κ4. 394a8. εἰλημμένων τῶν ἀναγκαίων Αβ19.	κεφαλαιȣμενοι κ4. 394a8. εἰλημμένων τῶν ἀναγκαίων Αβ19.
mark	page-058-R	_d0723682-d87b-4286-a963-34585cfa38e5	28	1	̓→∅	a29 Wz. ἠχὼ ἀνάκλασις τῆς φωνῆς ἐπὶ τȣ̓ναντίον πια45.	a29 Wz. ἠχὼ ἀνάκλασις τῆς φωνῆς ἐπὶ τȣναντίον πια45.
mark	page-059-R	_201d85e3-22ad-46fc-b5d9-db269ce9ee4b	38	1	ῃ→η	Φδ8. 215b29, 6. ἀναλογία ἰσότης λόγων, διῃρημένη συ-	Φδ8. 215b29, 6. ἀναλογία ἰσότης λόγων, διηρημένη συ-
mark	page-062-L	_87970a37-0e1c-493a-9450-fdbf71789c2a	17	1	ὰ→ά	θεῖον· ‘ἀθάνατον γὰρ ϗ̀ ἀνώλεθρον’· ὥς φησιν ὁ Ἀναξίμαν-	θεῖον· ‘ἀθάνατον γάρ ϗ̀ ἀνώλεθρον’· ὥς φησιν ὁ Ἀναξίμαν-
mark	page-062-R	_a7037473-8f9e-4aee-87ca-57f1eb2d8f33	18	1	́→∅	α28. 44a4. ἀνάπαλιν ἡ ἀκολȣ́θησις (i e μεταλλαγέντων τῶν	α28. 44a4. ἀνάπαλιν ἡ ἀκολȣθησις (i e μεταλλαγέντων τῶν
spacing	page-015-L	_e911a272-edbc-4fc9-99d9-636791a19039	3	1	 →∅	φάσεις ποσαχῶς Μδ 22. 1022b32, διχῶς, τῷ μὴ ἔχειν, τῷ	φάσεις ποσαχῶς Μδ22. 1022b32, διχῶς, τῷ μὴ ἔχειν, τῷ
spacing	page-015-L	_acaed670-b640-46f1-bd63-9a1357dfe618	6	1	 →∅	ἀάζειν θερμόν μβ 8. 367b2. opp φυσᾶν πλδ 7. 964a11. ὁ	ἀάζειν θερμόν μβ8. 367b2. opp φυσᾶν πλδ 7. 964a11. ὁ
spacing	page-015-L	_38a27648-3648-4619-8d43-7fc825eeb428	10	1	 →∅	ἀβαρές, opp τὸ ἔχον βάρος Οα 8. 277b19. Μγ 2. 1004b14.	ἀβαρές, opp τὸ ἔχον βάρος Οα 8. 277b19. Μγ2. 1004b14.
spacing	page-015-L	_8f1c7a87-6848-43a5-a8ce-3d06cebe73ed	12	2	 →∅  →∅	Ἀβδηρίτης. Δημόκριτος ὁ Ἀ. Ογ 4. 303a4. μβ 7. 365a19.	Ἀβδηρίτης. Δημόκριτος ὁ Ἀ. Ογ4. 303a4. μβ7. 365a19.
spacing	page-015-L	_d8b9c31e-22d1-47d9-afc5-c002d964e90c	13	2	 →∅  →∅	αν 2. 470b28. Ζγβ 6. 742b20. δ 1. 764a7.	αν 2. 470b28. Ζγβ6. 742b20. δ1. 764a7.
spacing	page-015-L	_897c3401-0e49-4217-aa7d-6ab76120ede6	14	2	 →∅  →∅	ἀβέβαιος φιλία, opp βέβαιος ηεη 2. 1236b9. ἀβέβαιοι Ηι 12.	ἀβέβαιος φιλία, opp βέβαιος ηεη2. 1236b9. ἀβέβαιοι Ηι12.
spacing	page-015-L	_0a74d028-f922-4a98-9c8d-a034c3d1e84d	24	1	 →∅	ἀβλαβής. act ὅσα ἀβλαβῆ τῶν ἡδέων, χαρὰ ἀβλαβής Πθ 5.	ἀβλαβής. act ὅσα ἀβλαβῆ τῶν ἡδέων, χαρὰ ἀβλαβής Πθ5.
spacing	page-015-L	_4f016601-2cdc-4fef-b5e1-266b86f21626	30	1	 →∅	ἄβρωτος θ 144. 845a20. χυμοὶ ἄβρωτοι ϗ̀ ἄποτοι μδ 3.	ἄβρωτος θ 144. 845a20. χυμοὶ ἄβρωτοι ϗ̀ ἄποτοι μδ3.
spacing	page-015-L	_4dde6239-438a-4e3d-8655-495247b2a212	31	1	 →∅	ι 28. 618a1. Ζμδ 5. 681a5. καρποὶ κατὰ συμβεβηκὸς ἄβρω-	ι 28. 618a1. Ζμδ5. 681a5. καρποὶ κατὰ συμβεβηκὸς ἄβρω-
spacing	page-015-R	_e396b72d-61d8-417e-93a3-0a3fe5e9e980	6	2	∅→  ∅→ 	γ12.1282b15. ΜΑ3.983a32 Bz. 7.988b9. β2. 996a24.	γ12.1282b15. ΜΑ3. 983a32 Bz. 7. 988b9. β2. 996a24.
spacing	page-015-R	_1c9a5243-699e-4cd6-9cf2-c024f36722e4	13	1	∅→ 	Ζκ6.700b28. τὸ ἀληθῶς ϗ̀ πρώτως ἀγαθὸν θειότερον ἢ ὥστ'	Ζκ6. 700b28. τὸ ἀληθῶς ϗ̀ πρώτως ἀγαθὸν θειότερον ἢ ὥστ'
spacing	page-015-R	_9ab1a8e7-5a9a-4d89-8a4c-5e54e6cfe830	19	1	∅→ 	732a3, 7. cf Ηη9.1151a25. τὸ βέλτιον ἀεὶ ὑπολαμβάνο-	732a3, 7. cf Ηη9. 1151a25. τὸ βέλτιον ἀεὶ ὑπολαμβάνο-
spacing	page-015-R	_7d337532-784f-4936-9836-b25b9e326195	28	1	∅→ 	νυμον Ηα4. 1096a20, 23. ημα1. 1183a9. β7. 1205a9.	νυμον Ηα 4. 1096a20, 23. ημα1. 1183a9. β7. 1205a9.
spacing	page-015-R	_9e5838f4-0b1f-4271-bbbe-3d47ef93955a	31	1	∅→ 	Πυθαγορείȣς τὸ δεξιὸν ϗ̀ ἄνω ϗ̀ ἔμπροσθεν f195. 1513a24.	Πυθαγορείȣς τὸ δεξιὸν ϗ̀ ἄνω ϗ̀ ἔμπροσθεν f 195. 1513a24.
spacing	page-015-R	_e50d16a0-580b-464b-bac1-f4b868c41a9d	41	1	∅→ 	1097b8. Πα2.1253a1. — τὸ πρακτὸν ἀγαθὸν τέλος τῶν	1097b8. Πα2. 1253a1. — τὸ πρακτὸν ἀγαθὸν τέλος τῶν
spacing	page-015-R	_f929d853-34bf-46f4-bcf6-dc33da96ecb1	46	1	 →∅	ϗ̀ πόλει Ηα1. 1094b7. ὁ αὐτὸς βίος ἄριστος ἑκάστῳ ϗ̀ κοινῇ	ϗ̀πόλει Ηα1. 1094b7. ὁ αὐτὸς βίος ἄριστος ἑκάστῳ ϗ̀ κοινῇ
spacing	page-016-L	_5689875f-7014-4c0f-8d2a-6084ebeee56e	8	1	∅→ 	1261b9. ἐν περὶ ἕκαστον εἶδος τὸ βέλτιστον ηεδ4.1231b36.	1261b9. ἐν περὶ ἕκαστον εἶδος τὸ βέλτιστον ηεδ4. 1231b36.
spacing	page-016-L	_fe8c9b95-77e6-4e2a-8b8a-d0f74564df23	13	1	∅→ 	β3.1200a13. 6. 1202a30. Ρα5.1360b25. ρ36.1440b16.	β3.1200a13. 6. 1202a30. Ρα5. 1360b25. ρ36.1440b16.
spacing	page-016-L	_1cce678f-588e-49ef-939b-a1cd9488b2bb	24	1	∅→ 	1013a22. ν4.1091a30, 36). ημβ9. 1207b30. ηεη15.	1013a22. ν4. 1091a30, 36). ημβ9. 1207b30. ηεη15.
spacing	page-016-L	_77797914-b776-4bae-a50a-e520944a7531	46	1	∅→ 	β25.1402b34. ὁ ἀγαθὸς φίλος δι' αὐτόν, εἷς αὐτὸς αὑτῷ,	β25. 1402b34. ὁ ἀγαθὸς φίλος δι' αὐτόν, εἷς αὐτὸς αὑτῷ,
spacing	page-016-L	_7224bf77-2dae-4382-9f86-bef5127f4313	56	4	∅→  ∅→  ∅→  ∅→ 	1302a1. β6.1266a21. γ7.1279a35.11.1281a40. ἐξ ἀγα-	1302a1. β6. 1266a21. γ7. 1279a35. 11. 1281a40. ἐξ ἀγα-
spacing	page-016-L	_4b42f845-0f3d-4a22-b7a3-624375d93476	57	1	∅→ 	θῶν ἀγαθοί Πα6. 1255b2. γ13. 1283a36. Ρα9.1367b30.	θῶν ἀγαθοί Πα6. 1255b2. γ13. 1283a36. Ρα9. 1367b30.
spacing	page-016-R	_c43c7a3d-3de2-49be-949d-a1352a29bcf7	7	2	∅→  ∅→ 	a24. 25. 1461b15.—eius Ἰλίου πέρσις πο18. 1456a18, fort	a24. 25. 1461b15. — eius Ἰλίου πέρσις πο18. 1456a18, fort
spacing	page-016-R	_6125bc0c-3d08-48e0-a359-8949b20afea4	10	1	∅→ 	p 594). ἦρξε τοῦ ᾄδειν ἐμβόλιμα πο18. 1456a30. ὥσπερ	p 594). ἦρξε τοῦ ᾄδειν ἐμβόλιμα πο 18. 1456a30. ὥσπερ
spacing	page-016-R	_4b529cdb-1547-44a1-832e-3691cabf80c5	19	3	∅→  ∅→  ∅→ 	ἐπιτάφιον ἐπὶ Ἀγαμέμνονος f596.1575a29.—Ἀγαμέμνων,	ἐπιτάφιον ἐπὶ Ἀγαμέμνονος f 596. 1575a29.— Ἀγαμέμνων,
spacing	page-016-R	_c9f32288-981c-46cd-a400-c5967a3b02a6	52	1	∅→ 	ἀγαπητότατόν ἐστι ϗ̀ μᾶλλον αἱρȣ͂νται Ηι12.1171b29.—	ἀγαπητότατόν ἐστι ϗ̀ μᾶλλον αἱρȣ͂νται Ηι12.1171b29. —
spacing	page-017-R	_7aa39c6f-3099-47c2-b792-de7b1598921e	47	1	 →∅	Ἀγησίλαος. Κινάδωνος ἐπίθεσις Πε7. 1306 35.	Ἀγησίλαος. Κινάδωνος ἐπίθεσις Πε7. 130635.
spacing	page-018-L	_86767736-d086-4bce-8efc-4989cbf90245	20	1	 →∅	Ηε 10. 1135a24, 30, 32. ψα5. 410b4. ȣ̓δεὶς ὃ προαιρεῖται	Ηε10. 1135a24, 30, 32. ψα5. 410b4. ȣ̓δεὶς ὃ προαιρεῖται
spacing	page-018-R	_b7d7916c-e0de-4b3c-b153-e9ba49df1aca	26	1	 →∅	γονται) πια16. 900b15. 34. 903a27. ι37.895a1. — σπέρμα	γονται) πια16. 900b15. 34. 903a27. ι37.895a1.— σπέρμα
spacing	page-018-R	_a60fabbf-81ae-4d7b-a51c-52d877c54bca	38	1	∅→ 	748b7, ὀρεῖς, ἡμίονοι Ζγβ7. 746b14 sqq. 8.747a25 sqq,	748b7, ὀρεῖς, ἡμίονοι Ζγβ7. 746b14 sqq. 8. 747a25 sqq,
spacing	page-018-R	_85a5ac61-39af-4d9d-b1bf-489d323329eb	40	1	∅→ 	562a22. 21.539a32. ὀρνίθων ϗ̀ ἰχθύων τίνα ᾠὰ ἄγονα	562a22. 21. 539a32. ὀρνίθων ϗ̀ ἰχθύων τίνα ᾠὰ ἄγονα
spacing	page-018-R	_d4e8f8b6-8029-434b-9351-1a6b3c557187	41	1	∅→ 	Ζγγ5. 756a18. α21.730a21. Ζιζ14. 568b8. τῶν ἐντόμων	Ζγγ5. 756a18. α21. 730a21. Ζιζ14. 568b8. τῶν ἐντόμων
spacing	page-019-L	_4ff04662-9a5c-4797-89db-d3b2242d821b	8	1	∅→ 	a14. def f409. 1546a43.	a14. def f 409. 1546a43.
spacing	page-019-L	_269f799f-5777-4c13-a987-8cbe5e1b526c	13	1	∅→ 	κῶς ἀγορεύειν τινά f378. 1541a8.	κῶς ἀγορεύειν τινά f 378. 1541a8.
spacing	page-019-R	_735af475-5fde-4597-9b76-4f7e3e51cfdf	5	1	∅→ 	ἔντομα ἄγρια Ζιε31. 557a5. ι41. 627b23, 628a29,b10.—	ἔντομα ἄγρια Ζιε31. 557a5. ι41. 627b23, 628a29, b10.—
spacing	page-020-R	_fcd9b8cf-c93f-48e2-a140-f0f7472e890e	19	1	∅→ 	ἄδηλον ἡμῖν μα3. 339b13. Δῆλος, πρὶν μὲν ἄδηλος f446.	ἄδηλον ἡμῖν μα3. 339b13. Δῆλος, πρὶν μὲν ἄδηλος f 446.
spacing	page-020-R	_fca9904d-4ba9-4397-8d60-e06e2a4ad335	29	1	∅→ 	1475a38. Ἅιδȣ πύλαις ὅμοιοι οἱ κύαμοι f190. 1512a8. ὁ	1475a38. Ἅιδȣ πύλαις ὅμοιοι οἱ κύαμοι f 190. 1512a8. ὁ
spacing	page-021-R	_4c732fc9-d0b7-49b2-890a-a4c6a52d9204	32	1	∅→ 	b1. τὸ ἄνισον, τὸ παρὰ τὸ ἀνάλογον Ηε2. 1129b1.7. 1131	b1. τὸ ἄνισον, τὸ παρὰ τὸ ἀνάλογον Ηε2. 1129b1. 7. 1131
spacing	page-022-L	_168d0623-a1d0-42a6-b20c-7037b9d6f8c2	36	1	∅→ 	dum certo definitae C II 697 St K 714 AZγ216 Cr Su	dum certo definitae C II 697 St K 714 AZγ 216 Cr Su
spacing	page-023-R	_acb64cd2-064f-4087-99ee-6ffcf0a1292b	7	1	∅→ 	ἀέναος. ποταμοὶ ἀέναοι μα13. 349b9. 14. 352b5, 12. —	ἀέναος. ποταμοὶ ἀέναοι μα 13. 349b9. 14. 352b5, 12. —
spacing	page-023-R	_2c4ced9b-bc98-4f19-a912-0f15b3e33f32	35	1	∅→ 	a1. 11. 615a20. 12. 615a33, b13. 8. 613b11. f275. 1527b25.	a1. 11. 615a20. 12. 615a33, b13. 8. 613b11. f 275. 1527b25.
spacing	page-023-R	_a3348b55-59de-4d84-9330-608c87405e77	54	1	 →∅	(luscinia C S, sylvia lusc St, lusc vera Su 109 n 40 AZι I 77. n 2).	(luscinia C S, sylvia lusc St, lusc vera Su 109 n 40 AZι I77. n 2).
spacing	page-024-L	_11955a2d-6544-4ef9-b2b5-ddaf6e528857	46	1	 →∅	μα5. 342b5, 7. πκγ23. 934a19. κυανοειδὴς χ3. 794a8. —	μα5. 342b5, 7. πκγ23. 934a19. κυανοειδὴς χ3. 794a8.—
spacing	page-025-L	_f40b9d99-24ef-47a2-be47-b5892e33b107	20	1	∅→ 	ἀθλοθέτας ἕνα κατὰ φυλὴν ἑκάστην χειροτονεῖν f374.1540b6.	ἀθλοθέτας ἕνα κατὰ φυλὴν ἑκάστην χειροτονεῖν f374. 1540b6.
spacing	page-025-L	_3f103615-f529-4ae2-bd83-41b6e1978e2c	23	1	∅→ 	λαμβάνȣσιν Ργ1.1403b22, 1404a17. τοῖς δȣ́λοις ἆθλον προ-	λαμβάνȣσιν Ργ1. 1403b22, 1404a17. τοῖς δȣ́λοις ἆθλον προ-
spacing	page-025-L	_af9bbc16-dcbd-4697-b2ba-663d6ff733c8	49	1	∅→ 	b7, 5, 371b1,5. Ζια11. 492b7. τὸν ἀέρα ἀθρȣ͂ν ἀφάλλεσθαι	b7, 5, 371b1, 5. Ζια11. 492b7. τὸν ἀέρα ἀθρȣ͂ν ἀφάλλεσθαι
spacing	page-025-R	_99d26157-c465-44ec-83d2-06d04ce7b8d5	9	1	 →∅	τος κ4. 394b18. ἔκκρισις ὑγρȣ ἀθρόως (ἀέρος v l) μδ9.	τος κ4. 394b18. ἔκκρισις ὑγρȣ ἀθρόως (ἀέρος vl) μδ9.
spacing	page-025-R	_5169af5f-8469-4154-8c61-82c6379f755c	35	1	∅→ 	Αἰγαὶ αἱ κατὰ Συρίαν σ973b2. f238. 1521b21.	Αἰγαὶ αἱ κατὰ Συρίαν σ973b2. f 238. 1521b21.
spacing	page-025-R	_c4c1a857-d3df-431f-9f8a-1d418a0e6420	38	1	∅→ 	Αἰγεῖδαι, φρατρία Θηβαίων f489. 1557b40, 1558a5, 7.	Αἰγεῖδαι, φρατρία Θηβαίων f 489. 1557b40, 1558a5, 7.
spacing	page-026-L	_3c35c07a-b572-4abe-ba16-f56378674382	47	1	 →∅	ὁ Α. βασιλεύς οβ 1350b33. Αἰγύπτιον πέλαγος κ3. 393a29.	ὁ Α. βασιλεύς οβ1350b33. Αἰγύπτιον πέλαγος κ3. 393a29.
spacing	page-027-R	_3380fc3d-6f58-49a5-a2a5-9af848a1c648	4	1	∅→ 	Αἰθάλεια, νῆσος ἐν τῷ Τυρρηνικῷ πελάγει θ93. 837b26.105.	Αἰθάλεια, νῆσος ἐν τῷ Τυρρηνικῷ πελάγει θ93. 837b26. 105.
spacing	page-028-R	_8cc753e3-cf31-4a96-a6c3-a7b1f9fb1d10	8	1	 →∅	Ζμγ 5. 668a26. β6. 651b20. τῶν μορίων ἕκαστον ἐξ αἵ-	Ζμγ5. 668a26. β6. 651b20. τῶν μορίων ἕκαστον ἐξ αἵ-
spacing	page-028-R	_2a117991-8b35-4301-8807-549f542919a2	18	1	 →∅	πρὸς ἕτερον ϗ̀ τίς αὐτῶν ἡ δύναμις Ζμβ 2. 647b30 sqq.	πρὸς ἕτερον ϗ̀ τίς αὐτῶν ἡ δύναμις Ζμβ2. 647b30 sqq.
spacing	page-028-R	_f701302c-75ca-4530-a342-fbd3d752082b	38	1	∅→ 	b24, 27. 6. 515b33. Ζμβ4. 650b14 (cf KFr p272 n12). λέ-	b24, 27. 6. 515b33. Ζμβ4. 650b14 (cf KFr p272 n 12). λέ-
spacing	page-034-L	_836a6eee-6f3b-443b-859d-dc746832dedf	44	1	 →∅	Αἰσώπȣ μῦθοι μβ3. 356b11. ὁ Αἰσώπȣ Μῶμος (cf fab 155	Αἰσώπȣ μῦθοι μβ3. 356b11. ὁ Αἰσώπȣ Μῶμος (cf fab155
spacing	page-040-R	_3ff0b1a6-f471-46fa-a71e-63722c00f236	10	1	∅→ 	531b20, 532b10. ε19. 550b22, 32. Ζμδ6. 683a33. Ζγα	531b20, 532b10. ε19. 550b22, 32. Ζμδ 6. 683a33. Ζγα
spacing	page-045-R	_cf80a309-61f9-4d3a-bd4d-39ea1a48f2bc	37	1	∅→ 	nalisτζ13. 150a9. ημβ8. 1207b14. ἀλλ᾽ ȣ̓͂ν γε κ6. 397b12.	nalis τζ13. 150a9. ημβ8. 1207b14. ἀλλ᾽ ȣ̓͂ν γε κ6. 397b12.
spacing	page-047-R	_335676ca-036b-4405-b199-ede2f7dad31c	49	1	∅→ 	λείχειν ἅλα Ζιζ27. 580b31. παρέχειν ἅλας f588. 1574a1.	λείχειν ἅλα Ζιζ27. 580b31. παρέχειν ἅλας f 588. 1574a1.
spacing	page-048-L	_9f034641-b07e-45cc-9b2e-13aa26648aaa	22	1	∅→ 	ἁλυκότης f209. 1516a15. φτβ2. 823b17. 3. 824b5.	ἁλυκότης f 209. 1516a15. φτβ2. 823b17. 3. 824b5.
spacing	page-048-L	_c7d3c8fc-66e3-4e6a-8ca6-e16bfa500e5a	55	1	∅→ 	Ἀλφειȣ͂ θυγάτηρ, ἀπόγονοι f555. 1569b43. 554. 1569b36.	Ἀλφειȣ͂ θυγάτηρ, ἀπόγονοι f 555. 1569b43. 554. 1569b36.
spacing	page-048-R	_990cf6be-33c3-4150-bd3e-7eab8b05edf9	5	1	∅→ 	ϗ̀ τὰ ἄλφιτα ϗ̀ οἱ ἄρτοι f411. 1546b13.	ϗ̀ τὰ ἄλφιτα ϗ̀ οἱ ἄρτοι f 411. 1546b13.
spacing	page-048-R	_e25f0104-48be-41a9-aa88-dc9c3d57d141	25	1	∅→ 	610a12. f275. 1527b23. ὀρνίθων γένος ὃ τίκτει ἐν δέρ-	610a12. f 275. 1527b23. ὀρνίθων γένος ὃ τίκτει ἐν δέρ-
spacing	page-049-R	_ab59b2ae-dd08-4cc2-91c1-8c9967a6f898	9	1	∅→ 	Πα12. 1259b8 (Her. 2,172).	Πα12. 1259b8 (Her. 2, 172).
spacing	page-049-R	_655290a8-43ec-4288-b1d2-1a073abd569c	48	1	∅→ 	μέρος τῆς Ἀμβρακίας f437. 1550a22. — Ἀμβρακία, θυ-	μέρος τῆς Ἀμβρακίας f 437. 1550a22. — Ἀμβρακία, θυ-
spacing	page-049-R	_47497904-106c-455c-99e3-7f76b4cea15c	50	1	∅→ 	κιωτῶν πολιτεία f437.	κιωτῶν πολιτεία f 437.
spacing	page-050-L	_7bfb59b4-95c6-4d47-9479-54559bd5928e	25	1	∅→ 	ἀποδείξεως Αα35. 48a33, 37. γ2. 71b27. 3. 72b22. 17.	ἀποδείξεως Αα 35. 48a33, 37. γ2. 71b27. 3. 72b22. 17.
spacing	page-050-R	_8dc6e8f8-adb2-4837-b230-4e8321d4307f	9	1	∅→ 	St K Cr, scomber amia L, s lichia amia Cuv F304, 9, scom-	St K Cr, scomber amia L, s lichia amia Cuv F 304, 9, scom-
spacing	page-050-R	_ba7c55ed-d4c6-4077-97e6-aa828f56922d	33	1	∅→ 	θ48. 833b22. f248. 1524a6.	θ48. 833b22. f 248. 1524a6.
spacing	page-050-R	_6d5ef046-08e6-40be-87bd-f5c3d8c24ec9	47	1	∅→ 	Ἄμμων. αἱ ἐν Ἄμμωνι κρῆναι f488. 1557b23. — ὁ ἐπὶ τὴν	Ἄμμων. αἱ ἐν Ἄμμωνι κρῆναι f 488. 1557b23. — ὁ ἐπὶ τὴν
spacing	page-051-L	_172017a7-c064-405b-b17d-ef3c39e113eb	1	1	 →∅	μν 2. 453b1. — ἀμνήμονες (i e ingrati) οἱ πολλοί Ηι7.	μν2. 453b1. — ἀμνήμονες (i e ingrati) οἱ πολλοί Ηι7.
spacing	page-051-L	_e56b13f3-465d-4e0c-b33b-8070462a2851	50	1	 →∅	ψαντο, ἀμυδρῶς μέντοι ϗ̀ ȣ̓δὲν σαφῶς ΜΑ4. 985a13. cf 5	ψαντο, ἀμυδρῶς μέντοι ϗ̀ ȣ̓δὲν σαφῶς ΜΑ4. 985a13. cf5
spacing	page-052-L	_1e003aba-1357-45d9-8a58-ce21c610a684	54	1	 →∅	Ἀμφιτρύων θ58. 834b26. f 480 1556b31, 39.	Ἀμφιτρύων θ58. 834b26. f 4801556b31, 39.
spacing	page-053-L	_2de255a7-91b2-43a5-872b-93b48e2acb6c	31	1	∅→ 	εἰ habent; sine v l Αα10. 30b14. 14. 33a12.)—insolentior	εἰ habent; sine v l Αα10. 30b14. 14. 33a12.)— insolentior
spacing	page-056-L	_de6f06f5-53f9-481d-8d17-851f826a756a	4	2	 →∅  →∅	ἀνάγνωσις πιη1. 916b10. 7. 917a26 (πο26. 1462a17 v s	ἀνάγνωσις πιη1. 916b10. 7. 917a26 (πο26. 1462a17vs
spacing	page-056-R	_83ec5b13-9e3b-4129-baae-9c0890103bf8	32	1	∅→ 	378a29, b2.— ἀναθυμίασις in doctrina physiologica, ἔστιν	378a29, b2. — ἀναθυμίασις in doctrina physiologica, ἔστιν
spacing	page-058-R	_fbb1a6d4-7dd0-415f-a0f9-56cd83ce4d8e	43	1	∅→ 	νεται τῆς τροφῆς Ζγδ1. 765b32. cf τα15. 106a1. Πε6.	νεται τῆς τροφῆς Ζγδ1. 765b32. cf τα 15. 106a1. Πε6.
spacing	page-060-R	_b2eb0cf8-b97c-438f-95ba-b5fa2710b019	54	1	∅→ 	μηρυκᾶσθαι f275. 1527b20.	μηρυκᾶσθαι f 275. 1527b20.
spacing	page-062-L	_9b328482-5e4d-4854-b29e-36dc61457929	30	1	∅→ 	Ἀναξίμανδρος Οβ13.295b12. Anax resp ὥσπερ φασί τινες,	Ἀναξίμανδρος Οβ13. 295b12. Anax resp ὥσπερ φασί τινες,
